method_name,condition_name,n_seeds,n_failed,n_gross_error,failure_rate,gross_error_rate,unusable_rate,convergence_rate,displacement_rmse_mean_m,displacement_rmse_median_m,displacement_rmse_std_m,displacement_rmse_p05_m,displacement_rmse_p95_m,peak_absolute_error_mean_m,phase_rmse_mean_rad,runtime_s_mean
fitzgibbon,axis:amplitude_ratio=1.0,50,0,0,0.0,0.0,0.0,,1.8618249124730096e-11,1.846696224667168e-11,1.742909794695199e-12,1.6159292529906865e-11,2.1329906867592424e-11,5.210516365529441e-11,0.0003697279056444796,
halir_flusser,axis:amplitude_ratio=1.0,50,0,0,0.0,0.0,0.0,,1.861824912473508e-11,1.8466962246679436e-11,1.7429097947012225e-12,1.6159292529981308e-11,2.1329906867605762e-11,5.21051636553342e-11,0.00036972790564457846,
heydemann,axis:amplitude_ratio=1.0,50,0,0,0.0,0.0,0.0,,1.7501217074540837e-11,1.7547442904506985e-11,1.668149017179779e-12,1.4963012363457274e-11,2.0112810743285808e-11,4.8989459637673484e-11,0.00034754548034296917,
kasa,axis:amplitude_ratio=1.0,50,0,0,0.0,0.0,0.0,,3.085471776124339e-09,3.0852991026806932e-09,2.3592754025393756e-12,3.0815900435119174e-09,3.0892500538500277e-09,5.044251031895413e-09,0.06127241128148466,
koning_wimmer_witkovsky,axis:amplitude_ratio=1.0,50,0,0,0.0,0.0,0.0,1.0,1.8611757526969142e-11,1.8506348470790735e-11,1.732071276474789e-12,1.6208142050768118e-11,2.1323768011713567e-11,5.2111912252692575e-11,0.0003695989931549987,
raw_atan2,axis:amplitude_ratio=1.0,50,0,0,0.0,0.0,0.0,,3.2386677618167714e-09,3.2385490150714725e-09,2.3126060863675873e-12,3.235209445078708e-09,3.24284056924802e-09,6.057476626700804e-09,0.06431463241429625,
taubin,axis:amplitude_ratio=1.0,50,0,0,0.0,0.0,0.0,,3.0854718281902357e-09,3.0852991329687055e-09,2.359267846849021e-12,3.0815901805081816e-09,3.0892501261822457e-09,5.044261653159089e-09,0.06127241231542802,
fitzgibbon,axis:amplitude_ratio=1.02,50,0,0,0.0,0.0,0.0,,1.886325013968799e-11,1.853824457447076e-11,2.3094503877729145e-12,1.5323701909645006e-11,2.313524069940251e-11,5.294872676897276e-11,0.0003745932241572088,
halir_flusser,axis:amplitude_ratio=1.02,50,0,0,0.0,0.0,0.0,,1.8863250139692587e-11,1.8538244574433297e-11,2.309450387779408e-12,1.5323701909659036e-11,2.3135240699348033e-11,5.294872676894905e-11,0.0003745932241573001,
heydemann,axis:amplitude_ratio=1.02,50,0,0,0.0,0.0,0.0,,1.788750552975949e-11,1.7868012698792625e-11,1.987081018528355e-12,1.4797330199458155e-11,2.1004060443117785e-11,5.051281557869181e-11,0.0003552165357986044,
kasa,axis:amplitude_ratio=1.02,50,0,0,0.0,0.0,0.0,,3.1250526101570927e-09,3.1251506718018165e-09,2.1640249378233657e-12,3.121707697805646e-09,3.128370734503132e-09,5.124127834468216e-09,0.0620584217582246,
koning_wimmer_witkovsky,axis:amplitude_ratio=1.02,50,0,0,0.0,0.0,0.0,1.0,1.885998327372155e-11,1.8571069734023458e-11,2.3145833703256257e-12,1.5318042513721514e-11,2.3084614287915997e-11,5.29737375410102e-11,0.0003745283495546776,
raw_atan2,axis:amplitude_ratio=1.02,50,0,0,0.0,0.0,0.0,,3.2733861668800858e-09,3.273326265858998e-09,1.8865573546909854e-12,3.2701918580230175e-09,3.2765111408526036e-09,6.0271740173789844e-09,0.06500408302296416,
taubin,axis:amplitude_ratio=1.02,50,0,0,0.0,0.0,0.0,,3.125052666061471e-09,3.125150810063356e-09,2.1640286360424355e-12,3.1217077690760175e-09,3.1283708337119827e-09,5.1241521081193755e-09,0.06205842286839391,
fitzgibbon,axis:amplitude_ratio=1.05,50,0,0,0.0,0.0,0.0,,1.8324265705755967e-11,1.791672079043695e-11,2.039271755703283e-12,1.508192213508963e-11,2.221181159891796e-11,4.929596339110565e-11,0.0003638898768876758,
halir_flusser,axis:amplitude_ratio=1.05,50,0,0,0.0,0.0,0.0,,1.8324265705744515e-11,1.7916720790279324e-11,2.0392717557041307e-12,1.5081922135109115e-11,2.221181159898883e-11,4.92959633911401e-11,0.0003638898768874485,
heydemann,axis:amplitude_ratio=1.05,50,0,0,0.0,0.0,0.0,,1.7380783456952987e-11,1.6861655307074694e-11,1.9119530214036173e-12,1.4523912455688516e-11,2.0792825211643335e-11,4.6482100982965716e-11,0.0003451538661314697,
kasa,axis:amplitude_ratio=1.05,50,0,0,0.0,0.0,0.0,,3.253141386571936e-09,3.253374039041253e-09,2.401311406702905e-12,3.249181734025322e-09,3.256924925885438e-09,5.387005793218995e-09,0.06460205487448363,
koning_wimmer_witkovsky,axis:amplitude_ratio=1.05,50,0,0,0.0,0.0,0.0,1.0,1.831952804527719e-11,1.796650679478688e-11,2.025084473666102e-12,1.50768639791949e-11,2.2202317310855594e-11,4.9292044666078176e-11,0.00036379579471728816,
raw_atan2,axis:amplitude_ratio=1.05,50,0,0,0.0,0.0,0.0,,3.3919048376614015e-09,3.392005341598358e-09,2.4052568210766977e-12,3.387741362896376e-09,3.395517719680025e-09,6.135647593721359e-09,0.06735766953016903,
taubin,axis:amplitude_ratio=1.05,50,0,0,0.0,0.0,0.0,,3.253141450756384e-09,3.2533741454829337e-09,2.401308587508882e-12,3.249181795563797e-09,3.2569250247715897e-09,5.38702079925857e-09,0.06460205614908153,
fitzgibbon,axis:amplitude_ratio=1.1,50,0,0,0.0,0.0,0.0,,1.786532611621069e-11,1.7838340611746196e-11,1.673686391667252e-12,1.51010579332807e-11,2.0458431487997153e-11,4.899580405042284e-11,0.0003547760890055208,
halir_flusser,axis:amplitude_ratio=1.1,50,0,0,0.0,0.0,0.0,,1.7865326116201155e-11,1.783834061177462e-11,1.6736863916557552e-12,1.510105793331406e-11,2.045843148780025e-11,4.899580405039957e-11,0.0003547760890053313,
heydemann,axis:amplitude_ratio=1.1,50,0,0,0.0,0.0,0.0,,1.6952402437401803e-11,1.6964652502550908e-11,1.5193850632105346e-12,1.4113834116930833e-11,1.943007598649021e-11,4.636708816916647e-11,0.00033664692135296594,
kasa,axis:amplitude_ratio=1.1,50,0,0,0.0,0.0,0.0,,3.6081648460874936e-09,3.6085591633660603e-09,1.8890776580319392e-12,3.604667054504736e-09,3.6108262368386044e-09,6.125162730881009e-09,0.07165223876997104,
koning_wimmer_witkovsky,axis:amplitude_ratio=1.1,50,0,0,0.0,0.0,0.0,1.0,1.7854069380221793e-11,1.790855161445395e-11,1.6689215675099967e-12,1.5019024193310564e-11,2.0567612683688426e-11,4.8992950491283155e-11,0.00035455254868259963,
raw_atan2,axis:amplitude_ratio=1.1,50,0,0,0.0,0.0,0.0,,3.72819937265601e-09,3.72858678568535e-09,1.7573122176262137e-12,3.7248738154169027e-09,3.730606424218744e-09,6.66638001886765e-09,0.07403592768807962,
taubin,axis:amplitude_ratio=1.1,50,0,0,0.0,0.0,0.0,,3.608164961151629e-09,3.6085593741210644e-09,1.8891019016455623e-12,3.6046671142294463e-09,3.6108262799901934e-09,6.125190672726498e-09,0.07165224105495613,
fitzgibbon,axis:amplitude_ratio=1.15,50,0,0,0.0,0.0,0.0,,6.717278254728512e-11,6.709926691289408e-11,2.7338646163318735e-12,6.277111120626873e-11,7.161043242854841e-11,1.352188771886334e-10,0.001333941341161413,
halir_flusser,axis:amplitude_ratio=1.15,50,0,0,0.0,0.0,0.0,,6.717278254729359e-11,6.709926691291501e-11,2.7338646163245456e-12,6.277111120633259e-11,7.161043242850576e-11,1.3521887718862266e-10,0.0013339413411615816,
heydemann,axis:amplitude_ratio=1.15,50,0,0,0.0,0.0,0.0,,3.9250739895517435e-11,3.919503270741888e-11,1.6234173347946352e-12,3.702739177681115e-11,4.227736222288028e-11,9.583387832530406e-11,0.0007794553483168229,
kasa,axis:amplitude_ratio=1.15,50,0,0,0.0,0.0,0.0,,4.076177145268978e-09,4.0758912102492646e-09,2.377361798753099e-12,4.072628829854362e-09,4.0799695001625015e-09,7.06855983587353e-09,0.08094619579208367,
koning_wimmer_witkovsky,axis:amplitude_ratio=1.15,50,0,0,0.0,0.0,0.0,1.0,7.225795404871802e-11,7.205104169463438e-11,2.6681905506086495e-12,6.78280860092639e-11,7.655634713023763e-11,1.4495710272942183e-10,0.0014349245107641048,
raw_atan2,axis:amplitude_ratio=1.15,50,0,0,0.0,0.0,0.0,,4.177586553293101e-09,4.177522020918952e-09,2.308895935753908e-12,4.173987665409619e-09,4.181584259736788e-09,7.412226250645014e-09,0.0829600203891347,
taubin,axis:amplitude_ratio=1.15,50,0,0,0.0,0.0,0.0,,4.076199529402248e-09,4.075913006779613e-09,2.3775698842824725e-12,4.072653697856023e-09,4.0799904172019366e-09,7.071038416022336e-09,0.08094664030427479,
fitzgibbon,axis:amplitude_ratio=1.2,50,0,0,0.0,0.0,0.0,,3.888587527638133e-10,3.8901712743532336e-10,2.1995536253024306e-12,3.851412056418194e-10,3.919380887810155e-10,7.477190626054922e-10,0.007722097351244536,
halir_flusser,axis:amplitude_ratio=1.2,50,0,0,0.0,0.0,0.0,,3.888587527639036e-10,3.8901712743540773e-10,2.1995536253041823e-12,3.8514120564186043e-10,3.9193808878117234e-10,7.47719062606003e-10,0.007722097351246331,
heydemann,axis:amplitude_ratio=1.2,50,0,0,0.0,0.0,0.0,,2.2028946427023654e-10,2.2043278513515307e-10,1.296016422702527e-12,2.1814853670303158e-10,2.2236951054983098e-10,4.346071945271989e-10,0.0043745876271466914,
kasa,axis:amplitude_ratio=1.2,50,0,0,0.0,0.0,0.0,,4.607947678953552e-09,4.608118555034166e-09,1.7491111325590927e-12,4.604556219728166e-09,4.610132878138295e-09,8.369441707994215e-09,0.0915062868288661,
koning_wimmer_witkovsky,axis:amplitude_ratio=1.2,50,0,0,0.0,0.0,0.0,1.0,4.3529360480269363e-10,4.353434954930292e-10,2.110508828601488e-12,4.318574294172655e-10,4.3851095798095625e-10,8.459471030291218e-10,0.008644217389397984,
raw_atan2,axis:amplitude_ratio=1.2,50,0,0,0.0,0.0,0.0,,4.683300641348886e-09,4.683627687763723e-09,1.74276880970469e-12,4.679734750625495e-09,4.685705498539484e-09,8.254908136320654e-09,0.0930026731315678,
taubin,axis:amplitude_ratio=1.2,50,0,0,0.0,0.0,0.0,,4.6091916930979975e-09,4.609358153730627e-09,1.7459178351517684e-12,4.605813680928033e-09,4.611348579469669e-09,8.394064684444966e-09,0.09153099091039044,
fitzgibbon,axis:amplitude_ratio=1.25,50,0,0,0.0,0.0,0.0,,7.819853205266385e-10,7.821868647327908e-10,2.561557862290651e-12,7.778716804153369e-10,7.858785150360655e-10,1.5167204006919947e-09,0.01552894651189347,
halir_flusser,axis:amplitude_ratio=1.25,50,0,0,0.0,0.0,0.0,,7.819853205266284e-10,7.821868647327836e-10,2.5615578622845516e-12,7.778716804153463e-10,7.85878515036013e-10,1.5167204006919678e-09,0.015528946511893271,
heydemann,axis:amplitude_ratio=1.25,50,0,0,0.0,0.0,0.0,,4.57361131017875e-10,4.573565309663179e-10,1.553800608401766e-12,4.5476666533694567e-10,4.59690266435471e-10,8.340030399948376e-10,0.009082442283459384,
kasa,axis:amplitude_ratio=1.25,50,0,0,0.0,0.0,0.0,,5.178040163490428e-09,5.1783912290830275e-09,2.310342335550668e-12,5.174453843636517e-09,5.181111050797859e-09,9.743347692332494e-09,0.10282738898618471,
koning_wimmer_witkovsky,axis:amplitude_ratio=1.25,50,0,0,0.0,0.0,0.0,1.0,8.921636364694921e-10,8.921694266196842e-10,2.346212749115118e-12,8.885535712772419e-10,8.958095151931633e-10,1.7556758855923677e-09,0.01771690724483256,
raw_atan2,axis:amplitude_ratio=1.25,50,0,0,0.0,0.0,0.0,,5.2111110397852915e-09,5.211212451755071e-09,2.2662478806067804e-12,5.207438130222892e-09,5.213598650684014e-09,9.159550725167858e-09,0.10348412237440036,
taubin,axis:amplitude_ratio=1.25,50,0,0,0.0,0.0,0.0,,5.174071957631584e-09,5.174433589689457e-09,2.312941379290807e-12,5.170469244061671e-09,5.177123826392156e-09,9.699677366352055e-09,0.10274858692313746,
fitzgibbon,axis:amplitude_ratio=1.3,50,0,0,0.0,0.0,0.0,,1.1887430993225278e-09,1.1892244752559453e-09,2.433375537224044e-12,1.1850361564625426e-09,1.1920029995348508e-09,2.3270438895586946e-09,0.023606489177226395,
halir_flusser,axis:amplitude_ratio=1.3,50,0,0,0.0,0.0,0.0,,1.1887430993225405e-09,1.189224475255868e-09,2.433375537220159e-12,1.1850361564625347e-09,1.1920029995348287e-09,2.327043889558736e-09,0.023606489177226644,
heydemann,axis:amplitude_ratio=1.3,50,0,0,0.0,0.0,0.0,,7.144246704965378e-10,7.14606920170365e-10,1.2585675824111134e-12,7.123705664422126e-10,7.164366143097885e-10,1.3173983171259814e-09,0.01418730275837694,
kasa,axis:amplitude_ratio=1.3,50,0,0,0.0,0.0,0.0,,5.767643496620198e-09,5.767951114589083e-09,2.2075503451811196e-12,5.76366362755931e-09,5.771145938964556e-09,1.1124728669991636e-08,0.11453594461129558,
koning_wimmer_witkovsky,axis:amplitude_ratio=1.3,50,0,0,0.0,0.0,0.0,1.0,1.3738459894751188e-09,1.3742558694648553e-09,2.3395985318317297e-12,1.3703823884328814e-09,1.3773768013806055e-09,2.729860177486775e-09,0.027282329125782778,
raw_atan2,axis:amplitude_ratio=1.3,50,0,0,0.0,0.0,0.0,,5.7420309093735075e-09,5.742176254684802e-09,2.0951849548874572e-12,5.738447259547558e-09,5.74499666785301e-09,1.005733194039412e-08,0.11402732061677197,
taubin,axis:amplitude_ratio=1.3,50,0,0,0.0,0.0,0.0,,5.760117201438813e-09,5.760373522062138e-09,2.2023739533447794e-12,5.756144279532447e-09,5.7636483634162276e-09,1.1066610164660674e-08,0.11438648472728427,
fitzgibbon,axis:amplitude_ratio=1.4,50,0,0,0.0,0.0,0.0,,1.98857865270211e-09,1.9885475653813223e-09,2.177478558741661e-12,1.985370836234424e-09,1.9923089484398156e-09,3.9617387959497445e-09,0.03948991205066016,
halir_flusser,axis:amplitude_ratio=1.4,50,0,0,0.0,0.0,0.0,,1.988578652702111e-09,1.9885475653813207e-09,2.1774785587531753e-12,1.9853708362344337e-09,1.9923089484398693e-09,3.961738795949763e-09,0.039489912050660186,
heydemann,axis:amplitude_ratio=1.4,50,0,0,0.0,0.0,0.0,,1.24146376500646e-09,1.2412268689876852e-09,1.3687100138789615e-12,1.239564363388107e-09,1.2440143748491935e-09,2.3603048368186554e-09,0.024653435169672694,
kasa,axis:amplitude_ratio=1.4,50,0,0,0.0,0.0,0.0,,6.956290700749658e-09,6.956120800292399e-09,2.389992446690603e-12,6.952766468652941e-09,6.9600578316922516e-09,1.386770359405004e-08,0.13814052946719418,
koning_wimmer_witkovsky,axis:amplitude_ratio=1.4,50,0,0,0.0,0.0,0.0,1.0,2.3239270645918777e-09,2.323931460667921e-09,2.1464872971555603e-12,2.320773638033739e-09,2.32804454077519e-09,4.69873945104577e-09,0.04614938175474295,
raw_atan2,axis:amplitude_ratio=1.4,50,0,0,0.0,0.0,0.0,,6.7731597253458125e-09,6.773037380955087e-09,2.230603495074794e-12,6.769838217907383e-09,6.776891145677552e-09,1.1794432790585436e-08,0.13450384851287397,
taubin,axis:amplitude_ratio=1.4,50,0,0,0.0,0.0,0.0,,6.940339889333013e-09,6.940208080649916e-09,2.3791547311132253e-12,6.936808707013786e-09,6.944117358316321e-09,1.3785160703101488e-08,0.13782377250154734,
fitzgibbon,axis:amplitude_ratio=1.5,50,0,0,0.0,0.0,0.0,,2.7348447218098517e-09,2.734975927679692e-09,2.232623370799575e-12,2.7321470879966335e-09,2.738783573755481e-09,5.556373630134581e-09,0.05430953278600919,
halir_flusser,axis:amplitude_ratio=1.5,50,0,0,0.0,0.0,0.0,,2.734844721809844e-09,2.734975927679729e-09,2.232623370789543e-12,2.73214708799657e-09,2.738783573755492e-09,5.5563736301345514e-09,0.05430953278600901,
heydemann,axis:amplitude_ratio=1.5,50,0,0,0.0,0.0,0.0,,1.7488871300125785e-09,1.7488521160341425e-09,1.5703846585565977e-12,1.7464802906421554e-09,1.7514933191911094e-09,3.43787527734447e-09,0.034730031350222845,
kasa,axis:amplitude_ratio=1.5,50,0,0,0.0,0.0,0.0,,8.118201346263934e-09,8.118361141024434e-09,2.107869315603863e-12,8.114771787633028e-09,8.120966518915503e-09,1.649132521770954e-08,0.16121417009978217,
koning_wimmer_witkovsky,axis:amplitude_ratio=1.5,50,0,0,0.0,0.0,0.0,1.0,3.208584243516033e-09,3.2086819117218887e-09,1.9917348150817292e-12,3.2056359954239054e-09,3.2115609168775603e-09,6.564431134965771e-09,0.06371722305849514,
raw_atan2,axis:amplitude_ratio=1.5,50,0,0,0.0,0.0,0.0,,7.737302530440642e-09,7.737383724271807e-09,1.8102532432875864e-12,7.734232907123398e-09,7.73981578060654e-09,1.3480592597384037e-08,0.1536501440469914,
taubin,axis:amplitude_ratio=1.5,50,0,0,0.0,0.0,0.0,,8.093402604008017e-09,8.09351337660083e-09,2.0869465777957006e-12,8.089988075755648e-09,8.096097382663551e-09,1.6390797492797842e-08,0.16072170773259217,
fitzgibbon,axis:arc_fraction=0.02,50,0,50,0.0,1.0,1.0,,7.603741204039747e-08,7.493452887328733e-08,4.9675624674129275e-09,6.890858726250279e-08,8.500348560057517e-08,1.5243881583308885e-07,1.509978350594771,
halir_flusser,axis:arc_fraction=0.02,50,27,0,0.54,0.0,0.54,,7.321550644875722e-09,6.963007556879847e-09,3.5004233259051387e-09,3.803450029387492e-09,1.5329955990156678e-08,1.4229289709404302e-08,0.14539399316578497,
heydemann,axis:arc_fraction=0.02,50,50,0,1.0,0.0,1.0,,,,,,,,,
kasa,axis:arc_fraction=0.02,50,0,0,0.0,0.0,0.0,,9.460591193743962e-10,9.46457096448414e-10,1.814011714275155e-10,6.34673077923468e-10,1.2474392374981289e-09,1.797436472027801e-09,0.01878718318134154,
koning_wimmer_witkovsky,axis:arc_fraction=0.02,50,44,6,0.88,0.12,1.0,0.12,7.761291745046051e-08,8.019430858560559e-08,1.5565723216847217e-08,5.6571776924853735e-08,9.823718250364991e-08,1.236104609565764e-07,1.5412653052214778,
raw_atan2,axis:arc_fraction=0.02,50,0,0,0.0,0.0,0.0,,6.514202347710915e-09,6.514352929101822e-09,2.4879445609255762e-12,6.5102085523814765e-09,6.518159395970628e-09,6.639923765330982e-09,0.12936137951685203,
taubin,axis:arc_fraction=0.02,50,0,0,0.0,0.0,0.0,,3.242711435502269e-10,3.2082862155152807e-10,1.1249407097080392e-10,1.5632109184537246e-10,5.016790932437578e-10,5.675118650812469e-10,0.006439493314466207,
fitzgibbon,axis:arc_fraction=0.05,50,0,50,0.0,1.0,1.0,,4.8678995681940347e-08,4.869520249420511e-08,1.6884023025718147e-09,4.617071467071399e-08,5.128243662537868e-08,9.247017477508015e-08,0.9666850519501458,
halir_flusser,axis:arc_fraction=0.05,50,20,30,0.4,0.6,1.0,,3.475722108659641e-08,3.1910795936355726e-08,7.157291374698323e-09,2.6161362888665356e-08,4.7083345089008405e-08,6.415761132960453e-08,0.6902214312569376,
heydemann,axis:arc_fraction=0.05,50,50,0,1.0,0.0,1.0,,,,,,,,,
kasa,axis:arc_fraction=0.05,50,0,0,0.0,0.0,0.0,,5.688316398572544e-10,5.696340888930634e-10,3.6076507476093585e-11,5.059385293609003e-10,6.284613112770255e-10,8.741031249254936e-10,0.011296063848956926,
koning_wimmer_witkovsky,axis:arc_fraction=0.05,50,50,0,1.0,0.0,1.0,0.0,,,,,,,,
raw_atan2,axis:arc_fraction=0.05,50,0,0,0.0,0.0,0.0,,6.5870465413423725e-09,6.5867445961437015e-09,2.440880821031004e-12,6.583877810682316e-09,6.590927782373963e-09,6.691704128853173e-09,0.1308079457846729,
taubin,axis:arc_fraction=0.05,50,0,0,0.0,0.0,0.0,,5.922054916235962e-10,5.890087880525674e-10,4.194846295352788e-11,5.274821098230683e-10,6.610906143446973e-10,9.862629024314897e-10,0.011760230226929338,
fitzgibbon,axis:arc_fraction=0.1,50,0,0,0.0,0.0,0.0,,1.8300676991902788e-08,1.8231051558589723e-08,1.3843533379098454e-09,1.5897030224791532e-08,2.0185061754325262e-08,3.318642572884856e-08,0.3634214437008947,
halir_flusser,axis:arc_fraction=0.1,50,0,0,0.0,0.0,0.0,,1.8299925209075694e-08,1.8201371989039756e-08,1.385886689455545e-09,1.5889896387536782e-08,2.018599405779836e-08,3.3185021148596e-08,0.3634065145263898,
heydemann,axis:arc_fraction=0.1,50,50,0,1.0,0.0,1.0,,,,,,,,,
kasa,axis:arc_fraction=0.1,50,0,0,0.0,0.0,0.0,,7.510381788931444e-10,7.523337140735928e-10,1.6635916882794907e-11,7.193116947121368e-10,7.786253643341994e-10,1.1532605361481114e-09,0.014914387012491523,
koning_wimmer_witkovsky,axis:arc_fraction=0.1,50,41,9,0.82,0.18,1.0,0.18,3.981798511142587e-08,4.075225751375367e-08,4.824031715976442e-09,3.1795963153962294e-08,4.5102742802720955e-08,7.640419041624388e-08,0.7907199083868729,
raw_atan2,axis:arc_fraction=0.1,50,0,0,0.0,0.0,0.0,,6.366476398467995e-09,6.36681941736383e-09,2.7203365891157727e-12,6.362125858191389e-09,6.37048527855446e-09,6.685168792693239e-09,0.12642778434058063,
taubin,axis:arc_fraction=0.1,50,0,0,0.0,0.0,0.0,,7.532491534391636e-10,7.542532267165992e-10,1.685346791718414e-11,7.219236706531851e-10,7.817133080508549e-10,1.1736875237517472e-09,0.014958293342397011,
fitzgibbon,axis:arc_fraction=0.15,50,0,0,0.0,0.0,0.0,,4.14652611548413e-09,4.0738626766078e-09,1.0755580476087465e-09,2.558099596411203e-09,5.8580220921347364e-09,7.494061994605762e-09,0.08234321101342075,
halir_flusser,axis:arc_fraction=0.15,50,0,0,0.0,0.0,0.0,,4.14657669124738e-09,4.0740473102525885e-09,1.075534674017059e-09,2.558225961497713e-09,5.85795642077133e-09,7.49415405178566e-09,0.08234421536516714,
heydemann,axis:arc_fraction=0.15,50,50,0,1.0,0.0,1.0,,,,,,,,,
kasa,axis:arc_fraction=0.15,50,0,0,0.0,0.0,0.0,,7.186547778709537e-10,7.189819707095445e-10,1.5598049564195983e-11,6.938786890212085e-10,7.408129266711435e-10,1.6759610703310475e-09,0.014271305756173157,
koning_wimmer_witkovsky,axis:arc_fraction=0.15,50,1,1,0.02,0.02,0.04,0.98,1.6217681482286545e-08,1.5478164582645183e-08,3.3887364452494618e-09,1.118677661576111e-08,2.24338085124113e-08,3.023535571005913e-08,0.32205656765493457,
raw_atan2,axis:arc_fraction=0.15,50,0,0,0.0,0.0,0.0,,5.839317835875784e-09,5.839537909493362e-09,2.3929121822728335e-12,5.835711836632914e-09,5.843231334039777e-09,6.6839428063251785e-09,0.11595927948902157,
taubin,axis:arc_fraction=0.15,50,0,0,0.0,0.0,0.0,,7.108016079547842e-10,7.111120299807984e-10,1.5117254248032714e-11,6.862578696678131e-10,7.325116236314417e-10,1.6492137838034433e-09,0.01411535467579369,
fitzgibbon,axis:arc_fraction=0.25,50,0,0,0.0,0.0,0.0,,2.8532072056693693e-10,2.4202212671542216e-10,2.210257131207438e-10,4.167612042173896e-11,7.949810456526781e-10,5.487243778343397e-10,0.005666001767699336,
halir_flusser,axis:arc_fraction=0.25,50,0,0,0.0,0.0,0.0,,2.8532076290649986e-10,2.4202176970910083e-10,2.2102571418605877e-10,4.1676136157854286e-11,7.949811148580757e-10,5.487244565136006e-10,0.005666002608493647,
heydemann,axis:arc_fraction=0.25,50,50,0,1.0,0.0,1.0,,,,,,,,,
kasa,axis:arc_fraction=0.25,50,0,0,0.0,0.0,0.0,,2.278801613732298e-09,2.277051681324459e-09,1.2515634310238628e-11,2.2571626313944123e-09,2.295181497061651e-09,3.971048447450526e-09,0.04525326427743333,
koning_wimmer_witkovsky,axis:arc_fraction=0.25,50,0,0,0.0,0.0,0.0,1.0,5.031828479146659e-10,4.6048046139098447e-10,2.895957018958847e-10,7.641399504140756e-11,1.0872176372093413e-09,9.702853452174331e-10,0.00999238646283884,
raw_atan2,axis:arc_fraction=0.25,50,0,0,0.0,0.0,0.0,,4.675293617062595e-09,4.675451447644252e-09,2.2611239924397007e-12,4.671501084147215e-09,4.679302004532516e-09,6.678519139552146e-09,0.0928436667556201,
taubin,axis:arc_fraction=0.25,50,0,0,0.0,0.0,0.0,,2.2522815441266943e-09,2.2507209800376492e-09,1.2507423955667777e-11,2.2311564232536923e-09,2.2687056821413215e-09,3.925183461969946e-09,0.044726619170950055,
fitzgibbon,axis:arc_fraction=0.35,50,0,0,0.0,0.0,0.0,,7.606022403246738e-11,6.605055130422984e-11,4.667895136422618e-11,2.3917321321084935e-11,1.6176973327492154e-10,1.6273469336197985e-10,0.0015104313593602616,
halir_flusser,axis:arc_fraction=0.35,50,0,0,0.0,0.0,0.0,,7.60602236488404e-11,6.605055646959385e-11,4.6678952026630934e-11,2.3917322670383446e-11,1.6176973516510518e-10,1.6273469260181527e-10,0.001510431351742058,
heydemann,axis:arc_fraction=0.35,50,50,0,1.0,0.0,1.0,,,,,,,,,
kasa,axis:arc_fraction=0.35,50,0,0,0.0,0.0,0.0,,4.230084153962514e-09,4.2313069266934875e-09,8.975333825522332e-12,4.216305790810215e-09,4.243270648644321e-09,9.058411677395112e-09,0.08400253667607602,
koning_wimmer_witkovsky,axis:arc_fraction=0.35,50,0,0,0.0,0.0,0.0,1.0,8.19922110124443e-11,8.084735845418828e-11,5.108160242825635e-11,2.0888082058709166e-11,1.6246353439644545e-10,1.7554264306782357e-10,0.0016282308961332434,
raw_atan2,axis:arc_fraction=0.35,50,0,0,0.0,0.0,0.0,,4.076281216880218e-09,4.0767352980440296e-09,2.383608149887446e-12,4.071611175810022e-09,4.0795536031540214e-09,6.671759767008014e-09,0.08094826248367229,
taubin,axis:arc_fraction=0.35,50,0,0,0.0,0.0,0.0,,4.220509090613454e-09,4.2217220673284425e-09,8.96096265476644e-12,4.206758122435336e-09,4.233839906765633e-09,9.039947035813656e-09,0.0838123916149189,
fitzgibbon,axis:arc_fraction=0.5,50,0,0,0.0,0.0,0.0,,2.6136720767519855e-11,2.5230229459852698e-11,6.332951047514441e-12,1.7595161230827375e-11,3.8305936986603295e-11,6.446053146600966e-11,0.0005190324270048556,
halir_flusser,axis:arc_fraction=0.5,50,0,0,0.0,0.0,0.0,,2.6136720768498565e-11,2.523022945586395e-11,6.3329510474345104e-12,1.7595161231214792e-11,3.830593698530748e-11,6.446053146261274e-11,0.0005190324270242911,
heydemann,axis:arc_fraction=0.5,50,50,0,1.0,0.0,1.0,,,,,,,,,
kasa,axis:arc_fraction=0.5,50,0,0,0.0,0.0,0.0,,4.8144523569441055e-09,4.814839234586713e-09,2.869634606379208e-12,4.809455228716125e-09,4.818771084781468e-09,9.979926982024532e-09,0.09560713119869575,
koning_wimmer_witkovsky,axis:arc_fraction=0.5,50,0,0,0.0,0.0,0.0,1.0,2.6173873661104583e-11,2.5022888668438247e-11,6.40920162889781e-12,1.7583084686880756e-11,3.7879905367797497e-11,6.454085251964209e-11,0.0005197702225645609,
raw_atan2,axis:arc_fraction=0.5,50,0,0,0.0,0.0,0.0,,3.6343141286372655e-09,3.633985489201811e-09,2.116155344107169e-12,3.630812324184794e-09,3.6376009148789214e-09,6.668196212749077e-09,0.07217152065337816,
taubin,axis:arc_fraction=0.5,50,0,0,0.0,0.0,0.0,,4.753946788903514e-09,4.754251919450102e-09,2.7502998079864405e-12,4.7492373053016425e-09,4.757740396055587e-09,9.779817428690895e-09,0.09440558980768689,
fitzgibbon,axis:arc_fraction=0.75,50,0,0,0.0,0.0,0.0,,1.860428314079247e-11,1.850273613613865e-11,2.0235032109623305e-12,1.5984943033415848e-11,2.2041557373291472e-11,5.083907462658687e-11,0.0003694505640987236,
halir_flusser,axis:arc_fraction=0.75,50,0,0,0.0,0.0,0.0,,1.8604283140852043e-11,1.8502736136138946e-11,2.0235032110242955e-12,1.5984943033557118e-11,2.2041557372986462e-11,5.0839074626292574e-11,0.00036945056409990655,
heydemann,axis:arc_fraction=0.75,50,50,0,1.0,0.0,1.0,,,,,,,,,
kasa,axis:arc_fraction=0.75,50,0,0,0.0,0.0,0.0,,4.2667766148975396e-09,4.266891994449686e-09,2.9858514570146635e-12,4.262341911322059e-09,4.271195605479424e-09,8.24279671363244e-09,0.0847311887981722,
koning_wimmer_witkovsky,axis:arc_fraction=0.75,50,0,0,0.0,0.0,0.0,1.0,1.8605352186527102e-11,1.8513854327267438e-11,2.0285618685571963e-12,1.5997137746805736e-11,2.1981018136507853e-11,5.0841484014924606e-11,0.00036947179359446484,
raw_atan2,axis:arc_fraction=0.75,50,0,0,0.0,0.0,0.0,,3.915288484921793e-09,3.915248795126358e-09,2.1324550351646595e-12,3.9121857609479656e-09,3.919112322350566e-09,6.657643335094853e-09,0.0777512107516752,
taubin,axis:arc_fraction=0.75,50,0,0,0.0,0.0,0.0,,4.3864389017775976e-09,4.3865978120261314e-09,3.168404885767818e-12,4.381559829409643e-09,4.391127444459905e-09,8.613144414245765e-09,0.08710748564630201,
fitzgibbon,axis:arc_fraction=1.0,50,0,0,0.0,0.0,0.0,,1.8067636866826992e-11,1.8238583771831072e-11,1.742805010340723e-12,1.539203521558487e-11,2.0796007889932276e-11,5.10058012251471e-11,0.0003587936488530455,
halir_flusser,axis:arc_fraction=1.0,50,0,0,0.0,0.0,0.0,,1.806763686681995e-11,1.8238583771824493e-11,1.7428050103305055e-12,1.53920352155623e-11,2.079600788995256e-11,5.100580122516498e-11,0.00035879364885290553,
heydemann,axis:arc_fraction=1.0,50,0,0,0.0,0.0,0.0,,1.7189889213652162e-11,1.738641622374264e-11,1.7451726529142044e-12,1.4554674334360085e-11,1.984791020783554e-11,4.830650456432971e-11,0.0003413630194034897,
kasa,axis:arc_fraction=1.0,50,0,0,0.0,0.0,0.0,,3.607457483174131e-09,3.6069122380823604e-09,2.2686154841220617e-12,3.6041502815373175e-09,3.6115053609550814e-09,6.127328208395535e-09,0.07163819170213256,
koning_wimmer_witkovsky,axis:arc_fraction=1.0,50,0,0,0.0,0.0,0.0,1.0,1.8050387716079334e-11,1.824378678675285e-11,1.7459758443576524e-12,1.5373353922125063e-11,2.0740213820469187e-11,5.0914969302471846e-11,0.00035845110899672747,
raw_atan2,axis:arc_fraction=1.0,50,0,0,0.0,0.0,0.0,,3.727541047294917e-09,3.727219509349104e-09,2.130788073053432e-12,3.7240957462274582e-09,3.73129192960653e-09,6.657270615638322e-09,0.07402285442563916,
taubin,axis:arc_fraction=1.0,50,0,0,0.0,0.0,0.0,,3.607457580681932e-09,3.6069123789275787e-09,2.2686556441696135e-12,3.6041503388429928e-09,3.6115056144484394e-09,6.1273535357609976e-09,0.07163819363847766,
fitzgibbon,axis:dc_offset=0.0,50,0,0,0.0,0.0,0.0,,1.7855954138624812e-11,1.7691856588738432e-11,1.9698757902914067e-12,1.488698814174302e-11,2.0757347026190223e-11,4.888883415840101e-11,0.0003545899768946901,
halir_flusser,axis:dc_offset=0.0,50,0,0,0.0,0.0,0.0,,1.78559541386093e-11,1.7691856588659736e-11,1.9698757902801396e-12,1.4886988141739323e-11,2.0757347026221698e-11,4.8888834158389834e-11,0.00035458997689438216,
heydemann,axis:dc_offset=0.0,50,0,0,0.0,0.0,0.0,,1.6919907955339284e-11,1.6588296089159694e-11,1.721396288263211e-12,1.4268069496661383e-11,1.98264324005272e-11,4.65293989308613e-11,0.0003360016342092882,
kasa,axis:dc_offset=0.0,50,0,0,0.0,0.0,0.0,,3.6076830583812043e-09,3.6076297152514066e-09,1.890247094561664e-12,3.6043563485174395e-09,3.610289356569324e-09,6.124647056487996e-09,0.07164267125594657,
koning_wimmer_witkovsky,axis:dc_offset=0.0,50,0,0,0.0,0.0,0.0,1.0,1.7836685314975022e-11,1.758659756014778e-11,1.9475291074092504e-12,1.4965257437978735e-11,2.0784087697599398e-11,4.887998123618177e-11,0.0003542073296455024,
raw_atan2,axis:dc_offset=0.0,50,0,0,0.0,0.0,0.0,,3.6076815103050704e-09,3.6076294025994243e-09,1.8909874174230635e-12,3.6043544619902763e-09,3.6102892034094202e-09,6.124514282520521e-09,0.07164264051369242,
taubin,axis:dc_offset=0.0,50,0,0,0.0,0.0,0.0,,3.6076831780616484e-09,3.6076297659789025e-09,1.8902153414944323e-12,3.60435646686702e-09,3.61028938564927e-09,6.124672275672841e-09,0.071642673632604,
fitzgibbon,axis:dc_offset=0.01,50,0,0,0.0,0.0,0.0,,1.7955057920626743e-11,1.8256443991660726e-11,1.4151370589102218e-12,1.5882292059332178e-11,2.0439532170202577e-11,5.016562139775053e-11,0.00035655801553868637,
halir_flusser,axis:dc_offset=0.01,50,0,0,0.0,0.0,0.0,,1.795505792062933e-11,1.825644399163208e-11,1.4151370589176321e-12,1.5882292059402327e-11,2.0439532170304213e-11,5.016562139776528e-11,0.00035655801553873787,
heydemann,axis:dc_offset=0.01,50,0,0,0.0,0.0,0.0,,1.705805944113749e-11,1.738570712832009e-11,1.210098535488775e-12,1.4858394807124557e-11,1.8483190272641583e-11,4.754468919065137e-11,0.0003387450962375192,
kasa,axis:dc_offset=0.01,50,0,0,0.0,0.0,0.0,,3.607823637674904e-09,3.6078123399165344e-09,2.1762815913047665e-12,3.6043008755447166e-09,3.610882459995059e-09,6.127894823471205e-09,0.07164546293025968,
koning_wimmer_witkovsky,axis:dc_offset=0.01,50,0,0,0.0,0.0,0.0,1.0,1.7951076002693695e-11,1.8227531428562942e-11,1.4241899657384282e-12,1.5868741794620098e-11,2.0482213163676378e-11,5.011042405608124e-11,0.00035647894117632456,
raw_atan2,axis:dc_offset=0.01,50,0,0,0.0,0.0,0.0,,3.638208659885426e-09,3.6384139437753146e-09,2.1958745033880286e-12,3.6345472576047565e-09,3.6414675102299427e-09,6.371455141272158e-09,0.07224885965943628,
taubin,axis:dc_offset=0.01,50,0,0,0.0,0.0,0.0,,3.607823744266118e-09,3.6078124802393547e-09,2.1762921085449868e-12,3.604301004970727e-09,3.610882526795074e-09,6.127926894341752e-09,0.07164546504698648,
fitzgibbon,axis:dc_offset=0.02,50,0,0,0.0,0.0,0.0,,1.755771823042142e-11,1.7451406106589478e-11,1.8532449220383395e-12,1.4364813509685782e-11,2.0753931852825784e-11,4.8679418225383323e-11,0.0003486675006731449,
halir_flusser,axis:dc_offset=0.02,50,0,0,0.0,0.0,0.0,,1.7557718230417053e-11,1.745140610657789e-11,1.8532449220321433e-12,1.4364813509763091e-11,2.0753931852852606e-11,4.867941822539093e-11,0.00034866750067305807,
heydemann,axis:dc_offset=0.02,50,0,0,0.0,0.0,0.0,,1.653704481165559e-11,1.671825397315956e-11,1.5795792178573063e-12,1.3607477522358533e-11,1.903178604596845e-11,4.652393071251905e-11,0.00032839859982542607,
kasa,axis:dc_offset=0.02,50,0,0,0.0,0.0,0.0,,3.6073243922700307e-09,3.6071992548196347e-09,2.226724538517119e-12,3.604058428922438e-09,3.6110469520992273e-09,6.123301064430468e-09,0.07163554873496077,
koning_wimmer_witkovsky,axis:dc_offset=0.02,50,0,0,0.0,0.0,0.0,1.0,1.755182888024125e-11,1.7419552314624663e-11,1.8677862015754457e-12,1.4267549915532305e-11,2.0732959486822685e-11,4.864331720210631e-11,0.0003485505478333191,
raw_atan2,axis:dc_offset=0.02,50,0,0,0.0,0.0,0.0,,3.727496133287594e-09,3.72746913985025e-09,2.164276736005013e-12,3.7241227133974058e-09,3.731393885133235e-09,6.657546100074068e-09,0.07402196250708387,
taubin,axis:dc_offset=0.02,50,0,0,0.0,0.0,0.0,,3.6073245048290673e-09,3.6071993024858468e-09,2.2266988613712595e-12,3.604058647265148e-09,3.61104700512356e-09,6.1233151744077085e-09,0.0716355509701987,
fitzgibbon,axis:dc_offset=0.05,50,0,0,0.0,0.0,0.0,,1.7905814369812357e-11,1.7774973141822774e-11,1.557102420218423e-12,1.5900301855791443e-11,2.0599022378412386e-11,4.922781995918249e-11,0.00035558011934731375,
halir_flusser,axis:dc_offset=0.05,50,0,0,0.0,0.0,0.0,,1.790581436980699e-11,1.7774973141867183e-11,1.557102420231842e-12,1.5900301855789766e-11,2.0599022378391163e-11,4.9227819959190104e-11,0.0003555801193472074,
heydemann,axis:dc_offset=0.05,50,0,0,0.0,0.0,0.0,,1.7045268938677134e-11,1.701424448651465e-11,1.4896557538350025e-12,1.502518757961071e-11,1.9759576098782486e-11,4.712259221777159e-11,0.00033849109782686717,
kasa,axis:dc_offset=0.05,50,0,0,0.0,0.0,0.0,,3.6082334709127785e-09,3.6084480949746334e-09,2.150121354498129e-12,3.6053361236142213e-09,3.612399943580368e-09,6.126730075142091e-09,0.07165360154650054,
koning_wimmer_witkovsky,axis:dc_offset=0.05,50,0,0,0.0,0.0,0.0,1.0,1.788921168012598e-11,1.7793589101368042e-11,1.5406179883635564e-12,1.5897303240716323e-11,2.0535694352835978e-11,4.914952430023913e-11,0.00035525041714789196,
raw_atan2,axis:dc_offset=0.05,50,0,0,0.0,0.0,0.0,,4.304394208707705e-09,4.304473510665135e-09,1.983051990300857e-12,4.3016545799699325e-09,4.307672125701031e-09,7.628327674679511e-09,0.08547821254254473,
taubin,axis:dc_offset=0.05,50,0,0,0.0,0.0,0.0,,3.608233560799198e-09,3.60844824255426e-09,2.1501395975710295e-12,3.6053362291343553e-09,3.612400003257439e-09,6.126738623790835e-09,0.07165360333149745,
fitzgibbon,axis:dc_offset=0.08,50,0,0,0.0,0.0,0.0,,1.809033822127493e-11,1.819368057497315e-11,1.5990666409378622e-12,1.557468594547855e-11,2.0514856127293642e-11,4.948990328659274e-11,0.00035924446053673813,
halir_flusser,axis:dc_offset=0.08,50,0,0,0.0,0.0,0.0,,1.809033822127886e-11,1.8193680574995916e-11,1.599066640956043e-12,1.557468594544979e-11,2.051485612730781e-11,4.9489903286624936e-11,0.00035924446053681614,
heydemann,axis:dc_offset=0.08,50,0,0,0.0,0.0,0.0,,1.726804251336497e-11,1.72480227442242e-11,1.5504317564134032e-12,1.5138545411400018e-11,1.978290031434051e-11,4.661392469893825e-11,0.00034291501581456136,
kasa,axis:dc_offset=0.08,50,0,0,0.0,0.0,0.0,,3.6077766295527958e-09,3.6077859246794133e-09,2.38317145878719e-12,3.603812646439827e-09,3.611789368027623e-09,6.1281678001312314e-09,0.07164452942601775,
koning_wimmer_witkovsky,axis:dc_offset=0.08,50,0,0,0.0,0.0,0.0,1.0,1.810158574697665e-11,1.8173423443879666e-11,1.6184335149968039e-12,1.5547480759676616e-11,2.055970598151996e-11,4.9528443675487225e-11,0.00035946781795845475,
raw_atan2,axis:dc_offset=0.08,50,0,0,0.0,0.0,0.0,,5.209941841978235e-09,5.209794106570397e-09,1.7928797583167701e-12,5.207233466217752e-09,5.213039538108241e-09,8.77750331877788e-09,0.10346090402268587,
taubin,axis:dc_offset=0.08,50,0,0,0.0,0.0,0.0,,3.607776747340531e-09,3.6077859403685827e-09,2.3832211389609794e-12,3.6038126761079346e-09,3.6117897535509068e-09,6.128178168153673e-09,0.0716445317650891,
fitzgibbon,axis:dc_offset=0.1,50,0,0,0.0,0.0,0.0,,1.883444586417626e-11,1.9032568213381443e-11,1.85263774469828e-12,1.6030721888646835e-11,2.100074484880765e-11,5.2638447585406195e-11,0.0003740212184660608,
halir_flusser,axis:dc_offset=0.1,50,0,0,0.0,0.0,0.0,,1.8834445864190032e-11,1.9032568213386697e-11,1.8526377446919053e-12,1.60307218886357e-11,2.1000744848913683e-11,5.263844758547955e-11,0.00037402121846633415,
heydemann,axis:dc_offset=0.1,50,0,0,0.0,0.0,0.0,,1.789490143206914e-11,1.7994215535580936e-11,1.8448565717567774e-12,1.5391812209701795e-11,2.0643957537737588e-11,5.0487681650400636e-11,0.00035536340629394356,
kasa,axis:dc_offset=0.1,50,0,0,0.0,0.0,0.0,,3.608034292539546e-09,3.6078074684287695e-09,2.0242580388814794e-12,3.605049030136964e-09,3.611370793591274e-09,6.128660808150775e-09,0.07164964619053277,
koning_wimmer_witkovsky,axis:dc_offset=0.1,50,0,0,0.0,0.0,0.0,1.0,1.8837015489970783e-11,1.9025464199051427e-11,1.8450805775047526e-12,1.6045376554017468e-11,2.1014683239623347e-11,5.274727104990386e-11,0.0003740722470218037,
raw_atan2,axis:dc_offset=0.1,50,0,0,0.0,0.0,0.0,,5.926176710916576e-09,5.926119961831356e-09,2.1716186001496648e-12,5.9226806573889474e-09,5.9294588294614424e-09,9.62572651590435e-09,0.11768415435455397,
taubin,axis:dc_offset=0.1,50,0,0,0.0,0.0,0.0,,3.6080344281113557e-09,3.60780787067944e-09,2.0242638398024147e-12,3.605049249989965e-09,3.6113709108205216e-09,6.1286837689773934e-09,0.07164964888276666,
fitzgibbon,axis:dc_offset=0.15,50,0,0,0.0,0.0,0.0,,1.8633349302685447e-11,1.8657796071871414e-11,2.0023858938201704e-12,1.5365413433668693e-11,2.2074622204468197e-11,5.199927258971721e-11,0.0003700277704240777,
halir_flusser,axis:dc_offset=0.15,50,0,0,0.0,0.0,0.0,,1.8633349302657598e-11,1.8657796071887647e-11,2.0023858938271517e-12,1.5365413433566695e-11,2.20746222044417e-11,5.199927258961971e-11,0.00037002777042352477,
heydemann,axis:dc_offset=0.15,50,0,0,0.0,0.0,0.0,,1.790243367214877e-11,1.8464722553361744e-11,1.8967584568389383e-12,1.4668914696214854e-11,2.0706249381401492e-11,4.996982114406893e-11,0.00035551298423388834,
kasa,axis:dc_offset=0.15,50,0,0,0.0,0.0,0.0,,3.6075702113694443e-09,3.6075153143473643e-09,2.0173302616864856e-12,3.6039757044527154e-09,3.610721422401345e-09,6.129228296614536e-09,0.07164043029928967,
koning_wimmer_witkovsky,axis:dc_offset=0.15,50,0,0,0.0,0.0,0.0,1.0,1.8633773049210262e-11,1.8637096646819945e-11,2.0010397874409608e-12,1.532064206951895e-11,2.2034661665767615e-11,5.18965251405149e-11,0.00037003618533538833,
raw_atan2,axis:dc_offset=0.15,50,0,0,0.0,0.0,0.0,,7.938031414280979e-09,7.938050056135746e-09,1.650964078208423e-12,7.93563330574297e-09,7.940479521323041e-09,1.199692716806748e-08,0.15763629061359116,
taubin,axis:dc_offset=0.15,50,0,0,0.0,0.0,0.0,,3.607570276858997e-09,3.607515413160542e-09,2.0173366988274126e-12,3.603975727606671e-09,3.6107214417737006e-09,6.129255224729686e-09,0.07164043159980481,
fitzgibbon,axis:dc_offset=0.2,50,0,0,0.0,0.0,0.0,,1.952378969972129e-11,1.9615651592466113e-11,1.8413265603336013e-12,1.642936806545974e-11,2.2396230757410196e-11,5.154196791249366e-11,0.0003877104569587642,
halir_flusser,axis:dc_offset=0.2,50,0,0,0.0,0.0,0.0,,1.952378969970464e-11,1.961565159241968e-11,1.8413265603297e-12,1.642936806545953e-11,2.239623075759903e-11,5.154196791242344e-11,0.00038771045695843353,
heydemann,axis:dc_offset=0.2,50,0,0,0.0,0.0,0.0,,1.8273013156185367e-11,1.8488723946862253e-11,1.6466015531645407e-12,1.5231821471363637e-11,2.0517582109816286e-11,4.8260872152743575e-11,0.00036287208527447274,
kasa,axis:dc_offset=0.2,50,0,0,0.0,0.0,0.0,,3.607949922041467e-09,3.6080923038555116e-09,2.138870168712535e-12,3.604335585584776e-09,3.611099821312093e-09,6.12382051129402e-09,0.07164797073075435,
koning_wimmer_witkovsky,axis:dc_offset=0.2,50,0,0,0.0,0.0,0.0,1.0,1.951429602796623e-11,1.960789793289943e-11,1.8212998689688123e-12,1.6437900903501456e-11,2.2307263294100863e-11,5.158635405583273e-11,0.00038752192820123396,
raw_atan2,axis:dc_offset=0.2,50,0,0,0.0,0.0,0.0,,1.0127708479971163e-08,1.0127722082464246e-08,2.5284555105842814e-12,1.0122899662640825e-08,1.0131856149645529e-08,1.4669000655846789e-08,0.2011196874739346,
taubin,axis:dc_offset=0.2,50,0,0,0.0,0.0,0.0,,3.607950048292284e-09,3.608092335311586e-09,2.1388739541097e-12,3.6043358495489995e-09,3.6110998752019893e-09,6.12382739767989e-09,0.07164797323788859,
fitzgibbon,axis:hysteresis_magnitude=0.0,50,0,0,0.0,0.0,0.0,,1.7958936619724295e-11,1.7849064235824182e-11,1.6823417986249729e-12,1.5528959587865045e-11,2.0805086124561048e-11,4.899220158917205e-11,0.0003566350401441881,
halir_flusser,axis:hysteresis_magnitude=0.0,50,0,0,0.0,0.0,0.0,,1.7958936619722334e-11,1.784906423588696e-11,1.6823417986274999e-12,1.5528959587863668e-11,2.0805086124468595e-11,4.8992201589112114e-11,0.0003566350401441492,
heydemann,axis:hysteresis_magnitude=0.0,50,0,0,0.0,0.0,0.0,,1.7106073355031555e-11,1.6799953361132006e-11,1.5540020756523182e-12,1.503108458220163e-11,1.9466968065300703e-11,4.644973871176409e-11,0.00033969857385546926,
kasa,axis:hysteresis_magnitude=0.0,50,0,0,0.0,0.0,0.0,,3.6078224708676398e-09,3.6075340440805743e-09,1.9471821362179955e-12,3.605125813272603e-09,3.6109725304156747e-09,6.12909772206788e-09,0.07164543975938022,
koning_wimmer_witkovsky,axis:hysteresis_magnitude=0.0,50,0,0,0.0,0.0,0.0,1.0,1.7945633721160534e-11,1.7897381680503904e-11,1.6760661836650364e-12,1.5500340279950144e-11,2.073658322527455e-11,4.8884198535830046e-11,0.00035637086638692277,
raw_atan2,axis:hysteresis_magnitude=0.0,50,0,0,0.0,0.0,0.0,,3.727862771393938e-09,3.727676961014683e-09,1.9591900617085456e-12,3.7251872789094355e-09,3.731011946854106e-09,6.656316621193153e-09,0.07402924333882477,
taubin,axis:hysteresis_magnitude=0.0,50,0,0,0.0,0.0,0.0,,3.6078225905337654e-09,3.6075341236996815e-09,1.9471555437399684e-12,3.6051260983227473e-09,3.6109726204201975e-09,6.12913007847407e-09,0.0716454421357533,
fitzgibbon,axis:hysteresis_magnitude=0.01,50,0,0,0.0,0.0,0.0,,3.923963335645102e-11,3.877883324798419e-11,4.351150482031872e-12,3.248284843005455e-11,4.564372192468489e-11,8.974032175404001e-11,0.0007792347906585556,
halir_flusser,axis:hysteresis_magnitude=0.01,50,0,0,0.0,0.0,0.0,,3.923963335644141e-11,3.8778833247860766e-11,4.351150482075286e-12,3.2482848430171403e-11,4.564372192481709e-11,8.974032175402748e-11,0.0007792347906583649,
heydemann,axis:hysteresis_magnitude=0.01,50,0,0,0.0,0.0,0.0,,2.4695105294821392e-11,2.480338609991267e-11,2.304216616377905e-12,2.076562601916038e-11,2.8417339898129686e-11,6.345199317111653e-11,0.0004904043070406908,
kasa,axis:hysteresis_magnitude=0.01,50,0,0,0.0,0.0,0.0,,3.6077417367578653e-09,3.608056578944401e-09,2.156699948837891e-12,3.6044611720318743e-09,3.6107164425504245e-09,6.125827773898503e-09,0.0716438365123122,
koning_wimmer_witkovsky,axis:hysteresis_magnitude=0.01,50,0,0,0.0,0.0,0.0,1.0,3.91419263320315e-11,3.875805913865505e-11,4.354272547129204e-12,3.261231755354612e-11,4.5390156925770064e-11,8.95892747316363e-11,0.0007772944893303606,
raw_atan2,axis:hysteresis_magnitude=0.01,50,0,0,0.0,0.0,0.0,,3.727605729796858e-09,3.727654332520787e-09,1.971285608373252e-12,3.7241492619716353e-09,3.7301859253904725e-09,6.66566216093107e-09,0.07402413891408993,
taubin,axis:hysteresis_magnitude=0.01,50,0,0,0.0,0.0,0.0,,3.6077422632584927e-09,3.6080574924522797e-09,2.15658306683211e-12,3.6044619709274106e-09,3.610716661455407e-09,6.125876265465303e-09,0.07164384696775154,
fitzgibbon,axis:hysteresis_magnitude=0.02,50,0,0,0.0,0.0,0.0,,7.447657747023935e-11,7.333156287103934e-11,4.824619491982922e-12,6.747527705521899e-11,8.172171722296633e-11,1.5440265125053457e-10,0.0014789827347978194,
halir_flusser,axis:hysteresis_magnitude=0.02,50,0,0,0.0,0.0,0.0,,7.447657747024421e-11,7.333156287083258e-11,4.824619492025123e-12,6.747527705526691e-11,8.172171722309897e-11,1.5440265125055646e-10,0.0014789827347979159,
heydemann,axis:hysteresis_magnitude=0.02,50,0,0,0.0,0.0,0.0,,4.0063557378401403e-11,3.961203167999487e-11,2.5074141970275912e-12,3.653029913117764e-11,4.430425069574072e-11,9.404537613085551e-11,0.000795596571028186,
kasa,axis:hysteresis_magnitude=0.02,50,0,0,0.0,0.0,0.0,,3.6079975345738802e-09,3.608454971723132e-09,2.6815597545432128e-12,3.6027455377350155e-09,3.611434036600025e-09,6.126920830310232e-09,0.0716489162375941,
koning_wimmer_witkovsky,axis:hysteresis_magnitude=0.02,50,0,0,0.0,0.0,0.0,1.0,7.427153790747083e-11,7.319013440609579e-11,4.774879752593711e-12,6.728028860658865e-11,8.137197577794467e-11,1.5397996666630568e-10,0.0014749109852144509,
raw_atan2,axis:hysteresis_magnitude=0.02,50,0,0,0.0,0.0,0.0,,3.728126569544764e-09,3.728522177287978e-09,2.7628869972183617e-12,3.723274049067466e-09,3.7316031158925e-09,6.658964555218935e-09,0.07403448193764063,
taubin,axis:hysteresis_magnitude=0.02,50,0,0,0.0,0.0,0.0,,3.607999942279985e-09,3.6084578315260786e-09,2.6817255375078966e-12,3.6027477094841703e-09,3.6114369179910103e-09,6.127056873873527e-09,0.07164896405069024,
fitzgibbon,axis:hysteresis_magnitude=0.05,50,0,0,0.0,0.0,0.0,,1.7493231948220609e-10,1.747045983019293e-10,4.082861709834741e-12,1.6964831058516956e-10,1.8160763129840956e-10,3.3113048853420326e-10,0.0034738690882472906,
halir_flusser,axis:hysteresis_magnitude=0.05,50,0,0,0.0,0.0,0.0,,1.7493231948221927e-10,1.747045983018943e-10,4.082861709843878e-12,1.696483105850122e-10,1.81607631298627e-10,3.3113048853421614e-10,0.003473869088247552,
heydemann,axis:hysteresis_magnitude=0.05,50,0,0,0.0,0.0,0.0,,8.909147284701694e-11,8.946152657486179e-11,2.5879726945052677e-12,8.533310437152701e-11,9.31711733327278e-11,1.7898474491811613e-10,0.0017692105979373132,
kasa,axis:hysteresis_magnitude=0.05,50,0,0,0.0,0.0,0.0,,3.6081321182565634e-09,3.6081314387111933e-09,1.7109535331730145e-12,3.605489157990759e-09,3.6113119510993026e-09,6.1447500176462294e-09,0.07165158884890138,
koning_wimmer_witkovsky,axis:hysteresis_magnitude=0.05,50,0,0,0.0,0.0,0.0,1.0,1.7432775857780597e-10,1.7411996559406453e-10,4.081179095766985e-12,1.689593232703376e-10,1.8110849322106933e-10,3.3004875775016486e-10,0.0034618634997775617,
raw_atan2,axis:hysteresis_magnitude=0.05,50,0,0,0.0,0.0,0.0,,3.728311764646485e-09,3.728104370514168e-09,1.634258229607859e-12,3.7259110601003405e-09,3.731178034721443e-09,6.656609901471545e-09,0.07403815960875976,
taubin,axis:hysteresis_magnitude=0.05,50,0,0,0.0,0.0,0.0,,3.6081549783580217e-09,3.6081531448116026e-09,1.7105867966406193e-12,3.6055145310626715e-09,3.611329947500196e-09,6.145424896306543e-09,0.07165204281304045,
fitzgibbon,axis:hysteresis_magnitude=0.08,50,0,0,0.0,0.0,0.0,,2.71268608268183e-10,2.7072259748893446e-10,3.7355817711878795e-12,2.656389992849988e-10,2.7759184343463474e-10,4.986487003451706e-10,0.0053869498538865425,
halir_flusser,axis:hysteresis_magnitude=0.08,50,0,0,0.0,0.0,0.0,,2.7126860826816483e-10,2.707225974891866e-10,3.7355817712194214e-12,2.6563899928497377e-10,2.775918434343533e-10,4.986487003451339e-10,0.0053869498538861825,
heydemann,axis:hysteresis_magnitude=0.08,50,0,0,0.0,0.0,0.0,,1.366543721476995e-10,1.3655896847690118e-10,2.4296577323858947e-12,1.3296345449220766e-10,1.404908702658658e-10,2.5898747646645994e-10,0.0027137318054370313,
kasa,axis:hysteresis_magnitude=0.08,50,0,0,0.0,0.0,0.0,,3.608497908293805e-09,3.608436605561007e-09,2.1051536802512562e-12,3.604915604512499e-09,3.611986159275295e-09,6.155535898847921e-09,0.07165885283938024,
koning_wimmer_witkovsky,axis:hysteresis_magnitude=0.08,50,0,0,0.0,0.0,0.0,1.0,2.7040962116909196e-10,2.698751132170451e-10,3.7385981827194466e-12,2.649710920978638e-10,2.7683277451971683e-10,4.971053800241711e-10,0.005369891778285829,
raw_atan2,axis:hysteresis_magnitude=0.08,50,0,0,0.0,0.0,0.0,,3.728312611864779e-09,3.728190912218039e-09,2.0116365954570435e-12,3.7250567654700184e-09,3.731578370257867e-09,6.66444448097182e-09,0.07403817643312617,
taubin,axis:hysteresis_magnitude=0.08,50,0,0,0.0,0.0,0.0,,3.6084631727352746e-09,3.6084002020882598e-09,2.1054049650885696e-12,3.6048826416813962e-09,3.6119500082667993e-09,6.154805545192195e-09,0.07165816304813184,
fitzgibbon,axis:hysteresis_magnitude=0.1,50,0,0,0.0,0.0,0.0,,3.3103155795943354e-10,3.313699888721514e-10,4.167019172331857e-12,3.2365078711549627e-10,3.368012899770621e-10,6.044210238768001e-10,0.006573744061894693,
halir_flusser,axis:hysteresis_magnitude=0.1,50,0,0,0.0,0.0,0.0,,3.3103155795944047e-10,3.3136998887235505e-10,4.1670191723559286e-12,3.2365078711533497e-10,3.368012899771004e-10,6.044210238768084e-10,0.00657374406189483,
heydemann,axis:hysteresis_magnitude=0.1,50,0,0,0.0,0.0,0.0,,1.6702815220997105e-10,1.675206445173577e-10,2.8140747852820718e-12,1.620655958341463e-10,1.7103749745949336e-10,3.1398397352898435e-10,0.003316905283979284,
kasa,axis:hysteresis_magnitude=0.1,50,0,0,0.0,0.0,0.0,,3.608148131124948e-09,3.6084554480754063e-09,2.0850975736526604e-12,3.6045326158011475e-09,3.6112427348666712e-09,6.1609215960569354e-09,0.07165190683821666,
koning_wimmer_witkovsky,axis:hysteresis_magnitude=0.1,50,0,0,0.0,0.0,0.0,1.0,3.3006144894546346e-10,3.304533781182375e-10,4.136765780477963e-12,3.2295394319149713e-10,3.3591569677358625e-10,6.026467714431792e-10,0.006554479287233064,
raw_atan2,axis:hysteresis_magnitude=0.1,50,0,0,0.0,0.0,0.0,,3.727652813668536e-09,3.728114024678543e-09,2.020199320812618e-12,3.7239320378426447e-09,3.730495483515207e-09,6.660335982622526e-09,0.07402507392259414,
taubin,axis:hysteresis_magnitude=0.1,50,0,0,0.0,0.0,0.0,,3.608112310265997e-09,3.6084169579943963e-09,2.085569506434143e-12,3.604496518374393e-09,3.6112063936836477e-09,6.1603177010454055e-09,0.07165119549468112,
fitzgibbon,axis:hysteresis_magnitude=0.15,50,0,0,0.0,0.0,0.0,,4.754636440460136e-10,4.754162130227604e-10,4.299642572894522e-12,4.699971220617876e-10,4.821182594902885e-10,8.572335438268553e-10,0.00944192851570157,
halir_flusser,axis:hysteresis_magnitude=0.15,50,0,0,0.0,0.0,0.0,,4.754636440459847e-10,4.754162130228131e-10,4.299642572879684e-12,4.699971220618196e-10,4.821182594902236e-10,8.572335438268069e-10,0.009441928515700998,
heydemann,axis:hysteresis_magnitude=0.15,50,0,0,0.0,0.0,0.0,,2.3905966150509393e-10,2.389818880881886e-10,2.570932171558322e-12,2.3546084665499254e-10,2.422735946126682e-10,4.374755796582054e-10,0.004747332973160973,
kasa,axis:hysteresis_magnitude=0.15,50,0,0,0.0,0.0,0.0,,3.6090954273680755e-09,3.608925598713651e-09,1.910735935957655e-12,3.606052823732733e-09,3.6123299129477238e-09,6.1781603480958706e-09,0.07167071858864767,
koning_wimmer_witkovsky,axis:hysteresis_magnitude=0.15,50,0,0,0.0,0.0,0.0,1.0,4.741682225499919e-10,4.740391039380376e-10,4.316654157627804e-12,4.687104803975891e-10,4.809218870590883e-10,8.549352226455174e-10,0.009416203568449967,
raw_atan2,axis:hysteresis_magnitude=0.15,50,0,0,0.0,0.0,0.0,,3.727766242849041e-09,3.727631670902058e-09,1.929925701304505e-12,3.7250146376459124e-09,3.73114349064995e-09,6.660493385861178e-09,0.07402732644016796,
taubin,axis:hysteresis_magnitude=0.15,50,0,0,0.0,0.0,0.0,,3.609058475072668e-09,3.608887755090179e-09,1.910816190383711e-12,3.606012208490337e-09,3.612292922240141e-09,6.177724457754045e-09,0.07166998477663893,
fitzgibbon,axis:hysteresis_magnitude=0.2,50,0,0,0.0,0.0,0.0,,6.083591473396187e-10,6.083523721084094e-10,3.2967080591254558e-12,6.033985941810442e-10,6.14017328455845e-10,1.0967293869087447e-09,0.012081015347827408,
halir_flusser,axis:hysteresis_magnitude=0.2,50,0,0,0.0,0.0,0.0,,6.083591473396085e-10,6.083523721084982e-10,3.296708059139029e-12,6.033985941811282e-10,6.140173284558086e-10,1.096729386908725e-09,0.01208101534782721,
heydemann,axis:hysteresis_magnitude=0.2,50,0,0,0.0,0.0,0.0,,3.0623643797903924e-10,3.063309481224136e-10,1.5700507992214455e-12,3.032945989563112e-10,3.0860083779300356e-10,5.584648927287206e-10,0.006081353627158382,
kasa,axis:hysteresis_magnitude=0.2,50,0,0,0.0,0.0,0.0,,3.6098900094580574e-09,3.609912453248717e-09,1.838419219234533e-12,3.6073133779049655e-09,3.61288140935024e-09,6.194460495099763e-09,0.07168649768635033,
koning_wimmer_witkovsky,axis:hysteresis_magnitude=0.2,50,0,0,0.0,0.0,0.0,1.0,6.068477541051649e-10,6.067204343709416e-10,3.2699402270109587e-12,6.020595899741714e-10,6.126153950028707e-10,1.0939853722780863e-09,0.012051001555905503,
raw_atan2,axis:hysteresis_magnitude=0.2,50,0,0,0.0,0.0,0.0,,3.727420876780382e-09,3.727525639126185e-09,1.8721192225627417e-12,3.7247090942292532e-09,3.7305310329154835e-09,6.66191370860372e-09,0.07402046803622296,
taubin,axis:hysteresis_magnitude=0.2,50,0,0,0.0,0.0,0.0,,3.6098531749373746e-09,3.6098753930154206e-09,1.838189391045447e-12,3.6072770140407187e-09,3.612843205829625e-09,6.194098955538772e-09,0.07168576621315453,
fitzgibbon,axis:noise_std=0.0,50,0,0,0.0,0.0,0.0,,1.7990126784614993e-11,1.7946360099683796e-11,1.8693788140894865e-12,1.5096159487230685e-11,2.0997432819892088e-11,4.6566401947487606e-11,0.0003572544256870761,
halir_flusser,axis:noise_std=0.0,50,0,0,0.0,0.0,0.0,,1.799012678462515e-11,1.7946360099786086e-11,1.8693788140902014e-12,1.509615948724133e-11,2.0997432819879034e-11,4.6566401947512654e-11,0.00035725442568727774,
heydemann,axis:noise_std=0.0,50,0,0,0.0,0.0,0.0,,1.690407599731844e-11,1.67207575864632e-11,1.732893833330623e-12,1.4452333145176025e-11,1.9749753960354794e-11,4.3849553451932056e-11,0.0003356872374772387,
kasa,axis:noise_std=0.0,50,0,0,0.0,0.0,0.0,,3.608129737916818e-09,3.6079862496731153e-09,2.1971223151025254e-12,3.604767793987654e-09,3.612002512085734e-09,6.125024863494797e-09,0.07165154157925627,
koning_wimmer_witkovsky,axis:noise_std=0.0,50,0,0,0.0,0.0,0.0,1.0,1.8006144224793138e-11,1.8052114661082895e-11,1.882072576679908e-12,1.5066636401725256e-11,2.1136296284608875e-11,4.659979961082638e-11,0.00035757250579069775,
raw_atan2,axis:noise_std=0.0,50,0,0,0.0,0.0,0.0,,3.728160964205404e-09,3.727741783730887e-09,2.1835501999551582e-12,3.7249556255403754e-09,3.731880512814154e-09,6.66000154635551e-09,0.0740351649592158,
taubin,axis:noise_std=0.0,50,0,0,0.0,0.0,0.0,,3.608129848746651e-09,3.6079863494872267e-09,2.1971284640687637e-12,3.6047678607594905e-09,3.612002703282316e-09,6.125042118766319e-09,0.07165154378015505,
fitzgibbon,axis:noise_std=0.005,50,0,0,0.0,0.0,0.0,,2.4753485443033606e-10,2.473516117358341e-10,2.046516121970835e-11,2.1771818457546674e-10,2.812386215072526e-10,6.559610436673791e-10,0.004915636410782318,
halir_flusser,axis:noise_std=0.005,50,0,0,0.0,0.0,0.0,,2.475348544303302e-10,2.4735161173574325e-10,2.0465161219698518e-11,2.177181845754027e-10,2.812386215072306e-10,6.559610436674119e-10,0.004915636410782201,
heydemann,axis:noise_std=0.005,50,0,0,0.0,0.0,0.0,,2.332194886263932e-10,2.3241762849196832e-10,1.9607499732473465e-11,2.0438566359880288e-10,2.639851961245502e-10,6.206746669586945e-10,0.0046313567139231685,
kasa,axis:noise_std=0.005,50,0,0,0.0,0.0,0.0,,3.617264667222169e-09,3.6163645877515656e-09,3.4268827420863767e-11,3.5672272080025334e-09,3.6752316622226615e-09,6.387233823552986e-09,0.07183294629984256,
koning_wimmer_witkovsky,axis:noise_std=0.005,50,0,0,0.0,0.0,0.0,1.0,2.478953532146797e-10,2.48973431953919e-10,2.0498860476359047e-11,2.1845203990322521e-10,2.813222521256941e-10,6.554267485379482e-10,0.004922795325652874,
raw_atan2,axis:noise_std=0.005,50,0,0,0.0,0.0,0.0,,3.736365031184798e-09,3.7363534602684444e-09,3.577315610078766e-11,3.68484096025712e-09,3.795890663451766e-09,6.822613580339882e-09,0.07419808428002503,
taubin,axis:noise_std=0.005,50,0,0,0.0,0.0,0.0,,3.6172862769255214e-09,3.6163977424622358e-09,3.42693328854193e-11,3.5672614273724805e-09,3.6752553175578616e-09,6.387411679528755e-09,0.07183337543312511,
fitzgibbon,axis:noise_std=0.01,50,0,0,0.0,0.0,0.0,,4.930699449852899e-10,4.83074328203888e-10,5.301893423200852e-11,4.1671521043310365e-10,5.897157916365317e-10,1.3236451125797755e-09,0.009791560789328132,
halir_flusser,axis:noise_std=0.01,50,0,0,0.0,0.0,0.0,,4.930699449852925e-10,4.830743282038866e-10,5.3018934232000775e-11,4.167152104331611e-10,5.897157916365336e-10,1.3236451125798686e-09,0.009791560789328182,
heydemann,axis:noise_std=0.01,50,0,0,0.0,0.0,0.0,,4.707223595440649e-10,4.70942144211361e-10,4.719917117311179e-11,3.993399854986088e-10,5.49968288689118e-10,1.261249523137199e-09,0.00934777437815479,
kasa,axis:noise_std=0.01,50,0,0,0.0,0.0,0.0,,3.6317798573404198e-09,3.6301860065051285e-09,6.477475710867472e-11,3.536349435178662e-09,3.726466764028463e-09,6.765866826814651e-09,0.0721211941800003,
koning_wimmer_witkovsky,axis:noise_std=0.01,50,0,0,0.0,0.0,0.0,1.0,4.924725514535645e-10,4.835577224015583e-10,5.276598303005343e-11,4.14846045925773e-10,5.932517447374585e-10,1.3248026015933507e-09,0.009779697533129829,
raw_atan2,axis:noise_std=0.01,50,0,0,0.0,0.0,0.0,,3.748079570592019e-09,3.7459082905554e-09,6.32505042381558e-11,3.654581391355395e-09,3.839030607550868e-09,7.0475678883846265e-09,0.07443071582833044,
taubin,axis:noise_std=0.01,50,0,0,0.0,0.0,0.0,,3.631853970118105e-09,3.63023753290125e-09,6.480379731368775e-11,3.536394293763524e-09,3.726544956185691e-09,6.766617050054667e-09,0.07212266593826779,
fitzgibbon,axis:noise_std=0.02,50,0,0,0.0,0.0,0.0,,1.0087374004574546e-09,9.972759077898316e-10,9.751006920408149e-11,8.648827774354929e-10,1.1836876468767384e-09,2.5783754546710316e-09,0.020031871091519625,
halir_flusser,axis:noise_std=0.02,50,0,0,0.0,0.0,0.0,,1.008737400457452e-09,9.972759077898488e-10,9.751006920408262e-11,8.648827774355877e-10,1.1836876468767781e-09,2.578375454671025e-09,0.020031871091519573,
heydemann,axis:noise_std=0.02,50,0,0,0.0,0.0,0.0,,9.534237420586004e-10,9.360596000161613e-10,9.541560406487908e-11,8.159790064500312e-10,1.1227988706862158e-09,2.422757803712978e-09,0.018933432514597906,
kasa,axis:noise_std=0.02,50,0,0,0.0,0.0,0.0,,3.738297162123043e-09,3.734574611187069e-09,1.341677398506988e-10,3.5417569277380797e-09,3.935100565755336e-09,7.566590821975895e-09,0.07423645323300457,
koning_wimmer_witkovsky,axis:noise_std=0.02,50,0,0,0.0,0.0,0.0,1.0,1.0107314326797331e-09,1.0009144794226022e-09,9.754488344040606e-11,8.658413231937612e-10,1.1727037640459824e-09,2.569367334106028e-09,0.020071469302521718,
raw_atan2,axis:noise_std=0.02,50,0,0,0.0,0.0,0.0,,3.853357427879724e-09,3.850687466004097e-09,1.4499783133432312e-10,3.633438129468865e-09,4.098846521887519e-09,7.754074872112203e-09,0.0765213614859836,
taubin,axis:noise_std=0.02,50,0,0,0.0,0.0,0.0,,3.738634369488424e-09,3.7349721642521485e-09,1.3418600726777008e-10,3.542211336347124e-09,3.935515185059754e-09,7.569073501078994e-09,0.0742431496184775,
fitzgibbon,axis:noise_std=0.03,50,0,0,0.0,0.0,0.0,,1.5307220321602678e-09,1.5023606543776077e-09,1.4697554619267122e-10,1.3247165887280812e-09,1.8093747188395236e-09,3.961165175993648e-09,0.030397630157539428,
halir_flusser,axis:noise_std=0.03,50,0,0,0.0,0.0,0.0,,1.5307220321602372e-09,1.5023606543775897e-09,1.4697554619266326e-10,1.3247165887281489e-09,1.8093747188393426e-09,3.961165175993618e-09,0.030397630157538814,
heydemann,axis:noise_std=0.03,50,0,0,0.0,0.0,0.0,,1.4293155291077142e-09,1.404118805463779e-09,1.141438539524827e-10,1.260189333963937e-09,1.6315985049166705e-09,3.6871985663624955e-09,0.028383863248461455,
kasa,axis:noise_std=0.03,50,0,0,0.0,0.0,0.0,,3.887650059790236e-09,3.876796662573631e-09,1.9777849634101345e-10,3.602177022815156e-09,4.24032841037204e-09,8.509971617324238e-09,0.07720235693783137,
koning_wimmer_witkovsky,axis:noise_std=0.03,50,0,0,0.0,0.0,0.0,1.0,1.5361707519440075e-09,1.514755384622087e-09,1.5450931723158948e-10,1.32341694917646e-09,1.8315474252443268e-09,3.997675846595447e-09,0.030505832800042997,
raw_atan2,axis:noise_std=0.03,50,0,0,0.0,0.0,0.0,,3.988527987730443e-09,3.985694442336735e-09,1.7671997914672168e-10,3.704362716272522e-09,4.299597595238829e-09,8.501557590461987e-09,0.07920562721170189,
taubin,axis:noise_std=0.03,50,0,0,0.0,0.0,0.0,,3.889133474195826e-09,3.877788311845305e-09,1.981009742398804e-10,3.6031570543107687e-09,4.243293624062656e-09,8.519238416272686e-09,0.07723181511607936,
fitzgibbon,axis:noise_std=0.04,50,0,0,0.0,0.0,0.0,,2.0546517872657363e-09,2.0569009932139688e-09,2.0596042977374933e-10,1.7380645618234197e-09,2.40304454152763e-09,5.553423002405255e-09,0.04080201618558266,
halir_flusser,axis:noise_std=0.04,50,0,0,0.0,0.0,0.0,,2.0546517872657425e-09,2.056900993213983e-09,2.0596042977374822e-10,1.7380645618234276e-09,2.4030445415275366e-09,5.5534230024052495e-09,0.04080201618558278,
heydemann,axis:noise_std=0.04,50,0,0,0.0,0.0,0.0,,1.959038308114769e-09,1.9530738104380554e-09,1.977003737714535e-10,1.6780348128509338e-09,2.329506529287688e-09,5.296401741587765e-09,0.03890328923435104,
kasa,axis:noise_std=0.04,50,0,0,0.0,0.0,0.0,,4.1785303940286855e-09,4.143863071274342e-09,2.0306522045930024e-10,3.864582181468244e-09,4.579950269759688e-09,9.748416402889869e-09,0.0829787635188507,
koning_wimmer_witkovsky,axis:noise_std=0.04,50,0,0,0.0,0.0,0.0,1.0,2.09127100193754e-09,2.0507753036896465e-09,2.221803461476926e-10,1.7620614050515273e-09,2.4992137075034e-09,5.61834070618739e-09,0.041529213756968025,
raw_atan2,axis:noise_std=0.04,50,0,0,0.0,0.0,0.0,,4.2795678424232966e-09,4.225988816523462e-09,2.1812826827043283e-10,3.919351599394443e-09,4.674045960339037e-09,9.853139148155615e-09,0.08498520160743459,
taubin,axis:noise_std=0.04,50,0,0,0.0,0.0,0.0,,4.180499057369583e-09,4.1449302718302345e-09,2.0290579454866356e-10,3.867917995369612e-09,4.58195788698015e-09,9.75310560320181e-09,0.08301785794545725,
fitzgibbon,axis:noise_std=0.05,50,0,0,0.0,0.0,0.0,,2.508630196842626e-09,2.5170689250043397e-09,2.1640035470790012e-10,2.22403752472915e-09,2.7918896080185725e-09,6.466958179140964e-09,0.049817283166714986,
halir_flusser,axis:noise_std=0.05,50,0,0,0.0,0.0,0.0,,2.5086301968426288e-09,2.517068925004328e-09,2.164003547078946e-10,2.2240375247291845e-09,2.791889608018586e-09,6.46695817914095e-09,0.04981728316671503,
heydemann,axis:noise_std=0.05,50,0,0,0.0,0.0,0.0,,2.3732773883350704e-09,2.333519703549412e-09,2.113085381247509e-10,2.1090517455422095e-09,2.6809352005894077e-09,6.087498961619699e-09,0.04712939828144265,
kasa,axis:noise_std=0.05,50,0,0,0.0,0.0,0.0,,4.354402546501555e-09,4.378534630333288e-09,3.1955664667037087e-10,3.886212238876763e-09,4.87894759294537e-09,1.0637756025222622e-08,0.08647129614956998,
koning_wimmer_witkovsky,axis:noise_std=0.05,50,0,0,0.0,0.0,0.0,1.0,2.5631585939580723e-09,2.5577827478851567e-09,2.2243587519709914e-10,2.2239479848627476e-09,2.910675241380511e-09,6.516444068958338e-09,0.05090012774187245,
raw_atan2,axis:noise_std=0.05,50,0,0,0.0,0.0,0.0,,4.4212351447799155e-09,4.396526682667712e-09,3.027147472133819e-10,3.945572788477845e-09,4.932320434637403e-09,1.0560977807988499e-08,0.0877984819888343,
taubin,axis:noise_std=0.05,50,0,0,0.0,0.0,0.0,,4.3576969037676375e-09,4.3835456361219745e-09,3.1993345160437466e-10,3.888597475170081e-09,4.882736862182871e-09,1.065380762869618e-08,0.08653671668424398,
fitzgibbon,axis:noise_std=0.06,50,0,0,0.0,0.0,0.0,,3.0300288535038686e-09,3.0453041292984286e-09,2.450703953640673e-10,2.5626868742089963e-09,3.4068052633169117e-09,7.934512521961961e-09,0.060171405729031964,
halir_flusser,axis:noise_std=0.06,50,0,0,0.0,0.0,0.0,,3.0300288535038707e-09,3.0453041292984923e-09,2.4507039536408186e-10,2.5626868742089186e-09,3.4068052633169286e-09,7.934512521962032e-09,0.060171405729032006,
heydemann,axis:noise_std=0.06,50,0,0,0.0,0.0,0.0,,2.856617345778114e-09,2.8963575256612186e-09,2.356202020091215e-10,2.4432470884621925e-09,3.1485297906888716e-09,7.468153436747832e-09,0.05672773746911314,
kasa,axis:noise_std=0.06,50,0,0,0.0,0.0,0.0,,4.624196376081122e-09,4.651073258952018e-09,3.758814498335278e-10,4.003690262370495e-09,5.195060807052518e-09,1.1229412092509223e-08,0.09182895931639062,
koning_wimmer_witkovsky,axis:noise_std=0.06,50,0,0,0.0,0.0,0.0,1.0,3.0665897216554575e-09,3.0825333622643025e-09,2.5892710083919263e-10,2.6384521654496473e-09,3.4690493796791795e-09,8.02890099970689e-09,0.0608974446341767,
raw_atan2,axis:noise_std=0.06,50,0,0,0.0,0.0,0.0,,4.65966206229718e-09,4.7025710646252205e-09,3.7723192642863754e-10,4.026146630360759e-09,5.2185273198861334e-09,1.121008704074504e-08,0.0925332497036908,
taubin,axis:noise_std=0.06,50,0,0,0.0,0.0,0.0,,4.631441870666253e-09,4.654228471330295e-09,3.768513577320983e-10,4.007400274077914e-09,5.204253337891792e-09,1.1249136724789103e-08,0.09197284296089299,
fitzgibbon,axis:noise_std=0.08,50,0,0,0.0,0.0,0.0,,4.041136163658327e-09,4.068380526739576e-09,3.893613310501945e-10,3.4537360552519385e-09,4.6967176066299005e-09,1.0435424548241486e-08,0.08025033934200403,
halir_flusser,axis:noise_std=0.08,50,0,0,0.0,0.0,0.0,,4.0411361636583235e-09,4.06838052673969e-09,3.893613310502101e-10,3.4537360552519394e-09,4.696717606629973e-09,1.043542454824148e-08,0.08025033934200397,
heydemann,axis:noise_std=0.08,50,0,0,0.0,0.0,0.0,,3.798561280453423e-09,3.803811089030392e-09,3.35041349067621e-10,3.2442127626547326e-09,4.315439904699693e-09,9.693496282181992e-09,0.0754331998285911,
kasa,axis:noise_std=0.08,50,0,0,0.0,0.0,0.0,,5.330472280187344e-09,5.333687142886672e-09,4.1049948606146966e-10,4.659101296563931e-09,5.962477120002386e-09,1.2851934959185672e-08,0.10585444093299996,
koning_wimmer_witkovsky,axis:noise_std=0.08,50,0,0,0.0,0.0,0.0,1.0,4.244674671902129e-09,4.221300710080483e-09,4.926502337757545e-10,3.5277325210553954e-09,5.06117325303692e-09,1.0860685696252861e-08,0.08429228044327682,
raw_atan2,axis:noise_std=0.08,50,0,0,0.0,0.0,0.0,,5.326255631782419e-09,5.328844928844934e-09,3.891008873453062e-10,4.660401980959832e-09,5.946725879377331e-09,1.28460174639947e-08,0.10577070520827375,
taubin,axis:noise_std=0.08,50,0,0,0.0,0.0,0.0,,5.3490331373209204e-09,5.344448973113769e-09,4.1314919079545635e-10,4.668533983348728e-09,5.973583825522465e-09,1.2905022787885377e-08,0.10622302912778613,
fitzgibbon,axis:noise_std=0.1,50,0,0,0.0,0.0,0.0,,5.149128582459524e-09,5.26181236280998e-09,5.038241012410357e-10,4.328282748618532e-09,5.933634999693912e-09,1.3544479221676874e-08,0.10225325238333793,
halir_flusser,axis:noise_std=0.1,50,0,0,0.0,0.0,0.0,,5.149128582459543e-09,5.261812362809962e-09,5.038241012410128e-10,4.328282748618533e-09,5.933634999693932e-09,1.3544479221676993e-08,0.10225325238333836,
heydemann,axis:noise_std=0.1,50,0,0,0.0,0.0,0.0,,4.844064908831998e-09,4.951969379401003e-09,4.334583800370334e-10,4.125241896183228e-09,5.4812928654753146e-09,1.2483331745153296e-08,0.0961951879336202,
kasa,axis:noise_std=0.1,50,0,0,0.0,0.0,0.0,,6.145156088167433e-09,6.168358176287557e-09,4.6380042529621014e-10,5.321731596949095e-09,6.730211648967687e-09,1.591996847038898e-08,0.12203272580119721,
koning_wimmer_witkovsky,axis:noise_std=0.1,50,0,0,0.0,0.0,0.0,1.0,5.582208561934925e-09,5.5971672472932185e-09,6.638003529141567e-10,4.594928771043274e-09,6.61502618985425e-09,1.4315661324417141e-08,0.11085351080265995,
raw_atan2,axis:noise_std=0.1,50,0,0,0.0,0.0,0.0,,6.146907065577848e-09,6.114446965277123e-09,4.493472145841085e-10,5.357261244631087e-09,6.7586158925164965e-09,1.5663353165977472e-08,0.12206749734208949,
taubin,axis:noise_std=0.1,50,0,0,0.0,0.0,0.0,,6.16813291996242e-09,6.200033178080304e-09,4.714801757673396e-10,5.344444717715054e-09,6.775355866996773e-09,1.5976476731119433e-08,0.12248900801339628,
fitzgibbon,axis:photon_scale=100,50,0,0,0.0,0.0,0.0,,5.897534429918734e-09,5.919026655109062e-09,6.393421005115712e-10,4.9537628683194645e-09,6.9476329716406546e-09,1.6114094650940848e-08,0.11711536560888475,
halir_flusser,axis:photon_scale=100,50,0,0,0.0,0.0,0.0,,5.897534429918743e-09,5.919026655109055e-09,6.393421005115815e-10,4.953762868319418e-09,6.947632971640831e-09,1.6114094650940877e-08,0.1171153656088849,
heydemann,axis:photon_scale=100,50,0,0,0.0,0.0,0.0,,5.4963830350526335e-09,5.426044985282783e-09,5.10308836074317e-10,4.658571407432415e-09,6.341724684262133e-09,1.5316397929940268e-08,0.10914915653752794,
kasa,axis:photon_scale=100,50,0,0,0.0,0.0,0.0,,6.7095619351421135e-09,6.734290384905368e-09,6.133983578833194e-10,5.7316060726638e-09,7.805949258971596e-09,1.7762290674548095e-08,0.13324090065896446,
koning_wimmer_witkovsky,axis:photon_scale=100,50,1,0,0.02,0.0,0.02,0.98,6.60767686450363e-09,6.358183379168131e-09,1.135695048228845e-09,5.034690665495134e-09,8.94250926859792e-09,1.7482479072800984e-08,0.13121763018217344,
raw_atan2,axis:photon_scale=100,50,0,0,0.0,0.0,0.0,,6.620542548373714e-09,6.6003285904017155e-09,5.499323259275652e-10,5.70548494278693e-09,7.549027831285768e-09,1.7318973873532528e-08,0.13147312157237362,
taubin,axis:photon_scale=100,50,0,0,0.0,0.0,0.0,,6.7522925239518745e-09,6.7806447771762826e-09,6.273361246891275e-10,5.76498029001866e-09,7.839630461051485e-09,1.7880726490482774e-08,0.13408946010200057,
fitzgibbon,axis:photon_scale=1000,50,0,0,0.0,0.0,0.0,,1.805726674003468e-09,1.7868767328273956e-09,1.9328494243552202e-10,1.5202253086209162e-09,2.1217567550626168e-09,5.003399188025811e-09,0.03585877151352987,
halir_flusser,axis:photon_scale=1000,50,0,0,0.0,0.0,0.0,,1.8057266740034392e-09,1.786876732827423e-09,1.9328494243551806e-10,1.5202253086209599e-09,2.1217567550626288e-09,5.0033991880257244e-09,0.03585877151352929,
heydemann,axis:photon_scale=1000,50,0,0,0.0,0.0,0.0,,1.7077752419447735e-09,1.7130635122400276e-09,1.887100700209817e-10,1.4251170948612135e-09,2.0225856157205985e-09,4.807482124049439e-09,0.03391361665029224,
kasa,axis:photon_scale=1000,50,0,0,0.0,0.0,0.0,,3.96182435164642e-09,3.950993768399574e-09,2.3538346595215173e-10,3.6503145423843013e-09,4.32997308637362e-09,8.806372560545894e-09,0.07867533677588838,
koning_wimmer_witkovsky,axis:photon_scale=1000,50,0,0,0.0,0.0,0.0,1.0,1.814121985955689e-09,1.773366175155359e-09,1.9006727738454228e-10,1.5507955615050474e-09,2.1121745712962152e-09,4.982994087804805e-09,0.03602548864598052,
raw_atan2,axis:photon_scale=1000,50,0,0,0.0,0.0,0.0,,4.051013471720081e-09,3.992761782725574e-09,2.381700992568465e-10,3.785739409619539e-09,4.432615938257334e-09,9.0466169578998e-09,0.08044648648766806,
taubin,axis:photon_scale=1000,50,0,0,0.0,0.0,0.0,,3.963573258476447e-09,3.9528351888209935e-09,2.357078944523798e-10,3.6506646218615805e-09,4.3304221064166926e-09,8.812457551825403e-09,0.07871006719844857,
fitzgibbon,axis:photon_scale=10000,50,0,0,0.0,0.0,0.0,,5.749638149006565e-10,5.645136527640622e-10,5.664550066526701e-11,4.848832831703963e-10,6.725259206946769e-10,1.5721977257735546e-09,0.011417838792489659,
halir_flusser,axis:photon_scale=10000,50,0,0,0.0,0.0,0.0,,5.749638149006532e-10,5.645136527640644e-10,5.664550066525957e-11,4.848832831704067e-10,6.725259206946485e-10,1.572197725773552e-09,0.011417838792489594,
heydemann,axis:photon_scale=10000,50,0,0,0.0,0.0,0.0,,5.384544358280459e-10,5.378739203689447e-10,4.544007212710335e-11,4.523400493442782e-10,6.146382032866165e-10,1.4849603609107494e-09,0.010692822376044414,
kasa,axis:photon_scale=10000,50,0,0,0.0,0.0,0.0,,3.641582400383548e-09,3.6447723454283993e-09,8.111260804366571e-11,3.4956381920099874e-09,3.765285875277106e-09,6.81151717230029e-09,0.07231585661496105,
koning_wimmer_witkovsky,axis:photon_scale=10000,50,0,0,0.0,0.0,0.0,1.0,5.739587737747119e-10,5.639270818379144e-10,5.686237824322967e-11,4.867984528851658e-10,6.662056808562549e-10,1.5705999067024126e-09,0.011397880323350446,
raw_atan2,axis:photon_scale=10000,50,0,0,0.0,0.0,0.0,,3.756440293394538e-09,3.752172428137145e-09,8.009319182926576e-11,3.6240903014427603e-09,3.890050910140456e-09,7.224555445785869e-09,0.074596746076972,
taubin,axis:photon_scale=10000,50,0,0,0.0,0.0,0.0,,3.6417132836525264e-09,3.6449043457322913e-09,8.112464938871904e-11,3.495679321286173e-09,3.765299775791501e-09,6.812555508839119e-09,0.07231845574211845,
fitzgibbon,axis:photon_scale=100000,50,0,0,0.0,0.0,0.0,,1.8068316210314073e-10,1.780683517570546e-10,1.532908571194522e-11,1.5368840620035538e-10,2.086887033185352e-10,5.028364485244392e-10,0.003588071395010118,
halir_flusser,axis:photon_scale=100000,50,0,0,0.0,0.0,0.0,,1.8068316210314469e-10,1.7806835175711513e-10,1.5329085711948132e-11,1.536884062003603e-10,2.086887033185561e-10,5.028364485244222e-10,0.0035880713950101955,
heydemann,axis:photon_scale=100000,50,0,0,0.0,0.0,0.0,,1.7211530157093437e-10,1.7037793294867505e-10,1.4766096760029176e-11,1.4698525671806722e-10,1.976731105348872e-10,4.805590680059083e-10,0.0034179277306298304,
kasa,axis:photon_scale=100000,50,0,0,0.0,0.0,0.0,,3.612479562912909e-09,3.614039377465061e-09,2.240599382407564e-11,3.5757931030246656e-09,3.6494662692877093e-09,6.284200180758443e-09,0.07173792197275894,
koning_wimmer_witkovsky,axis:photon_scale=100000,50,0,0,0.0,0.0,0.0,1.0,1.8068722612712028e-10,1.7894238034654805e-10,1.5451204715762476e-11,1.5372625928315412e-10,2.0958364503130826e-10,5.037908373363222e-10,0.0035881520998639616,
raw_atan2,axis:photon_scale=100000,50,0,0,0.0,0.0,0.0,,3.731801850201813e-09,3.7341971565448694e-09,2.1892926698839993e-11,3.6967986702642916e-09,3.764327013862178e-09,6.786214536971159e-09,0.07410746698638944,
taubin,axis:photon_scale=100000,50,0,0,0.0,0.0,0.0,,3.612490574102717e-09,3.614050198226042e-09,2.240411711576932e-11,3.57581573675316e-09,3.6494692147824223e-09,6.284511611346198e-09,0.07173814063693722,
fitzgibbon,axis:photon_scale=500,50,0,0,0.0,0.0,0.0,,2.5548897342876484e-09,2.4889104548535157e-09,2.836328689010127e-10,2.132868469673106e-09,2.9964582010591713e-09,7.051561553300822e-09,0.05073592174443778,
halir_flusser,axis:photon_scale=500,50,0,0,0.0,0.0,0.0,,2.554889734287657e-09,2.4889104548535108e-09,2.836328689010255e-10,2.1328684696730907e-09,2.996458201059278e-09,7.05156155330082e-09,0.050735921744437945,
heydemann,axis:photon_scale=500,50,0,0,0.0,0.0,0.0,,2.424365653543831e-09,2.39789597212212e-09,2.473709502732338e-10,2.05755582890928e-09,2.8472781759059803e-09,6.8094433930442836e-09,0.04814392747654056,
kasa,axis:photon_scale=500,50,0,0,0.0,0.0,0.0,,4.390533145246363e-09,4.457823571694707e-09,3.16956564992835e-10,3.79715099083645e-09,4.801860423870003e-09,1.0710840847663634e-08,0.0871887906096616,
koning_wimmer_witkovsky,axis:photon_scale=500,50,0,0,0.0,0.0,0.0,1.0,2.60982911019884e-09,2.557956510703109e-09,3.0250534547226607e-10,2.204649904172398e-09,3.1454491953397474e-09,7.134254125198419e-09,0.051826927684737435,
raw_atan2,axis:photon_scale=500,50,0,0,0.0,0.0,0.0,,4.467148658210713e-09,4.5131936245011536e-09,3.0846038604061435e-10,3.907862225799293e-09,4.89267040703819e-09,1.0815050963505753e-08,0.08871024909689176,
taubin,axis:photon_scale=500,50,0,0,0.0,0.0,0.0,,4.3935684369838044e-09,4.464586132734011e-09,3.1686125302070526e-10,3.797745178449733e-09,4.804693144170042e-09,1.0716866444852469e-08,0.08724906652763789,
fitzgibbon,axis:photon_scale=5000,50,0,0,0.0,0.0,0.0,,7.937479298488968e-10,7.89654981819797e-10,8.186707910508809e-11,6.627417809680606e-10,9.316237837458186e-10,2.1356158855038455e-09,0.01576253264990772,
halir_flusser,axis:photon_scale=5000,50,0,0,0.0,0.0,0.0,,7.937479298488749e-10,7.896549818198502e-10,8.186707910506856e-11,6.627417809680106e-10,9.316237837455648e-10,2.135615885503833e-09,0.015762532649907283,
heydemann,axis:photon_scale=5000,50,0,0,0.0,0.0,0.0,,7.549061394067199e-10,7.478929152049125e-10,7.028010226339206e-11,6.479179569669968e-10,8.708051918790225e-10,2.0520136178828546e-09,0.014991198367319743,
kasa,axis:photon_scale=5000,50,0,0,0.0,0.0,0.0,,3.6873291097755126e-09,3.6789599928423134e-09,9.869464717679507e-11,3.5541986621140104e-09,3.8463846857029875e-09,7.2560677397513355e-09,0.0732243112682588,
koning_wimmer_witkovsky,axis:photon_scale=5000,50,0,0,0.0,0.0,0.0,1.0,7.935975060127904e-10,7.885162833952016e-10,8.13152144801434e-11,6.585220407844943e-10,9.200443337679699e-10,2.134546642952703e-09,0.01575954547912114,
raw_atan2,axis:photon_scale=5000,50,0,0,0.0,0.0,0.0,,3.799642321326002e-09,3.779150104465515e-09,1.0181757137402172e-10,3.6689185824767848e-09,3.981027517562118e-09,7.567546401483856e-09,0.07545466752810767,
taubin,axis:photon_scale=5000,50,0,0,0.0,0.0,0.0,,3.6875493677289963e-09,3.6792935442179855e-09,9.869137485007553e-11,3.554298560971438e-09,3.846421026583419e-09,7.258305891810071e-09,0.07322868523013337,
fitzgibbon,axis:photon_scale=50000,50,0,0,0.0,0.0,0.0,,2.5763733510795593e-10,2.5523122420659796e-10,2.8386060751162865e-11,2.1336062858276655e-10,3.0174844355857654e-10,7.080360022726084e-10,0.005116255115458951,
halir_flusser,axis:photon_scale=50000,50,0,0,0.0,0.0,0.0,,2.5763733510795267e-10,2.552312242065635e-10,2.8386060751156512e-11,2.1336062858270684e-10,3.017484435585947e-10,7.080360022725244e-10,0.0051162551154588865,
heydemann,axis:photon_scale=50000,50,0,0,0.0,0.0,0.0,,2.4513298777900536e-10,2.4660003506923213e-10,2.5968255910627823e-11,2.0276632005992206e-10,2.823623353696531e-10,6.669297717042011e-10,0.004867939276605813,
kasa,axis:photon_scale=50000,50,0,0,0.0,0.0,0.0,,3.613582493655769e-09,3.612245895710483e-09,3.405457899953552e-11,3.5574245276916934e-09,3.677506250468957e-09,6.376586159683015e-09,0.07175982436921395,
koning_wimmer_witkovsky,axis:photon_scale=50000,50,0,0,0.0,0.0,0.0,1.0,2.578199424646661e-10,2.559251219143335e-10,2.8151043589767106e-11,2.160957464932626e-10,3.02478094639109e-10,7.065504792871107e-10,0.005119881398204414,
raw_atan2,axis:photon_scale=50000,50,0,0,0.0,0.0,0.0,,3.73246813942164e-09,3.7312928695430936e-09,3.312954684643898e-11,3.6751458828054582e-09,3.785745737138941e-09,6.840607501073526e-09,0.07412069839800878,
taubin,axis:photon_scale=50000,50,0,0,0.0,0.0,0.0,,3.6136061555511672e-09,3.6122624791531664e-09,3.405174599310681e-11,3.5574708462477764e-09,3.6775307801922872e-09,6.377210722498062e-09,0.07176029425566627,
fitzgibbon,axis:quadrature_error_rad=0.0,50,0,0,0.0,0.0,0.0,,1.7947303876023266e-11,1.7762318468012398e-11,1.9860377307165057e-12,1.5031220513824833e-11,2.0646264580527716e-11,4.6427576799274406e-11,0.0003564040329245152,
halir_flusser,axis:quadrature_error_rad=0.0,50,0,0,0.0,0.0,0.0,,1.7947303876020003e-11,1.776231846802398e-11,1.98603773070548e-12,1.5031220513827328e-11,2.064626458054376e-11,4.6427576799263666e-11,0.0003564040329244505,
heydemann,axis:quadrature_error_rad=0.0,50,0,0,0.0,0.0,0.0,,1.6857329794538857e-11,1.675312570145055e-11,1.7543142592799634e-12,1.4330186155614903e-11,1.995982233535498e-11,4.463844900475224e-11,0.0003347589345237902,
kasa,axis:quadrature_error_rad=0.0,50,0,0,0.0,0.0,0.0,,1.6966876287329107e-09,1.6965256811636691e-09,2.1082197841651712e-12,1.6935244267538908e-09,1.7002555590854281e-09,2.415447567568987e-09,0.03369343482847029,
koning_wimmer_witkovsky,axis:quadrature_error_rad=0.0,50,0,0,0.0,0.0,0.0,1.0,1.794260013112333e-11,1.7782302769559372e-11,1.97465552886181e-12,1.5009393190016376e-11,2.0685947915893993e-11,4.642347368373715e-11,0.00035631062426192355,
raw_atan2,axis:quadrature_error_rad=0.0,50,0,0,0.0,0.0,0.0,,1.949418306078536e-09,1.949252358066844e-09,1.7576853412540064e-12,1.9467478399726497e-09,1.9524524576903616e-09,3.758174141323594e-09,0.03871225176453721,
taubin,axis:quadrature_error_rad=0.0,50,0,0,0.0,0.0,0.0,,1.6966877452985351e-09,1.6965257596016702e-09,2.1082163683181215e-12,1.6935245512830286e-09,1.7002556002026373e-09,2.4154547106011267e-09,0.033693437143272484,
fitzgibbon,axis:quadrature_error_rad=0.02,50,0,0,0.0,0.0,0.0,,1.79790599530905e-11,1.7911284044245455e-11,1.778576669426289e-12,1.492832595297104e-11,2.0541292981559838e-11,4.739096158361763e-11,0.0003570346565554966,
halir_flusser,axis:quadrature_error_rad=0.02,50,0,0,0.0,0.0,0.0,,1.7979059953055357e-11,1.7911284044244505e-11,1.7785766694196756e-12,1.4928325952976456e-11,2.05412929814859e-11,4.739096158360287e-11,0.0003570346565547988,
heydemann,axis:quadrature_error_rad=0.02,50,0,0,0.0,0.0,0.0,,1.7094618292120784e-11,1.7170876295692866e-11,1.664920507820999e-12,1.4179078766600952e-11,2.000574782688948e-11,4.569436252866582e-11,0.0003394710950850085,
kasa,axis:quadrature_error_rad=0.02,50,0,0,0.0,0.0,0.0,,1.811131189876759e-09,1.8109449729459342e-09,2.0399948159554978e-12,1.8082435078198527e-09,1.814471895075206e-09,2.9860495405161306e-09,0.035966096338837975,
koning_wimmer_witkovsky,axis:quadrature_error_rad=0.02,50,0,0,0.0,0.0,0.0,1.0,1.7970359652231723e-11,1.791964378959897e-11,1.7898945181428898e-12,1.4938994986458424e-11,2.041088732847105e-11,4.738377326580832e-11,0.00035686188284334773,
raw_atan2,axis:quadrature_error_rad=0.02,50,0,0,0.0,0.0,0.0,,2.0479063183397273e-09,2.048098548131219e-09,1.8641063848232607e-12,2.0449762408339394e-09,2.050757784219647e-09,3.2684839272831937e-09,0.04066806223094949,
taubin,axis:quadrature_error_rad=0.02,50,0,0,0.0,0.0,0.0,,1.8111312985488005e-09,1.8109450922957931e-09,2.040000313039302e-12,1.808243664886431e-09,1.8144720910852567e-09,2.9860683652610957e-09,0.03596609849688656,
fitzgibbon,axis:quadrature_error_rad=0.05,50,0,0,0.0,0.0,0.0,,1.77369521321928e-11,1.7849238726676266e-11,1.3559727126898437e-12,1.5651403082544274e-11,1.9828889427141275e-11,5.0082845358147405e-11,0.0003522267921338225,
halir_flusser,axis:quadrature_error_rad=0.05,50,0,0,0.0,0.0,0.0,,1.7736952132193297e-11,1.784923872678911e-11,1.3559727126928515e-12,1.5651403082530192e-11,1.982888942716814e-11,5.008284535815367e-11,0.00035222679213383235,
heydemann,axis:quadrature_error_rad=0.05,50,0,0,0.0,0.0,0.0,,1.689364114324741e-11,1.721911222718385e-11,1.269890346706932e-12,1.5035416218172018e-11,1.850897864571359e-11,4.7747051740992594e-11,0.00033548001838184794,
kasa,axis:quadrature_error_rad=0.05,50,0,0,0.0,0.0,0.0,,2.3261172782310462e-09,2.325972576804517e-09,2.01274360415379e-12,2.3239085484585163e-09,2.3299407030109537e-09,4.032042912350019e-09,0.04619287580707296,
koning_wimmer_witkovsky,axis:quadrature_error_rad=0.05,50,0,0,0.0,0.0,0.0,1.0,1.7731895226733717e-11,1.78599700132763e-11,1.3426747071519365e-12,1.567960717154501e-11,1.9800972014808372e-11,5.0032742530123485e-11,0.00035212637028148274,
raw_atan2,axis:quadrature_error_rad=0.05,50,0,0,0.0,0.0,0.0,,2.5123839904198328e-09,2.512185872633315e-09,2.1737955743089267e-12,2.5099666223811267e-09,2.516149654766919e-09,4.387747919969971e-09,0.049891827353347365,
taubin,axis:quadrature_error_rad=0.05,50,0,0,0.0,0.0,0.0,,2.326117392508023e-09,2.325972606143358e-09,2.0127187585930463e-12,2.3239087305397627e-09,2.3299407668694955e-09,4.032061952395811e-09,0.04619287807642637,
fitzgibbon,axis:quadrature_error_rad=0.1,50,0,0,0.0,0.0,0.0,,1.815262160317892e-11,1.7984653760335863e-11,1.8217704078657655e-12,1.5739521528736646e-11,2.173807712834834e-11,5.0843788578624605e-11,0.0003604813063966009,
halir_flusser,axis:quadrature_error_rad=0.1,50,0,0,0.0,0.0,0.0,,1.8152621603183583e-11,1.7984653760305234e-11,1.82177040786856e-12,1.5739521528721983e-11,2.1738077128401194e-11,5.084378857865233e-11,0.0003604813063966936,
heydemann,axis:quadrature_error_rad=0.1,50,0,0,0.0,0.0,0.0,,1.7157809833759058e-11,1.688130035391606e-11,1.5093547020836747e-12,1.5062537813746897e-11,1.990194991842206e-11,4.8483987100177095e-11,0.0003407259755083955,
kasa,axis:quadrature_error_rad=0.1,50,0,0,0.0,0.0,0.0,,3.607713552308758e-09,3.607707232499469e-09,1.839479683128945e-12,3.6052796899478635e-09,3.6106434711102263e-09,6.12601704415367e-09,0.07164327681535733,
koning_wimmer_witkovsky,axis:quadrature_error_rad=0.1,50,0,0,0.0,0.0,0.0,1.0,1.815445431020787e-11,1.799016663736066e-11,1.8294608146751698e-12,1.5771924622458413e-11,2.172451573537572e-11,5.077331518030005e-11,0.00036051770095373324,
raw_atan2,axis:quadrature_error_rad=0.1,50,0,0,0.0,0.0,0.0,,3.727768480286458e-09,3.727690049641769e-09,1.73117148742363e-12,3.7252050215878683e-09,3.730596724771835e-09,6.659655297889043e-09,0.07402737087200711,
taubin,axis:quadrature_error_rad=0.1,50,0,0,0.0,0.0,0.0,,3.607713653704699e-09,3.607707341209942e-09,1.839467688669826e-12,3.6052798158239078e-09,3.6106435415840053e-09,6.126044027976991e-09,0.07164327882891448,
fitzgibbon,axis:quadrature_error_rad=0.15,50,0,0,0.0,0.0,0.0,,1.8217686830336495e-11,1.7984298302650683e-11,2.1626011476796174e-12,1.542532442861119e-11,2.19568978512324e-11,5.024033369811393e-11,0.0003617733951427602,
halir_flusser,axis:quadrature_error_rad=0.15,50,0,0,0.0,0.0,0.0,,1.821768683033049e-11,1.7984298302669126e-11,2.162601147678569e-12,1.5425324428621487e-11,2.195689785129077e-11,5.0240333698129584e-11,0.0003617733951426409,
heydemann,axis:quadrature_error_rad=0.15,50,0,0,0.0,0.0,0.0,,1.731839980044666e-11,1.7055791823399328e-11,2.0147500234737157e-12,1.470398270987264e-11,2.0581525557646275e-11,4.738896264896129e-11,0.0003439150289823904,
kasa,axis:quadrature_error_rad=0.15,50,0,0,0.0,0.0,0.0,,5.070935798818334e-09,5.071291830227198e-09,2.217661742318685e-12,5.067380997097778e-09,5.073886137986344e-09,8.437115900537027e-09,0.10070047188617677,
koning_wimmer_witkovsky,axis:quadrature_error_rad=0.15,50,0,0,0.0,0.0,0.0,1.0,1.8213878604232697e-11,1.7960769947922635e-11,2.16316576759738e-12,1.5422195684647716e-11,2.2067925703715804e-11,5.020953199535008e-11,0.000361697770015384,
raw_atan2,axis:quadrature_error_rad=0.15,50,0,0,0.0,0.0,0.0,,5.155350441593374e-09,5.155314008378206e-09,2.1968270037636026e-12,5.15194790325247e-09,5.158351469950377e-09,9.074882143294995e-09,0.10237680830588265,
taubin,axis:quadrature_error_rad=0.15,50,0,0,0.0,0.0,0.0,,5.070935916074866e-09,5.07129188968795e-09,2.217656970415682e-12,5.067381201210135e-09,5.073886289984784e-09,8.437165246948008e-09,0.10070047421469928,
fitzgibbon,axis:quadrature_error_rad=0.2,50,0,0,0.0,0.0,0.0,,1.797334954129451e-11,1.8103114668291672e-11,1.7875723760413226e-12,1.4979340666249286e-11,2.0451960963759342e-11,4.92244656034442e-11,0.00035692125713863656,
halir_flusser,axis:quadrature_error_rad=0.2,50,0,0,0.0,0.0,0.0,,1.797334954129671e-11,1.810311466832364e-11,1.787572376040755e-12,1.4979340666239506e-11,2.0451960963742592e-11,4.9224465603473724e-11,0.0003569212571386803,
heydemann,axis:quadrature_error_rad=0.2,50,0,0,0.0,0.0,0.0,,1.688610011238765e-11,1.69729557061163e-11,1.701806232250172e-12,1.4150354384392863e-11,1.9324075868146352e-11,4.66655457180199e-11,0.0003353302658714211,
kasa,axis:quadrature_error_rad=0.2,50,0,0,0.0,0.0,0.0,,6.598094182819545e-09,6.597927458793297e-09,1.8693573891521355e-12,6.595237214640445e-09,6.601081799921355e-09,1.0875994643566176e-08,0.1310273338333719,
koning_wimmer_witkovsky,axis:quadrature_error_rad=0.2,50,0,0,0.0,0.0,0.0,1.0,1.797202152071532e-11,1.800539244133894e-11,1.8077993102510006e-12,1.4941586973252295e-11,2.0476846771171097e-11,4.922899983260178e-11,0.0003568948848270348,
raw_atan2,axis:quadrature_error_rad=0.2,50,0,0,0.0,0.0,0.0,,6.661879339913891e-09,6.6617305623686874e-09,1.8931168235453206e-12,6.658989931400367e-09,6.664849720607789e-09,1.1569245142598853e-08,0.13229400248656825,
taubin,axis:quadrature_error_rad=0.2,50,0,0,0.0,0.0,0.0,,6.598094331913065e-09,6.597927504766713e-09,1.869333205454654e-12,6.5952373570628635e-09,6.60108196976203e-09,1.0876068582327661e-08,0.13102733679412476,
fitzgibbon,axis:quadrature_error_rad=0.25,50,0,0,0.0,0.0,0.0,,1.8643505481611714e-11,1.8669014896342203e-11,2.0067159209619303e-12,1.5496124214836932e-11,2.2077347926092876e-11,5.271109522002285e-11,0.00037022945548794177,
halir_flusser,axis:quadrature_error_rad=0.25,50,0,0,0.0,0.0,0.0,,1.8643505481628087e-11,1.866901489633103e-11,2.0067159209657087e-12,1.5496124214813402e-11,2.2077347926192946e-11,5.2711095220096654e-11,0.0003702294554882669,
heydemann,axis:quadrature_error_rad=0.25,50,0,0,0.0,0.0,0.0,,1.7415608412176642e-11,1.7253964224240915e-11,1.7205092418488218e-12,1.4797889630465786e-11,2.0421874043468785e-11,4.9318310634404126e-11,0.0003458454326516483,
kasa,axis:quadrature_error_rad=0.25,50,0,0,0.0,0.0,0.0,,8.155081584310095e-09,8.155012628132128e-09,2.5047125872768317e-12,8.151208622672604e-09,8.158499905724713e-09,1.3388086151913213e-08,0.16194655116747156,
koning_wimmer_witkovsky,axis:quadrature_error_rad=0.25,50,0,0,0.0,0.0,0.0,1.0,1.861882079616092e-11,1.8631738363937497e-11,1.967189906795338e-12,1.570130856160548e-11,2.189719337671647e-11,5.273560934641591e-11,0.00036973925810192173,
raw_atan2,axis:quadrature_error_rad=0.25,50,0,0,0.0,0.0,0.0,,8.205943890149736e-09,8.20570297551188e-09,2.433981355274941e-12,8.202424624706106e-09,8.209398986304426e-09,1.4076498311210362e-08,0.162956593179927,
taubin,axis:quadrature_error_rad=0.25,50,0,0,0.0,0.0,0.0,,8.155081810968252e-09,8.155012998233407e-09,2.5046942858432788e-12,8.151208767756442e-09,8.15850018398017e-09,1.3388176562414781e-08,0.16194655566853103,
fitzgibbon,axis:quadrature_error_rad=0.3,50,0,0,0.0,0.0,0.0,,1.8662382637531978e-11,1.8094108668924236e-11,1.886068258203854e-12,1.6567056717624115e-11,2.1734847803330826e-11,5.409819114868405e-11,0.00037060432485810474,
halir_flusser,axis:quadrature_error_rad=0.3,50,0,0,0.0,0.0,0.0,,1.8662382637538227e-11,1.8094108668906283e-11,1.8860682582074594e-12,1.6567056717626684e-11,2.1734847803319795e-11,5.409819114862813e-11,0.00037060432485822877,
heydemann,axis:quadrature_error_rad=0.3,50,0,0,0.0,0.0,0.0,,1.76288961568522e-11,1.733672521598306e-11,1.640094983226142e-12,1.5414735348596197e-11,2.002305719631382e-11,5.185101556518153e-11,0.00035008097760596846,
kasa,axis:quadrature_error_rad=0.3,50,0,0,0.0,0.0,0.0,,9.730951323829681e-09,9.730833247869302e-09,2.4227645589613523e-12,9.726829578366815e-09,9.7352493655291e-09,1.5926626926577547e-08,0.19324074077991907,
koning_wimmer_witkovsky,axis:quadrature_error_rad=0.3,50,0,0,0.0,0.0,0.0,1.0,1.8644686273088788e-11,1.8103272478163504e-11,1.8619145956918926e-12,1.6558853049344867e-11,2.156954797201595e-11,5.415163549169304e-11,0.0003702529040709368,
raw_atan2,axis:quadrature_error_rad=0.3,50,0,0,0.0,0.0,0.0,,9.772999328357555e-09,9.77281832055431e-09,2.4166322250888767e-12,9.768854147313218e-09,9.777350165848448e-09,1.6661030165305037e-08,0.1940757452181168,
taubin,axis:quadrature_error_rad=0.3,50,0,0,0.0,0.0,0.0,,9.730951568006051e-09,9.730833344883741e-09,2.4228432575876547e-12,9.726829783019475e-09,9.73524993060841e-09,1.5926853017216736e-08,0.19324074562886143,
fitzgibbon,axis:quadrature_error_rad=0.4,50,0,0,0.0,0.0,0.0,,1.946022983300449e-11,1.951329269890515e-11,2.024114736731155e-12,1.6434867373454854e-11,2.2941918342746493e-11,6.101419234664369e-11,0.00038644826220313427,
halir_flusser,axis:quadrature_error_rad=0.4,50,0,0,0.0,0.0,0.0,,1.9460229832998613e-11,1.9513292698883516e-11,2.024114736722295e-12,1.643486737353251e-11,2.2941918342750665e-11,6.101419234651265e-11,0.00038644826220301734,
heydemann,axis:quadrature_error_rad=0.4,50,0,0,0.0,0.0,0.0,,1.8399368061432332e-11,1.8609530290482374e-11,1.853059246487477e-12,1.5788959520715606e-11,2.1408413240612447e-11,5.7853984955739135e-11,0.0003653812865517729,
kasa,axis:quadrature_error_rad=0.4,50,0,0,0.0,0.0,0.0,,1.2924707228745783e-08,1.2924393715039117e-08,2.4575210419186595e-12,1.2920969200926835e-08,1.2929654747072698e-08,2.112473662442601e-08,0.2566634973427727,
koning_wimmer_witkovsky,axis:quadrature_error_rad=0.4,50,0,0,0.0,0.0,0.0,1.0,1.9375897363699982e-11,1.955206972646615e-11,2.0507712810579078e-12,1.6412323081652832e-11,2.277186549178757e-11,6.065884193184505e-11,0.0003847735576138414,
raw_atan2,axis:quadrature_error_rad=0.4,50,0,0,0.0,0.0,0.0,,1.2955543462087433e-08,1.2955133119434564e-08,2.426558450707137e-12,1.2951822226334766e-08,1.296048836842517e-08,2.1872507505049667e-08,0.2572758543853171,
taubin,axis:quadrature_error_rad=0.4,50,0,0,0.0,0.0,0.0,,1.2924707551329716e-08,1.2924394040631175e-08,2.4574849815638173e-12,1.2920969384279886e-08,1.292965535761677e-08,2.1125331390798342e-08,0.2566635037487608,
fitzgibbon,axis:quadrature_error_rad=0.5,50,0,0,0.0,0.0,0.0,,2.005314099998015e-11,1.9542733848807093e-11,2.256609628978772e-12,1.7326735418332486e-11,2.3837941812421955e-11,6.222563955067396e-11,0.0003982225059857011,
halir_flusser,axis:quadrature_error_rad=0.5,50,0,0,0.0,0.0,0.0,,2.0053140999991087e-11,1.9542733848784375e-11,2.2566096289777114e-12,1.7326735418351266e-11,2.3837941812400555e-11,6.222563955071735e-11,0.00039822250598591825,
heydemann,axis:quadrature_error_rad=0.5,50,0,0,0.0,0.0,0.0,,1.8951259072801975e-11,1.860570828717184e-11,2.057763393899087e-12,1.6601313447474107e-11,2.2689949388217825e-11,5.823089506733663e-11,0.0003763409372907181,
kasa,axis:quadrature_error_rad=0.5,50,0,0,0.0,0.0,0.0,,1.6164682326075147e-08,1.616478278986507e-08,2.4094195626092587e-12,1.6160809605718002e-08,1.6167920238648996e-08,2.6432372448428144e-08,0.32100409129715834,
koning_wimmer_witkovsky,axis:quadrature_error_rad=0.5,50,0,0,0.0,0.0,0.0,1.0,1.995205780840265e-11,1.9451331845896234e-11,2.1760698552755123e-12,1.7217302882688144e-11,2.3669969947805908e-11,6.185688229454478e-11,0.0003962151595124946,
raw_atan2,axis:quadrature_error_rad=0.5,50,0,0,0.0,0.0,0.0,,1.618888163863831e-08,1.6188980402877603e-08,2.3536492831317603e-12,1.6185178338939816e-08,1.619212950198326e-08,2.719927302435786e-08,0.3214846499733301,
taubin,axis:quadrature_error_rad=0.5,50,0,0,0.0,0.0,0.0,,1.6164682925969523e-08,1.6164784112668945e-08,2.409500218866667e-12,1.6160809642364165e-08,1.6167921749886475e-08,2.6432911977923378e-08,0.3210041032100772,
fitzgibbon,axis:samples_per_fit=100,50,0,0,0.0,0.0,0.0,,1.7541149458726705e-11,1.7503236254126762e-11,1.1600170482472413e-12,1.5960983425397693e-11,1.9786776932201657e-11,5.207247413218092e-11,0.00034833847202943367,
halir_flusser,axis:samples_per_fit=100,50,0,0,0.0,0.0,0.0,,1.754114945872901e-11,1.750323625410548e-11,1.1600170482347708e-12,1.5960983425508222e-11,1.9786776932196035e-11,5.2072474132184956e-11,0.0003483384720294793,
heydemann,axis:samples_per_fit=100,50,0,0,0.0,0.0,0.0,,1.702330983854917e-11,1.69950872066651e-11,1.1301414703656997e-12,1.5297430871733175e-11,1.885201118805445e-11,5.075921205248517e-11,0.0003380550260971488,
kasa,axis:samples_per_fit=100,50,0,0,0.0,0.0,0.0,,3.6075624273010955e-09,3.607530931959018e-09,1.1902935652323486e-12,3.6059268201856653e-09,3.609469903807929e-09,6.129352077373324e-09,0.07164027572045312,
koning_wimmer_witkovsky,axis:samples_per_fit=100,50,0,0,0.0,0.0,0.0,1.0,1.7527007149200962e-11,1.747163500766001e-11,1.147102168047353e-12,1.5961914529562313e-11,1.9732225224454513e-11,5.1972659659041774e-11,0.0003480576289465584,
raw_atan2,axis:samples_per_fit=100,50,0,0,0.0,0.0,0.0,,3.727658708490247e-09,3.727601246853157e-09,1.1961266247204181e-12,3.725965935339057e-09,3.729363601892919e-09,6.663861080449967e-09,0.07402519098408962,
taubin,axis:samples_per_fit=100,50,0,0,0.0,0.0,0.0,,3.6075624953376104e-09,3.6075309634588656e-09,1.1902967579231202e-12,3.605926854289861e-09,3.6094699417110116e-09,6.1293739639103745e-09,0.07164027707154678,
fitzgibbon,axis:samples_per_fit=1000,50,0,0,0.0,0.0,0.0,,1.71949762638764e-11,1.7223584645069137e-11,3.604959470765215e-13,1.6678435427164636e-11,1.7698826365326985e-11,6.795998935445143e-11,0.0003414640398814473,
halir_flusser,axis:samples_per_fit=1000,50,0,0,0.0,0.0,0.0,,1.719497626387686e-11,1.722358464508202e-11,3.6049594707601934e-13,1.6678435427167683e-11,1.7698826365322403e-11,6.795998935442415e-11,0.00034146403988145646,
heydemann,axis:samples_per_fit=1000,50,0,0,0.0,0.0,0.0,,1.71417647396479e-11,1.716209184104588e-11,3.539752958428746e-13,1.662611322803649e-11,1.7648493915631912e-11,6.777093127157005e-11,0.0003404073462429987,
kasa,axis:samples_per_fit=1000,50,0,0,0.0,0.0,0.0,,3.60765374170869e-09,3.607705145938566e-09,5.056323877886004e-13,3.606931692444458e-09,3.6084325965097235e-09,6.152380972491147e-09,0.07164208907489096,
koning_wimmer_witkovsky,axis:samples_per_fit=1000,50,0,0,0.0,0.0,0.0,1.0,1.7193911315780383e-11,1.7223971210437466e-11,3.612885350267702e-13,1.667661062403359e-11,1.7697971811384e-11,6.797405734934313e-11,0.0003414428917580915,
raw_atan2,axis:samples_per_fit=1000,50,0,0,0.0,0.0,0.0,,3.7276872917725985e-09,3.727653841350412e-09,4.831178514578074e-13,3.7268802630909016e-09,3.72835994673668e-09,6.690932956352196e-09,0.07402575860121889,
taubin,axis:samples_per_fit=1000,50,0,0,0.0,0.0,0.0,,3.6076537481232765e-09,3.607705147550146e-09,5.056329824748081e-13,3.6069316974288586e-09,3.6084325987376067e-09,6.152386213682869e-09,0.07164208920227413,
fitzgibbon,axis:samples_per_fit=20,50,0,0,0.0,0.0,0.0,,1.88409336426771e-11,1.8463033602567572e-11,3.4758170184062965e-12,1.4269909749852063e-11,2.414758706229117e-11,4.200410976303119e-11,0.00037415005511129683,
halir_flusser,axis:samples_per_fit=20,50,0,0,0.0,0.0,0.0,,1.8840933642677672e-11,1.84630336026407e-11,3.475817018402492e-12,1.4269909749761889e-11,2.4147587062203137e-11,4.2004109763007046e-11,0.0003741500551113082,
heydemann,axis:samples_per_fit=20,50,0,0,0.0,0.0,0.0,,1.609429775688729e-11,1.579979951848153e-11,2.553789686219852e-12,1.2428064751676934e-11,2.0355095618943875e-11,3.685750904658447e-11,0.0003196063691385829,
kasa,axis:samples_per_fit=20,50,0,0,0.0,0.0,0.0,,3.6081264644736235e-09,3.608087827955013e-09,3.4370329439423112e-12,3.6011137526031028e-09,3.6130270582420667e-09,6.126713967333932e-09,0.07165147657404075,
koning_wimmer_witkovsky,axis:samples_per_fit=20,50,0,0,0.0,0.0,0.0,1.0,1.878622993243576e-11,1.831809928929084e-11,3.450827128145154e-12,1.4236175542533643e-11,2.4216462957351377e-11,4.176144478195915e-11,0.00037306372910485996,
raw_atan2,axis:samples_per_fit=20,50,0,0,0.0,0.0,0.0,,3.728451546005678e-09,3.728604742321482e-09,3.6249284915809185e-12,3.7207392892637853e-09,3.733126510377559e-09,6.571279430286635e-09,0.07404093543740166,
taubin,axis:samples_per_fit=20,50,0,0,0.0,0.0,0.0,,3.608126803979439e-09,3.608088016514726e-09,3.437045601220638e-12,3.601113995504562e-09,3.6130273485677854e-09,6.126784815893743e-09,0.0716514833160697,
fitzgibbon,axis:samples_per_fit=200,50,0,0,0.0,0.0,0.0,,1.7366064020148914e-11,1.7298266881656025e-11,9.310055459902367e-13,1.5858557199840465e-11,1.8860626771460492e-11,5.683848641303957e-11,0.00034486156224696493,
halir_flusser,axis:samples_per_fit=200,50,0,0,0.0,0.0,0.0,,1.736606402014561e-11,1.7298266881615787e-11,9.310055460071151e-13,1.5858557199801035e-11,1.8860626771449787e-11,5.683848641306104e-11,0.00034486156224689923,
heydemann,axis:samples_per_fit=200,50,0,0,0.0,0.0,0.0,,1.702874778154426e-11,1.7015478442971348e-11,8.032187404251333e-13,1.5708905686718767e-11,1.8272206121989504e-11,5.5944274927947575e-11,0.0003381630147302966,
kasa,axis:samples_per_fit=200,50,0,0,0.0,0.0,0.0,,3.6079725379773445e-09,3.6080355703908964e-09,1.289535855093165e-12,3.6063314795788756e-09,3.610030636812781e-09,6.134998309153353e-09,0.07164841984616527,
koning_wimmer_witkovsky,axis:samples_per_fit=200,50,0,0,0.0,0.0,0.0,1.0,1.7356049290761048e-11,1.7308215212434715e-11,9.238747980524492e-13,1.5858718842232534e-11,1.8819239087378855e-11,5.6803089838250816e-11,0.0003446626861390471,
raw_atan2,axis:samples_per_fit=200,50,0,0,0.0,0.0,0.0,,3.728037775694224e-09,3.728064952839892e-09,1.2650685463650616e-12,3.726191931537696e-09,3.730012041400724e-09,6.677204121829152e-09,0.0740327186373338,
taubin,axis:samples_per_fit=200,50,0,0,0.0,0.0,0.0,,3.6079725757992557e-09,3.6080355807557263e-09,1.289543947636895e-12,3.6063315337149354e-09,3.6100307477690703e-09,6.134997230375916e-09,0.07164842059724644,
fitzgibbon,axis:samples_per_fit=40,50,0,0,0.0,0.0,0.0,,1.8076220213290126e-11,1.810564334142848e-11,1.8091965202141913e-12,1.5583059959760596e-11,2.1172761119278572e-11,4.557372533951882e-11,0.00035896410004262693,
halir_flusser,axis:samples_per_fit=40,50,0,0,0.0,0.0,0.0,,1.8076220213299106e-11,1.810564334144216e-11,1.8091965202053423e-12,1.5583059959761077e-11,2.117276111927603e-11,4.5573725339546096e-11,0.0003589641000428053,
heydemann,axis:samples_per_fit=40,50,0,0,0.0,0.0,0.0,,1.6762804129858857e-11,1.6774110314341404e-11,1.7454972466769637e-12,1.3929523958465648e-11,1.9427643926407002e-11,4.215653424487936e-11,0.0003328818097846347,
kasa,axis:samples_per_fit=40,50,0,0,0.0,0.0,0.0,,3.6081041667311635e-09,3.608591433863013e-09,2.4036898440528054e-12,3.604204441180144e-09,3.611711829993972e-09,6.129329241781918e-09,0.07165103377742947,
koning_wimmer_witkovsky,axis:samples_per_fit=40,50,0,0,0.0,0.0,0.0,1.0,1.807555141592747e-11,1.8113208230322994e-11,1.8395069951960827e-12,1.5598249846487826e-11,2.1258194652444887e-11,4.555242211507497e-11,0.0003589508188234029,
raw_atan2,axis:samples_per_fit=40,50,0,0,0.0,0.0,0.0,,3.728095261948888e-09,3.7283410740870196e-09,2.417781711360941e-12,3.723499724917126e-09,3.731682248285657e-09,6.640362074980603e-09,0.07403386022011088,
taubin,axis:samples_per_fit=40,50,0,0,0.0,0.0,0.0,,3.608104334444745e-09,3.608591559286373e-09,2.4037045419763203e-12,3.604204605707653e-09,3.611712255781972e-09,6.129334261090014e-09,0.07165103710794626,
fitzgibbon,axis:samples_per_fit=500,50,0,0,0.0,0.0,0.0,,1.733573316552379e-11,1.7367076583165155e-11,5.63538875005022e-13,1.6471759136802177e-11,1.8360493062046522e-11,6.442450510537634e-11,0.0003442592411972343,
halir_flusser,axis:samples_per_fit=500,50,0,0,0.0,0.0,0.0,,1.7335733165524774e-11,1.736707658320769e-11,5.635388750035068e-13,1.64717591367814e-11,1.8360493062038383e-11,6.442450510537501e-11,0.00034425924119725376,
heydemann,axis:samples_per_fit=500,50,0,0,0.0,0.0,0.0,,1.7209595311724723e-11,1.7212608369165684e-11,5.752272198732636e-13,1.638552350702734e-11,1.8207718393973025e-11,6.39656235606972e-11,0.0003417543502058643,
kasa,axis:samples_per_fit=500,50,0,0,0.0,0.0,0.0,,3.6078436870791433e-09,3.6078017094578495e-09,6.906163736338786e-13,3.6066626970862373e-09,3.608833025066267e-09,6.14561733025723e-09,0.07164586107855973,
koning_wimmer_witkovsky,axis:samples_per_fit=500,50,0,0,0.0,0.0,0.0,1.0,1.7334744347510574e-11,1.736789830687218e-11,5.600954020667361e-13,1.64692176176339e-11,1.8347133957481256e-11,6.44291701505089e-11,0.00034423960489251843,
raw_atan2,axis:samples_per_fit=500,50,0,0,0.0,0.0,0.0,,3.727933212177291e-09,3.7278252872345245e-09,6.841184562115463e-13,3.726978627060726e-09,3.728907998661637e-09,6.6830179896289e-09,0.07403064217730454,
taubin,axis:samples_per_fit=500,50,0,0,0.0,0.0,0.0,,3.607843700524725e-09,3.6078017252255598e-09,6.906159579354911e-13,3.606662725236357e-09,3.6088330466892406e-09,6.145627923998138e-09,0.07164586134556694,
fitzgibbon,axis:samples_per_fit=60,50,0,0,0.0,0.0,0.0,,1.820937501702549e-11,1.812638423468131e-11,1.7990304973728277e-12,1.5320877124679804e-11,2.112541391874906e-11,4.710191702828633e-11,0.0003616083361564399,
halir_flusser,axis:samples_per_fit=60,50,0,0,0.0,0.0,0.0,,1.8209375017038533e-11,1.8126384234707542e-11,1.7990304973706426e-12,1.5320877124828673e-11,2.112541391879932e-11,4.710191702828589e-11,0.0003616083361566989,
heydemann,axis:samples_per_fit=60,50,0,0,0.0,0.0,0.0,,1.698227402647203e-11,1.718754081156851e-11,1.4891246291661661e-12,1.4071745380427423e-11,1.9168281602048933e-11,4.50185247877376e-11,0.0003372401221416768,
kasa,axis:samples_per_fit=60,50,0,0,0.0,0.0,0.0,,3.607797662861277e-09,3.607868816965227e-09,2.539677421983106e-12,3.603902126943823e-09,3.6124141885558467e-09,6.12598716430653e-09,0.07164494711304306,
koning_wimmer_witkovsky,axis:samples_per_fit=60,50,0,0,0.0,0.0,0.0,1.0,1.8190021723495807e-11,1.8172229756748763e-11,1.777907570944685e-12,1.5285062554037715e-11,2.1165516045508452e-11,4.711578769127694e-11,0.0003612240114739139,
raw_atan2,axis:samples_per_fit=60,50,0,0,0.0,0.0,0.0,,3.7277796265149275e-09,3.727475425542796e-09,2.611417092351989e-12,3.723524012178993e-09,3.732032728648563e-09,6.658833179916667e-09,0.07402759221783185,
taubin,axis:samples_per_fit=60,50,0,0,0.0,0.0,0.0,,3.6077977911887675e-09,3.6078688653336153e-09,2.5396572180109213e-12,3.603902482166961e-09,3.6124142317829175e-09,6.1260293865453755e-09,0.07164494966141664,
fitzgibbon,"grid:amplitude_x_noise:amplitude_ratio=1.0,noise_std=0.0",50,0,0,0.0,0.0,0.0,,1.907763058774747e-11,1.9277922177834855e-11,1.9429213501514055e-12,1.5634112173532438e-11,2.2221380584652763e-11,5.393996856724254e-11,0.00037885046840940184,
halir_flusser,"grid:amplitude_x_noise:amplitude_ratio=1.0,noise_std=0.0",50,0,0,0.0,0.0,0.0,,1.907763058775539e-11,1.9277922177873823e-11,1.942921350170505e-12,1.5634112173470638e-11,2.22213805847581e-11,5.393996856731634e-11,0.00037885046840955915,
heydemann,"grid:amplitude_x_noise:amplitude_ratio=1.0,noise_std=0.0",50,0,0,0.0,0.0,0.0,,1.8017880706862272e-11,1.7995075766565318e-11,1.9705407376991763e-12,1.486424582114767e-11,2.1166413800974975e-11,4.98376335425444e-11,0.000357805573084297,
kasa,"grid:amplitude_x_noise:amplitude_ratio=1.0,noise_std=0.0",50,0,0,0.0,0.0,0.0,,3.0845238530779295e-09,3.08444560742881e-09,2.0783365791421383e-12,3.081777212871967e-09,3.08769448737927e-09,5.044604974220186e-09,0.061253587083768046,
koning_wimmer_witkovsky,"grid:amplitude_x_noise:amplitude_ratio=1.0,noise_std=0.0",50,0,0,0.0,0.0,0.0,1.0,1.9070010290576676e-11,1.916974862002039e-11,1.942662998040583e-12,1.562387089357236e-11,2.2230883270393034e-11,5.394206298443349e-11,0.00037869914179998373,
raw_atan2,"grid:amplitude_x_noise:amplitude_ratio=1.0,noise_std=0.0",50,0,0,0.0,0.0,0.0,,3.2379304068533365e-09,3.238017919390785e-09,2.0878854820659877e-12,3.23458231628841e-09,3.2417408491932605e-09,6.056800574380507e-09,0.06429998975351109,
taubin,"grid:amplitude_x_noise:amplitude_ratio=1.0,noise_std=0.0",50,0,0,0.0,0.0,0.0,,3.0845239020499533e-09,3.0844456730816647e-09,2.0783437925100104e-12,3.0817772252094864e-09,3.087694534967401e-09,5.044611137980816e-09,0.061253588056272165,
fitzgibbon,"grid:amplitude_x_noise:amplitude_ratio=1.0,noise_std=0.005",50,0,0,0.0,0.0,0.0,,2.5715295568231856e-10,2.5935809672735057e-10,2.643715795517994e-11,2.204477693860659e-10,2.920320479424828e-10,6.519706427953047e-10,0.005106636134137001,
halir_flusser,"grid:amplitude_x_noise:amplitude_ratio=1.0,noise_std=0.005",50,0,0,0.0,0.0,0.0,,2.571529556823137e-10,2.5935809672732193e-10,2.6437157955166354e-11,2.2044776938607923e-10,2.92032047942476e-10,6.519706427952639e-10,0.005106636134136906,
heydemann,"grid:amplitude_x_noise:amplitude_ratio=1.0,noise_std=0.005",50,0,0,0.0,0.0,0.0,,2.4527700770175417e-10,2.4610654784669163e-10,2.526021619744633e-11,2.0560240296099196e-10,2.8504168892383933e-10,6.231975831046974e-10,0.004870799276171415,
kasa,"grid:amplitude_x_noise:amplitude_ratio=1.0,noise_std=0.005",50,0,0,0.0,0.0,0.0,,3.09576631022867e-09,3.0941683121815697e-09,3.041184064818746e-11,3.048292133445159e-09,3.146510456627819e-09,5.328708729279545e-09,0.06147684385237149,
koning_wimmer_witkovsky,"grid:amplitude_x_noise:amplitude_ratio=1.0,noise_std=0.005",50,0,0,0.0,0.0,0.0,1.0,2.57402324026536e-10,2.59314390558044e-10,2.632272683884654e-11,2.2086217886174418e-10,2.9237589550885416e-10,6.525709321541865e-10,0.005111588180649211,
raw_atan2,"grid:amplitude_x_noise:amplitude_ratio=1.0,noise_std=0.005",50,0,0,0.0,0.0,0.0,,3.2476723551117716e-09,3.2456039776381566e-09,2.8303364646431256e-11,3.2087584020519012e-09,3.292392979859943e-09,6.261448698205097e-09,0.06449344887538436,
taubin,"grid:amplitude_x_noise:amplitude_ratio=1.0,noise_std=0.005",50,0,0,0.0,0.0,0.0,,3.095773595051393e-09,3.0941771247370373e-09,3.0411135762444764e-11,3.048295558511364e-09,3.1465153642707037e-09,5.328821662974717e-09,0.061476988517008335,
fitzgibbon,"grid:amplitude_x_noise:amplitude_ratio=1.0,noise_std=0.01",50,0,0,0.0,0.0,0.0,,5.174179648492256e-10,5.174254960367402e-10,5.3582401729188823e-11,4.490312623733499e-10,6.125659218875535e-10,1.350282914671821e-09,0.010275072548708655,
halir_flusser,"grid:amplitude_x_noise:amplitude_ratio=1.0,noise_std=0.01",50,0,0,0.0,0.0,0.0,,5.174179648492417e-10,5.174254960367723e-10,5.3582401729220734e-11,4.4903126237331123e-10,6.125659218875832e-10,1.3502829146719268e-09,0.010275072548708972,
heydemann,"grid:amplitude_x_noise:amplitude_ratio=1.0,noise_std=0.01",50,0,0,0.0,0.0,0.0,,4.859713320033632e-10,4.838713469306745e-10,4.140885152658731e-11,4.363479438723161e-10,5.67923933399068e-10,1.2664038427471835e-09,0.00965059397267391,
kasa,"grid:amplitude_x_noise:amplitude_ratio=1.0,noise_std=0.01",50,0,0,0.0,0.0,0.0,,3.1332753301549303e-09,3.1301188570060746e-09,5.4690006374831625e-11,3.051768244428172e-09,3.2339415589969976e-09,5.768037199402931e-09,0.06222171149740116,
koning_wimmer_witkovsky,"grid:amplitude_x_noise:amplitude_ratio=1.0,noise_std=0.01",50,0,0,0.0,0.0,0.0,1.0,5.179199825910672e-10,5.16410001148475e-10,5.473505913559306e-11,4.487593819945424e-10,6.078316055170906e-10,1.352113607191595e-09,0.010285041798074905,
raw_atan2,"grid:amplitude_x_noise:amplitude_ratio=1.0,noise_std=0.01",50,0,0,0.0,0.0,0.0,,3.282908949213627e-09,3.2780729293360354e-09,5.061953193149221e-11,3.215554522368187e-09,3.3668088468217793e-09,6.604713830022413e-09,0.06519318986886039,
taubin,"grid:amplitude_x_noise:amplitude_ratio=1.0,noise_std=0.01",50,0,0,0.0,0.0,0.0,,3.1333174043175686e-09,3.130140076775979e-09,5.4700613878506046e-11,3.0518107719691253e-09,3.2340125844397972e-09,5.7683326647066105e-09,0.062222547021296544,
fitzgibbon,"grid:amplitude_x_noise:amplitude_ratio=1.0,noise_std=0.02",50,0,0,0.0,0.0,0.0,,1.0612690040578156e-09,1.0752281624691109e-09,9.145282830218368e-11,9.184693072340032e-10,1.1957774289841855e-09,2.714518451953152e-09,0.021075062620926618,
halir_flusser,"grid:amplitude_x_noise:amplitude_ratio=1.0,noise_std=0.02",50,0,0,0.0,0.0,0.0,,1.0612690040578204e-09,1.0752281624692498e-09,9.145282830215437e-11,9.184693072340356e-10,1.1957774289843208e-09,2.7145184519531845e-09,0.02107506262092671,
heydemann,"grid:amplitude_x_noise:amplitude_ratio=1.0,noise_std=0.02",50,0,0,0.0,0.0,0.0,,1.005602732031998e-09,1.0227823585146883e-09,8.186829246447064e-11,8.72866934880631e-10,1.1165464612040025e-09,2.6121710599278436e-09,0.01996962171543331,
kasa,"grid:amplitude_x_noise:amplitude_ratio=1.0,noise_std=0.02",50,0,0,0.0,0.0,0.0,,3.240180954419715e-09,3.2292996683711527e-09,1.0518566315302406e-10,3.0969340123430415e-09,3.436707236864617e-09,6.56108751379199e-09,0.06434468193872654,
koning_wimmer_witkovsky,"grid:amplitude_x_noise:amplitude_ratio=1.0,noise_std=0.02",50,0,0,0.0,0.0,0.0,1.0,1.065317084247883e-09,1.069133094856529e-09,9.583158947223121e-11,9.292320276208972e-10,1.2183659145131909e-09,2.716310669778519e-09,0.021155450857249358,
raw_atan2,"grid:amplitude_x_noise:amplitude_ratio=1.0,noise_std=0.02",50,0,0,0.0,0.0,0.0,,3.3788867962091867e-09,3.377189691594895e-09,1.051068463054841e-10,3.2358615927957086e-09,3.549573694083672e-09,7.246749161043192e-09,0.06709915256815634,
taubin,"grid:amplitude_x_noise:amplitude_ratio=1.0,noise_std=0.02",50,0,0,0.0,0.0,0.0,,3.2403871791095095e-09,3.2295872924297284e-09,1.0518614067801983e-10,3.0970745335859273e-09,3.43687143228624e-09,6.562365979560882e-09,0.0643487772229898,
fitzgibbon,"grid:amplitude_x_noise:amplitude_ratio=1.0,noise_std=0.03",50,0,0,0.0,0.0,0.0,,1.6086474069313333e-09,1.636700027611272e-09,1.7530299371586192e-10,1.3318168222848043e-09,1.886770842629752e-09,4.157658081947991e-09,0.03194510035291875,
halir_flusser,"grid:amplitude_x_noise:amplitude_ratio=1.0,noise_std=0.03",50,0,0,0.0,0.0,0.0,,1.6086474069313358e-09,1.63670002761128e-09,1.753029937158763e-10,1.3318168222847634e-09,1.8867708426297053e-09,4.157658081947992e-09,0.03194510035291881,
heydemann,"grid:amplitude_x_noise:amplitude_ratio=1.0,noise_std=0.03",50,0,0,0.0,0.0,0.0,,1.5223955758385356e-09,1.5171097407990168e-09,1.608228561938306e-10,1.2945109089906145e-09,1.7650270736165398e-09,3.973298622175336e-09,0.030232280385031257,
kasa,"grid:amplitude_x_noise:amplitude_ratio=1.0,noise_std=0.03",50,0,0,0.0,0.0,0.0,,3.4284612677499054e-09,3.4378449727075555e-09,2.133147821113467e-10,3.021392282290051e-09,3.6900504372241762e-09,7.553846138477183e-09,0.06808362030265647,
koning_wimmer_witkovsky,"grid:amplitude_x_noise:amplitude_ratio=1.0,noise_std=0.03",50,0,0,0.0,0.0,0.0,1.0,1.6119618721665936e-09,1.6316555897092594e-09,1.737024111799776e-10,1.3371483653913145e-09,1.8960126613674423e-09,4.172197118694237e-09,0.03201092019889645,
raw_atan2,"grid:amplitude_x_noise:amplitude_ratio=1.0,noise_std=0.03",50,0,0,0.0,0.0,0.0,,3.5713514215165817e-09,3.6024267753448542e-09,2.1777791033566166e-10,3.2145717051038286e-09,3.869646266619874e-09,8.146908618712423e-09,0.07092118450836889,
taubin,"grid:amplitude_x_noise:amplitude_ratio=1.0,noise_std=0.03",50,0,0,0.0,0.0,0.0,,3.429055291675569e-09,3.4391021603340647e-09,2.1332628971652975e-10,3.022248731947314e-09,3.6909612608780233e-09,7.555513108837055e-09,0.06809541664400237,
fitzgibbon,"grid:amplitude_x_noise:amplitude_ratio=1.0,noise_std=0.04",50,0,0,0.0,0.0,0.0,,2.1052622757368663e-09,2.110475409431176e-09,2.101014032654838e-10,1.7718009578985964e-09,2.4335421484618466e-09,5.527525967392102e-09,0.04180705751791826,
halir_flusser,"grid:amplitude_x_noise:amplitude_ratio=1.0,noise_std=0.04",50,0,0,0.0,0.0,0.0,,2.1052622757368733e-09,2.1104754094312426e-09,2.1010140326548968e-10,1.7718009578986436e-09,2.433542148461826e-09,5.52752596739212e-09,0.0418070575179184,
heydemann,"grid:amplitude_x_noise:amplitude_ratio=1.0,noise_std=0.04",50,0,0,0.0,0.0,0.0,,1.996661051933942e-09,2.0218063977380868e-09,1.7028835986809302e-10,1.7309130584121019e-09,2.262032019991159e-09,5.125716989434927e-09,0.039650415249459794,
kasa,"grid:amplitude_x_noise:amplitude_ratio=1.0,noise_std=0.04",50,0,0,0.0,0.0,0.0,,3.714250334386407e-09,3.7028035309124657e-09,2.3175637217542845e-10,3.386825293196314e-09,4.174236616414436e-09,8.581311923091049e-09,0.07375892265551055,
koning_wimmer_witkovsky,"grid:amplitude_x_noise:amplitude_ratio=1.0,noise_std=0.04",50,0,0,0.0,0.0,0.0,1.0,2.149668442948113e-09,2.173978666986669e-09,2.2819538774046265e-10,1.7444317484876079e-09,2.506262037129075e-09,5.595482818171377e-09,0.04268889120113527,
raw_atan2,"grid:amplitude_x_noise:amplitude_ratio=1.0,noise_std=0.04",50,0,0,0.0,0.0,0.0,,3.8282525618703634e-09,3.789496856697072e-09,2.245252333465603e-10,3.5429399053422787e-09,4.2584599846733774e-09,8.812613397962325e-09,0.07602282000289658,
taubin,"grid:amplitude_x_noise:amplitude_ratio=1.0,noise_std=0.04",50,0,0,0.0,0.0,0.0,,3.7152597141213736e-09,3.7034810742892484e-09,2.318518439487515e-10,3.3880353859672697e-09,4.174377876976109e-09,8.58502631036072e-09,0.07377896728231241,
fitzgibbon,"grid:amplitude_x_noise:amplitude_ratio=1.0,noise_std=0.05",50,0,0,0.0,0.0,0.0,,2.6432105794540746e-09,2.6716572934228924e-09,2.900619591733535e-10,2.10815925071059e-09,3.0200268062143554e-09,6.805226215542321e-09,0.052489828939973074,
halir_flusser,"grid:amplitude_x_noise:amplitude_ratio=1.0,noise_std=0.05",50,0,0,0.0,0.0,0.0,,2.6432105794540704e-09,2.6716572934230814e-09,2.9006195917332265e-10,2.1081592507105887e-09,3.020026806214132e-09,6.8052262155422966e-09,0.05248982893997299,
heydemann,"grid:amplitude_x_noise:amplitude_ratio=1.0,noise_std=0.05",50,0,0,0.0,0.0,0.0,,2.4867103512760006e-09,2.4995771354247013e-09,2.7177488592819025e-10,2.026816023107027e-09,2.947828125474999e-09,6.395316947786038e-09,0.049381990968232474,
kasa,"grid:amplitude_x_noise:amplitude_ratio=1.0,noise_std=0.05",50,0,0,0.0,0.0,0.0,,3.98134126893269e-09,3.955129427633037e-09,2.9401627464239926e-10,3.4872066360922833e-09,4.4567550616043955e-09,9.673863821795639e-09,0.07906291075798233,
koning_wimmer_witkovsky,"grid:amplitude_x_noise:amplitude_ratio=1.0,noise_std=0.05",50,0,0,0.0,0.0,0.0,1.0,2.6793507412686294e-09,2.6734945204451604e-09,2.777341163361083e-10,2.0949274959192024e-09,3.0632738702251027e-09,6.920678236796189e-09,0.053207513306952545,
raw_atan2,"grid:amplitude_x_noise:amplitude_ratio=1.0,noise_std=0.05",50,0,0,0.0,0.0,0.0,,4.0741976526965e-09,4.058191599595907e-09,2.779116822513825e-10,3.662784049861337e-09,4.516424542849052e-09,9.90324633451673e-09,0.08090688631469092,
taubin,"grid:amplitude_x_noise:amplitude_ratio=1.0,noise_std=0.05",50,0,0,0.0,0.0,0.0,,3.983639626263789e-09,3.9566092365212745e-09,2.94793037505375e-10,3.487619430299322e-09,4.4591094877509165e-09,9.678084522272236e-09,0.07910855236674784,
fitzgibbon,"grid:amplitude_x_noise:amplitude_ratio=1.0,noise_std=0.06",50,0,0,0.0,0.0,0.0,,3.099860062847305e-09,3.0545383675236728e-09,3.1318103335441e-10,2.723434752720888e-09,3.5885420372657025e-09,7.747538700106684e-09,0.061558139068252124,
halir_flusser,"grid:amplitude_x_noise:amplitude_ratio=1.0,noise_std=0.06",50,0,0,0.0,0.0,0.0,,3.0998600628472917e-09,3.0545383675235276e-09,3.1318103335438834e-10,2.7234347527208876e-09,3.5885420372656818e-09,7.747538700106608e-09,0.06155813906825187,
heydemann,"grid:amplitude_x_noise:amplitude_ratio=1.0,noise_std=0.06",50,0,0,0.0,0.0,0.0,,2.958550928404247e-09,2.9384078642578696e-09,2.8857252396197234e-10,2.4746036229004006e-09,3.4606358519319474e-09,7.534440728617944e-09,0.058751971314450334,
kasa,"grid:amplitude_x_noise:amplitude_ratio=1.0,noise_std=0.06",50,0,0,0.0,0.0,0.0,,4.285494135756455e-09,4.291602733854918e-09,3.255854384160955e-10,3.759648142631319e-09,4.788784761518501e-09,1.0285755015253573e-08,0.08510288807771565,
koning_wimmer_witkovsky,"grid:amplitude_x_noise:amplitude_ratio=1.0,noise_std=0.06",50,0,0,0.0,0.0,0.0,1.0,3.2002537500517996e-09,3.1772446678775563e-09,3.5488137226531064e-10,2.704335938039123e-09,3.786891967532352e-09,7.905583335153782e-09,0.06355179311495526,
raw_atan2,"grid:amplitude_x_noise:amplitude_ratio=1.0,noise_std=0.06",50,0,0,0.0,0.0,0.0,,4.336463983562857e-09,4.354609094989485e-09,3.122353260095905e-10,3.951801253205485e-09,4.842667255276778e-09,1.0568424917735307e-08,0.08611506569733121,
taubin,"grid:amplitude_x_noise:amplitude_ratio=1.0,noise_std=0.06",50,0,0,0.0,0.0,0.0,,4.2885345905231515e-09,4.296289450026277e-09,3.262483386959591e-10,3.759930712200212e-09,4.791609974052604e-09,1.0289133547832515e-08,0.0851632665249889,
fitzgibbon,"grid:amplitude_x_noise:amplitude_ratio=1.0,noise_std=0.08",50,0,0,0.0,0.0,0.0,,4.292464525116776e-09,4.302974610338084e-09,3.919990998763321e-10,3.5801575027890857e-09,4.875217545251897e-09,1.079297631773323e-08,0.0852413085834492,
halir_flusser,"grid:amplitude_x_noise:amplitude_ratio=1.0,noise_std=0.08",50,0,0,0.0,0.0,0.0,,4.2924645251167665e-09,4.3029746103381115e-09,3.9199909987631206e-10,3.580157502789064e-09,4.875217545251846e-09,1.0792976317733184e-08,0.085241308583449,
heydemann,"grid:amplitude_x_noise:amplitude_ratio=1.0,noise_std=0.08",50,0,0,0.0,0.0,0.0,,4.052613723823166e-09,4.055816006171229e-09,2.8583196031704595e-10,3.5853577651287647e-09,4.6045897755689415e-09,1.0399070840230037e-08,0.0804782648710495,
kasa,"grid:amplitude_x_noise:amplitude_ratio=1.0,noise_std=0.08",50,0,0,0.0,0.0,0.0,,5.132154329835589e-09,5.064245560513164e-09,3.7614659856258084e-10,4.560380652398193e-09,5.816358181916053e-09,1.2857509705669426e-08,0.10191617155310072,
koning_wimmer_witkovsky,"grid:amplitude_x_noise:amplitude_ratio=1.0,noise_std=0.08",50,0,0,0.0,0.0,0.0,1.0,4.514353137396607e-09,4.396830209822523e-09,4.957420018315879e-10,3.8939062074800965e-09,5.4253775747968856e-09,1.1307588154420426e-08,0.0896476526684906,
raw_atan2,"grid:amplitude_x_noise:amplitude_ratio=1.0,noise_std=0.08",50,0,0,0.0,0.0,0.0,,5.179647706235057e-09,5.158951074003284e-09,3.8456554430787234e-10,4.594445774060798e-09,5.746703608666935e-09,1.2769454355973495e-08,0.10285931214975523,
taubin,"grid:amplitude_x_noise:amplitude_ratio=1.0,noise_std=0.08",50,0,0,0.0,0.0,0.0,,5.141327111555769e-09,5.068361625724284e-09,3.795739343317603e-10,4.564920510243356e-09,5.83657509687606e-09,1.288387732468389e-08,0.1020983279605919,
fitzgibbon,"grid:amplitude_x_noise:amplitude_ratio=1.0,noise_std=0.1",50,0,0,0.0,0.0,0.0,,5.258450458799224e-09,5.2558943039982266e-09,4.609250599217856e-10,4.567584821074399e-09,5.863821221179888e-09,1.3596932758289584e-08,0.10442420562976944,
halir_flusser,"grid:amplitude_x_noise:amplitude_ratio=1.0,noise_std=0.1",50,0,0,0.0,0.0,0.0,,5.258450458799204e-09,5.255894303998254e-09,4.6092505992177404e-10,4.567584821074285e-09,5.863821221179857e-09,1.3596932758289582e-08,0.10442420562976902,
heydemann,"grid:amplitude_x_noise:amplitude_ratio=1.0,noise_std=0.1",50,0,0,0.0,0.0,0.0,,4.958993141504548e-09,4.947234869852378e-09,4.0220539785048973e-10,4.310527033141746e-09,5.637617489842105e-09,1.288961040712811e-08,0.09847747422599783,
kasa,"grid:amplitude_x_noise:amplitude_ratio=1.0,noise_std=0.1",50,0,0,0.0,0.0,0.0,,5.9376675230769915e-09,5.926291561974191e-09,4.741034270663142e-10,5.2312473484001195e-09,6.769286779484364e-09,1.491969020421557e-08,0.11791234304650683,
koning_wimmer_witkovsky,"grid:amplitude_x_noise:amplitude_ratio=1.0,noise_std=0.1",50,0,0,0.0,0.0,0.0,1.0,5.64050746985042e-09,5.5529886392357885e-09,6.035895083122149e-10,4.805249848487767e-09,6.7951640238559906e-09,1.4261156368829083e-08,0.11201123154108995,
raw_atan2,"grid:amplitude_x_noise:amplitude_ratio=1.0,noise_std=0.1",50,0,0,0.0,0.0,0.0,,5.9621610557626984e-09,5.965613179491944e-09,4.661792693707399e-10,5.227243569944264e-09,6.76745898628149e-09,1.4897707442092367e-08,0.11839874445198015,
taubin,"grid:amplitude_x_noise:amplitude_ratio=1.0,noise_std=0.1",50,0,0,0.0,0.0,0.0,,5.953834018448704e-09,5.984766211413276e-09,4.766125885354867e-10,5.241658554592605e-09,6.797731207713203e-09,1.4976656126085978e-08,0.11823338314191809,
fitzgibbon,"grid:amplitude_x_noise:amplitude_ratio=1.02,noise_std=0.0",50,0,0,0.0,0.0,0.0,,1.8352754523254913e-11,1.85797634387447e-11,1.9144841959831226e-12,1.488014906000228e-11,2.1206924504546503e-11,5.170323519631943e-11,0.00036445561809983875,
halir_flusser,"grid:amplitude_x_noise:amplitude_ratio=1.02,noise_std=0.0",50,0,0,0.0,0.0,0.0,,1.8352754523274552e-11,1.8579763438712668e-11,1.914484195993573e-12,1.4880149060086732e-11,2.1206924504637593e-11,5.1703235196397253e-11,0.0003644556181002287,
heydemann,"grid:amplitude_x_noise:amplitude_ratio=1.02,noise_std=0.0",50,0,0,0.0,0.0,0.0,,1.7535620715962832e-11,1.765110100687819e-11,1.7830151946690072e-12,1.4232255782099504e-11,2.039212917198088e-11,5.013344958348307e-11,0.00034822868026173086,
kasa,"grid:amplitude_x_noise:amplitude_ratio=1.02,noise_std=0.0",50,0,0,0.0,0.0,0.0,,3.1253600583359193e-09,3.1255251618184044e-09,1.9334180006421176e-12,3.1220455100073355e-09,3.128152692766977e-09,5.121057634823749e-09,0.06206452717503851,
koning_wimmer_witkovsky,"grid:amplitude_x_noise:amplitude_ratio=1.02,noise_std=0.0",50,0,0,0.0,0.0,0.0,1.0,1.834080324806851e-11,1.8598484787930398e-11,1.9184105607078434e-12,1.4879783367566596e-11,2.1173777538525132e-11,5.17312216585879e-11,0.00036421828536705337,
raw_atan2,"grid:amplitude_x_noise:amplitude_ratio=1.02,noise_std=0.0",50,0,0,0.0,0.0,0.0,,3.2738335796369735e-09,3.27381469109332e-09,1.992591316541276e-12,3.270793470505781e-09,3.2765757758275063e-09,6.028579159349241e-09,0.06501296790684634,
taubin,"grid:amplitude_x_noise:amplitude_ratio=1.02,noise_std=0.0",50,0,0,0.0,0.0,0.0,,3.125360101201989e-09,3.125525218027476e-09,1.9334250295976537e-12,3.122045520530771e-09,3.128152722832014e-09,5.121066801046334e-09,0.06206452802628837,
fitzgibbon,"grid:amplitude_x_noise:amplitude_ratio=1.02,noise_std=0.005",50,0,0,0.0,0.0,0.0,,2.6205795962042624e-10,2.646068099633897e-10,2.4894668364281528e-11,2.2258571756553013e-10,2.983860351870489e-10,6.715790870063454e-10,0.005204041471291161,
halir_flusser,"grid:amplitude_x_noise:amplitude_ratio=1.02,noise_std=0.005",50,0,0,0.0,0.0,0.0,,2.620579596204333e-10,2.6460680996339094e-10,2.4894668364282497e-11,2.2258571756553895e-10,2.9838603518702554e-10,6.715790870063657e-10,0.0052040414712913015,
heydemann,"grid:amplitude_x_noise:amplitude_ratio=1.02,noise_std=0.005",50,0,0,0.0,0.0,0.0,,2.4704327954445684e-10,2.477984627412177e-10,2.5319988195391595e-11,2.0686084907556371e-10,2.887644961702753e-10,6.325722107257244e-10,0.004905874539415899,
kasa,"grid:amplitude_x_noise:amplitude_ratio=1.02,noise_std=0.005",50,0,0,0.0,0.0,0.0,,3.1272394127368066e-09,3.1277389899209973e-09,3.1586314951214105e-11,3.0760448685424412e-09,3.177106501289871e-09,5.4060657875591614e-09,0.062101848072505746,
koning_wimmer_witkovsky,"grid:amplitude_x_noise:amplitude_ratio=1.02,noise_std=0.005",50,0,0,0.0,0.0,0.0,1.0,2.616468476703549e-10,2.6503379484417563e-10,2.49587887608994e-11,2.2290217815433195e-10,2.9760940104796456e-10,6.713742803146563e-10,0.005195877461922342,
raw_atan2,"grid:amplitude_x_noise:amplitude_ratio=1.02,noise_std=0.005",50,0,0,0.0,0.0,0.0,,3.2766160862139864e-09,3.275197480661072e-09,3.35866354001342e-11,3.224211640292153e-09,3.328116672380696e-09,6.2135721326408e-09,0.06506822392594185,
taubin,"grid:amplitude_x_noise:amplitude_ratio=1.02,noise_std=0.005",50,0,0,0.0,0.0,0.0,,3.1272477012507658e-09,3.127750587047821e-09,3.158652841921423e-11,3.076052356957e-09,3.177117582971006e-09,5.406215101154639e-09,0.062102012668805134,
fitzgibbon,"grid:amplitude_x_noise:amplitude_ratio=1.02,noise_std=0.01",50,0,0,0.0,0.0,0.0,,5.353332460908816e-10,5.354600715889532e-10,5.139774224596211e-11,4.5636714551928134e-10,6.12167529767481e-10,1.2984898494123493e-09,0.010630840664611192,
halir_flusser,"grid:amplitude_x_noise:amplitude_ratio=1.02,noise_std=0.01",50,0,0,0.0,0.0,0.0,,5.353332460908728e-10,5.354600715889087e-10,5.139774224597044e-11,4.5636714551931557e-10,6.121675297673264e-10,1.29848984941242e-09,0.010630840664611018,
heydemann,"grid:amplitude_x_noise:amplitude_ratio=1.02,noise_std=0.01",50,0,0,0.0,0.0,0.0,,5.026255063981713e-10,5.001526926636054e-10,5.018013873357686e-11,4.208111522515731e-10,5.766226943920777e-10,1.230508574413486e-09,0.009981318574003443,
kasa,"grid:amplitude_x_noise:amplitude_ratio=1.02,noise_std=0.01",50,0,0,0.0,0.0,0.0,,3.1614162942536827e-09,3.163045200610396e-09,5.704440517235734e-11,3.0732420310188667e-09,3.246865989294185e-09,5.870397171382266e-09,0.06278054491129227,
koning_wimmer_witkovsky,"grid:amplitude_x_noise:amplitude_ratio=1.02,noise_std=0.01",50,0,0,0.0,0.0,0.0,1.0,5.358420789505139e-10,5.338398462491866e-10,5.188010966179856e-11,4.5556081268309584e-10,6.087489956172928e-10,1.3002049899526956e-09,0.01064094525104435,
raw_atan2,"grid:amplitude_x_noise:amplitude_ratio=1.02,noise_std=0.01",50,0,0,0.0,0.0,0.0,,3.31112624830472e-09,3.307813842988993e-09,5.81785539972193e-11,3.219500639901286e-09,3.410025234490324e-09,6.563882471391257e-09,0.06575353917055905,
taubin,"grid:amplitude_x_noise:amplitude_ratio=1.02,noise_std=0.01",50,0,0,0.0,0.0,0.0,,3.1614566099961445e-09,3.1630628097254355e-09,5.704398700919866e-11,3.0732631530298802e-09,3.2468935019123924e-09,5.8707809508198234e-09,0.06278134551584562,
fitzgibbon,"grid:amplitude_x_noise:amplitude_ratio=1.02,noise_std=0.02",50,0,0,0.0,0.0,0.0,,1.0220820847058888e-09,1.0267150264691935e-09,1.041622010959311e-10,8.409991510805064e-10,1.164388365137951e-09,2.572469564885159e-09,0.020296874643980792,
halir_flusser,"grid:amplitude_x_noise:amplitude_ratio=1.02,noise_std=0.02",50,0,0,0.0,0.0,0.0,,1.0220820847058777e-09,1.0267150264692215e-09,1.0416220109590937e-10,8.409991510805143e-10,1.1643883651379332e-09,2.572469564885085e-09,0.020296874643980566,
heydemann,"grid:amplitude_x_noise:amplitude_ratio=1.02,noise_std=0.02",50,0,0,0.0,0.0,0.0,,9.833401883692091e-10,9.942893366141964e-10,9.759337152178545e-11,8.121137034114024e-10,1.136721250393223e-09,2.449212703330212e-09,0.019527524094565808,
kasa,"grid:amplitude_x_noise:amplitude_ratio=1.02,noise_std=0.02",50,0,0,0.0,0.0,0.0,,3.2922667851275545e-09,3.29556583746777e-09,1.024920880292187e-10,3.1389297431484663e-09,3.4698952788561542e-09,6.7073740544140916e-09,0.06537902114926934,
koning_wimmer_witkovsky,"grid:amplitude_x_noise:amplitude_ratio=1.02,noise_std=0.02",50,0,0,0.0,0.0,0.0,1.0,1.0248265584617946e-09,1.0272839210505451e-09,1.0434459984236599e-10,8.402669659419155e-10,1.1573023590762137e-09,2.58077679173928e-09,0.020351375393598506,
raw_atan2,"grid:amplitude_x_noise:amplitude_ratio=1.02,noise_std=0.02",50,0,0,0.0,0.0,0.0,,3.423634004533608e-09,3.418222635646035e-09,1.0917870752084575e-10,3.2638870712669884e-09,3.620887985735066e-09,7.346779565240031e-09,0.06798775876879258,
taubin,"grid:amplitude_x_noise:amplitude_ratio=1.02,noise_std=0.02",50,0,0,0.0,0.0,0.0,,3.2924250877563324e-09,3.295891134542354e-09,1.0253368225729885e-10,3.1390823747162446e-09,3.470069057291551e-09,6.7082577069391394e-09,0.06538216477996223,
fitzgibbon,"grid:amplitude_x_noise:amplitude_ratio=1.02,noise_std=0.03",50,0,0,0.0,0.0,0.0,,1.6077903174216219e-09,1.6089314327554686e-09,1.6437792279361337e-10,1.3971584980949585e-09,1.8928674532295798e-09,4.15758918548914e-09,0.0319280799603323,
halir_flusser,"grid:amplitude_x_noise:amplitude_ratio=1.02,noise_std=0.03",50,0,0,0.0,0.0,0.0,,1.6077903174216274e-09,1.6089314327554574e-09,1.6437792279360184e-10,1.3971584980950493e-09,1.8928674532296274e-09,4.157589185489254e-09,0.0319280799603324,
heydemann,"grid:amplitude_x_noise:amplitude_ratio=1.02,noise_std=0.03",50,0,0,0.0,0.0,0.0,,1.5140659215212945e-09,1.526707301621058e-09,1.3555630962958968e-10,1.3036599899818702e-09,1.7258386769816742e-09,3.963857550107379e-09,0.030066867105574963,
kasa,"grid:amplitude_x_noise:amplitude_ratio=1.02,noise_std=0.03",50,0,0,0.0,0.0,0.0,,3.4743390375475316e-09,3.5028208082100393e-09,1.9272197872521225e-10,3.129862128712434e-09,3.77680128766597e-09,7.601320857526194e-09,0.06899467760075574,
koning_wimmer_witkovsky,"grid:amplitude_x_noise:amplitude_ratio=1.02,noise_std=0.03",50,0,0,0.0,0.0,0.0,1.0,1.61250549934086e-09,1.5912459458799832e-09,1.7296656130001528e-10,1.3970300247285922e-09,1.949872500947599e-09,4.172278963379227e-09,0.032021715743377914,
raw_atan2,"grid:amplitude_x_noise:amplitude_ratio=1.02,noise_std=0.03",50,0,0,0.0,0.0,0.0,,3.6026379452218934e-09,3.6136398731899095e-09,1.8456017527694716e-10,3.2903747032789335e-09,3.87686042140002e-09,8.001689867472184e-09,0.07154248357934848,
taubin,"grid:amplitude_x_noise:amplitude_ratio=1.02,noise_std=0.03",50,0,0,0.0,0.0,0.0,,3.474941006342019e-09,3.5032548910080515e-09,1.9283737248321685e-10,3.1301471595954836e-09,3.777526037055571e-09,7.603574001100243e-09,0.06900663171417201,
fitzgibbon,"grid:amplitude_x_noise:amplitude_ratio=1.02,noise_std=0.04",50,0,0,0.0,0.0,0.0,,2.1130868241592396e-09,2.121341438789591e-09,1.9208738681505493e-10,1.7981255214634583e-09,2.3792992507029273e-09,5.304455908930148e-09,0.04196244022235179,
halir_flusser,"grid:amplitude_x_noise:amplitude_ratio=1.02,noise_std=0.04",50,0,0,0.0,0.0,0.0,,2.113086824159248e-09,2.1213414387896233e-09,1.920873868150613e-10,1.7981255214634425e-09,2.3792992507029116e-09,5.304455908930174e-09,0.04196244022235196,
heydemann,"grid:amplitude_x_noise:amplitude_ratio=1.02,noise_std=0.04",50,0,0,0.0,0.0,0.0,,1.990047537215793e-09,1.9968572634945666e-09,1.5897897454781974e-10,1.682770540933288e-09,2.2279237053812978e-09,5.02620792719708e-09,0.03951908168907456,
kasa,"grid:amplitude_x_noise:amplitude_ratio=1.02,noise_std=0.04",50,0,0,0.0,0.0,0.0,,3.7003825471616294e-09,3.685265006712501e-09,1.9472908024552586e-10,3.3974088943534685e-09,4.030101816182927e-09,8.356608225610171e-09,0.07348353113549216,
koning_wimmer_witkovsky,"grid:amplitude_x_noise:amplitude_ratio=1.02,noise_std=0.04",50,0,0,0.0,0.0,0.0,1.0,2.1372544255562107e-09,2.1509433261161308e-09,1.949504675764398e-10,1.851769033227106e-09,2.4459894356288333e-09,5.348932674837339e-09,0.042442369166748824,
raw_atan2,"grid:amplitude_x_noise:amplitude_ratio=1.02,noise_std=0.04",50,0,0,0.0,0.0,0.0,,3.7928152759757835e-09,3.7965836001569174e-09,2.0460563819805044e-10,3.4610808978143705e-09,4.154628365827134e-09,8.581774744266865e-09,0.07531909359942265,
taubin,"grid:amplitude_x_noise:amplitude_ratio=1.02,noise_std=0.04",50,0,0,0.0,0.0,0.0,,3.7015845068075345e-09,3.6855472442823435e-09,1.9475239038692616e-10,3.397676738382628e-09,4.031414584819835e-09,8.362242811752139e-09,0.07350740008361788,
fitzgibbon,"grid:amplitude_x_noise:amplitude_ratio=1.02,noise_std=0.05",50,0,0,0.0,0.0,0.0,,2.615761333743149e-09,2.6076425106360404e-09,2.828505879743429e-10,2.2399155557977036e-09,3.0162728117597145e-09,6.6010685803584146e-09,0.05194473191929027,
halir_flusser,"grid:amplitude_x_noise:amplitude_ratio=1.02,noise_std=0.05",50,0,0,0.0,0.0,0.0,,2.615761333743147e-09,2.6076425106360416e-09,2.828505879743338e-10,2.2399155557976474e-09,3.016272811759815e-09,6.601068580358378e-09,0.051944731919290194,
heydemann,"grid:amplitude_x_noise:amplitude_ratio=1.02,noise_std=0.05",50,0,0,0.0,0.0,0.0,,2.4695001423909213e-09,2.4620150301336676e-09,2.632540922037222e-10,2.067121998420991e-09,2.8507726233161606e-09,6.1692293902312294e-09,0.04904022443346566,
kasa,"grid:amplitude_x_noise:amplitude_ratio=1.02,noise_std=0.05",50,0,0,0.0,0.0,0.0,,4.00521628649395e-09,3.9600174647970735e-09,2.8172777618255057e-10,3.607363895080808e-09,4.498919452579976e-09,9.558808801683003e-09,0.07953702946705174,
koning_wimmer_witkovsky,"grid:amplitude_x_noise:amplitude_ratio=1.02,noise_std=0.05",50,0,0,0.0,0.0,0.0,1.0,2.6751062597832755e-09,2.660149153051134e-09,3.218728778216613e-10,2.2852913624423756e-09,3.1967442738056e-09,6.726306916620977e-09,0.053123224862877405,
raw_atan2,"grid:amplitude_x_noise:amplitude_ratio=1.02,noise_std=0.05",50,0,0,0.0,0.0,0.0,,4.1037108781280835e-09,4.070425790987572e-09,2.770445455672975e-10,3.7021313885682617e-09,4.582471200464269e-09,9.719460557083218e-09,0.08149297058902469,
taubin,"grid:amplitude_x_noise:amplitude_ratio=1.02,noise_std=0.05",50,0,0,0.0,0.0,0.0,,4.007359967918184e-09,3.9621100505159495e-09,2.816516277221406e-10,3.613316862101079e-09,4.50201974795161e-09,9.568743249110152e-09,0.07957959946587607,
fitzgibbon,"grid:amplitude_x_noise:amplitude_ratio=1.02,noise_std=0.06",50,0,0,0.0,0.0,0.0,,3.133773019294386e-09,3.0935813612988008e-09,3.031088360574436e-10,2.7325382165903033e-09,3.7078805070509475e-09,7.847307820784607e-09,0.06223159478782014,
halir_flusser,"grid:amplitude_x_noise:amplitude_ratio=1.02,noise_std=0.06",50,0,0,0.0,0.0,0.0,,3.133773019294356e-09,3.0935813612988397e-09,3.031088360574215e-10,2.732538216590298e-09,3.707880507050849e-09,7.84730782078447e-09,0.06223159478781956,
heydemann,"grid:amplitude_x_noise:amplitude_ratio=1.02,noise_std=0.06",50,0,0,0.0,0.0,0.0,,2.9621337261879004e-09,2.922425729540437e-09,2.7736132753883394e-10,2.581846902721507e-09,3.3603014183332937e-09,7.42015344873148e-09,0.05882311980494607,
kasa,"grid:amplitude_x_noise:amplitude_ratio=1.02,noise_std=0.06",50,0,0,0.0,0.0,0.0,,4.360678824737442e-09,4.3864453107156716e-09,3.4563942138848083e-10,3.7943571666294575e-09,4.903599014911011e-09,1.0510442195384324e-08,0.08659593274626881,
koning_wimmer_witkovsky,"grid:amplitude_x_noise:amplitude_ratio=1.02,noise_std=0.06",50,0,0,0.0,0.0,0.0,1.0,3.2282279040076837e-09,3.205555325443387e-09,3.8795242688714074e-10,2.697564386896534e-09,3.916868346251697e-09,7.919040121260055e-09,0.06410731395287052,
raw_atan2,"grid:amplitude_x_noise:amplitude_ratio=1.02,noise_std=0.06",50,0,0,0.0,0.0,0.0,,4.435134145947842e-09,4.431230064696584e-09,3.5703082657372007e-10,3.847786826083796e-09,4.958751783433875e-09,1.0530761695529789e-08,0.0880744933665928,
taubin,"grid:amplitude_x_noise:amplitude_ratio=1.02,noise_std=0.06",50,0,0,0.0,0.0,0.0,,4.364556825794803e-09,4.388655765202909e-09,3.457074227760507e-10,3.799565809941864e-09,4.905598949710588e-09,1.0521890734249655e-08,0.08667294348983655,
fitzgibbon,"grid:amplitude_x_noise:amplitude_ratio=1.02,noise_std=0.08",50,0,0,0.0,0.0,0.0,,4.226741744500924e-09,4.157671976101144e-09,4.4596767009851506e-10,3.5220288306964042e-09,4.918824004439132e-09,1.0743618501764888e-08,0.08393616190357403,
halir_flusser,"grid:amplitude_x_noise:amplitude_ratio=1.02,noise_std=0.08",50,0,0,0.0,0.0,0.0,,4.226741744500924e-09,4.15767197610114e-09,4.4596767009849676e-10,3.522028830696475e-09,4.918824004439121e-09,1.074361850176486e-08,0.08393616190357399,
heydemann,"grid:amplitude_x_noise:amplitude_ratio=1.02,noise_std=0.08",50,0,0,0.0,0.0,0.0,,3.968534378596185e-09,3.9766285051840175e-09,3.750708430930182e-10,3.3575624016644624e-09,4.510499734755147e-09,1.0308839104832306e-08,0.0788085869109754,
kasa,"grid:amplitude_x_noise:amplitude_ratio=1.02,noise_std=0.08",50,0,0,0.0,0.0,0.0,,5.097287663524189e-09,5.073218333551767e-09,4.118499383047834e-10,4.54834635951626e-09,5.879498431472802e-09,1.2947040638735774e-08,0.10122377671909907,
koning_wimmer_witkovsky,"grid:amplitude_x_noise:amplitude_ratio=1.02,noise_std=0.08",50,0,0,0.0,0.0,0.0,1.0,4.403930443193055e-09,4.355639606131837e-09,5.321723996882239e-10,3.7033409449164735e-09,5.1655173601690836e-09,1.1363556293047783e-08,0.08745483898391748,
raw_atan2,"grid:amplitude_x_noise:amplitude_ratio=1.02,noise_std=0.08",50,0,0,0.0,0.0,0.0,,5.107030699938174e-09,5.1276527184796084e-09,4.2974749269629243e-10,4.450829140917949e-09,5.779022857727373e-09,1.2767099012838413e-08,0.10141725744995768,
taubin,"grid:amplitude_x_noise:amplitude_ratio=1.02,noise_std=0.08",50,0,0,0.0,0.0,0.0,,5.109545417232193e-09,5.092366492097399e-09,4.130985798418625e-10,4.553084376632001e-09,5.890526467403846e-09,1.2975754939111436e-08,0.1014671956128954,
fitzgibbon,"grid:amplitude_x_noise:amplitude_ratio=1.02,noise_std=0.1",50,0,0,0.0,0.0,0.0,,5.345660399057429e-09,5.342696749812373e-09,4.794791177929826e-10,4.613110093907022e-09,6.190120795999374e-09,1.390514477922381e-08,0.10615605207499808,
halir_flusser,"grid:amplitude_x_noise:amplitude_ratio=1.02,noise_std=0.1",50,0,0,0.0,0.0,0.0,,5.345660399057428e-09,5.342696749812369e-09,4.794791177929739e-10,4.613110093907051e-09,6.190120795999354e-09,1.3905144779223831e-08,0.10615605207499809,
heydemann,"grid:amplitude_x_noise:amplitude_ratio=1.02,noise_std=0.1",50,0,0,0.0,0.0,0.0,,5.05064689864822e-09,5.051094466313827e-09,4.3297777296370653e-10,4.368806120171436e-09,5.8713706088571125e-09,1.300256567722439e-08,0.10029756758956583,
kasa,"grid:amplitude_x_noise:amplitude_ratio=1.02,noise_std=0.1",50,0,0,0.0,0.0,0.0,,6.023964311559277e-09,6.031073014321328e-09,4.929939500435591e-10,5.321786490327922e-09,6.829774889607323e-09,1.5572120352695474e-08,0.1196260557944483,
koning_wimmer_witkovsky,"grid:amplitude_x_noise:amplitude_ratio=1.02,noise_std=0.1",50,0,0,0.0,0.0,0.0,1.0,5.791647598004729e-09,5.749357794451215e-09,6.963657037709553e-10,4.866127080045002e-09,6.986022619749292e-09,1.483086596774217e-08,0.11501262671348057,
raw_atan2,"grid:amplitude_x_noise:amplitude_ratio=1.02,noise_std=0.1",50,0,0,0.0,0.0,0.0,,5.973222851958017e-09,6.030941264578024e-09,4.906756335725064e-10,5.267220630840248e-09,6.797558633158401e-09,1.5194619600303704e-08,0.11861841359017683,
taubin,"grid:amplitude_x_noise:amplitude_ratio=1.02,noise_std=0.1",50,0,0,0.0,0.0,0.0,,6.045237195586435e-09,6.0601335232375835e-09,4.957045155259689e-10,5.334248563280629e-09,6.861767245436314e-09,1.56317664723466e-08,0.12004850039735845,
fitzgibbon,"grid:amplitude_x_noise:amplitude_ratio=1.05,noise_std=0.0",50,0,0,0.0,0.0,0.0,,1.7956850197364777e-11,1.7827749024286243e-11,1.8534654159911703e-12,1.5482498018802906e-11,2.0662318090691724e-11,4.9156837820414674e-11,0.00035659360721652087,
halir_flusser,"grid:amplitude_x_noise:amplitude_ratio=1.05,noise_std=0.0",50,0,0,0.0,0.0,0.0,,1.7956850197354062e-11,1.78277490242855e-11,1.853465415982191e-12,1.5482498018753912e-11,2.066231809065572e-11,4.915683782036995e-11,0.0003565936072163081,
heydemann,"grid:amplitude_x_noise:amplitude_ratio=1.05,noise_std=0.0",50,0,0,0.0,0.0,0.0,,1.7032257184405913e-11,1.6547053843452653e-11,1.745240568098443e-12,1.4786791498605125e-11,1.962182687702448e-11,4.716722324282972e-11,0.000338232705717962,
kasa,"grid:amplitude_x_noise:amplitude_ratio=1.05,noise_std=0.0",50,0,0,0.0,0.0,0.0,,3.253498386254885e-09,3.25343521109928e-09,1.885984447896282e-12,3.2506919203289407e-09,3.256729934080358e-09,5.385772737279373e-09,0.06460914430293674,
koning_wimmer_witkovsky,"grid:amplitude_x_noise:amplitude_ratio=1.05,noise_std=0.0",50,0,0,0.0,0.0,0.0,1.0,1.7966726814152305e-11,1.7810471544070543e-11,1.856179004927125e-12,1.546301711908945e-11,2.0637331497013675e-11,4.91720585200389e-11,0.0003567897406346121,
raw_atan2,"grid:amplitude_x_noise:amplitude_ratio=1.05,noise_std=0.0",50,0,0,0.0,0.0,0.0,,3.3923525729250155e-09,3.392057867563473e-09,1.8538122915918168e-12,3.389406457581924e-09,3.3952109154779325e-09,6.135519368559462e-09,0.06736656081850607,
taubin,"grid:amplitude_x_noise:amplitude_ratio=1.05,noise_std=0.0",50,0,0,0.0,0.0,0.0,,3.253498442629221e-09,3.2534352721994275e-09,1.8859902938804563e-12,3.2506919706921318e-09,3.2567299924363397e-09,5.3857782984399215e-09,0.06460914542243862,
fitzgibbon,"grid:amplitude_x_noise:amplitude_ratio=1.05,noise_std=0.005",50,0,0,0.0,0.0,0.0,,2.5123582253313614e-10,2.5266470278815493e-10,2.382711629766817e-11,2.070734848366553e-10,2.9724956862806277e-10,6.361712263123836e-10,0.004989131570092853,
halir_flusser,"grid:amplitude_x_noise:amplitude_ratio=1.05,noise_std=0.005",50,0,0,0.0,0.0,0.0,,2.512358225331422e-10,2.526647027881848e-10,2.3827116297674885e-11,2.070734848367105e-10,2.9724956862817036e-10,6.361712263123354e-10,0.0049891315700929745,
heydemann,"grid:amplitude_x_noise:amplitude_ratio=1.05,noise_std=0.005",50,0,0,0.0,0.0,0.0,,2.391548240607674e-10,2.395329437299238e-10,2.3230178941492523e-11,2.0244459568694325e-10,2.7603497753320636e-10,6.042446926482211e-10,0.004749222745511166,
kasa,"grid:amplitude_x_noise:amplitude_ratio=1.05,noise_std=0.005",50,0,0,0.0,0.0,0.0,,3.262604567124949e-09,3.255958658335441e-09,2.7648487936407136e-11,3.226492870623051e-09,3.312283537417838e-09,5.68964787377473e-09,0.06478997812672724,
koning_wimmer_witkovsky,"grid:amplitude_x_noise:amplitude_ratio=1.05,noise_std=0.005",50,0,0,0.0,0.0,0.0,1.0,2.5113095176648926e-10,2.521722363068734e-10,2.4019195752620273e-11,2.0805783460882469e-10,2.978819963562061e-10,6.359545248231274e-10,0.00498704900858796,
raw_atan2,"grid:amplitude_x_noise:amplitude_ratio=1.05,noise_std=0.005",50,0,0,0.0,0.0,0.0,,3.399595880782471e-09,3.3922622338615515e-09,2.8452754086758108e-11,3.3641905956706255e-09,3.4540652499172554e-09,6.335646723374341e-09,0.06751040103818162,
taubin,"grid:amplitude_x_noise:amplitude_ratio=1.05,noise_std=0.005",50,0,0,0.0,0.0,0.0,,3.2626151747919494e-09,3.2559657131053353e-09,2.764883722158867e-11,3.226501333236936e-09,3.312285697596837e-09,5.6898981809328464e-09,0.06479018877760408,
fitzgibbon,"grid:amplitude_x_noise:amplitude_ratio=1.05,noise_std=0.01",50,0,0,0.0,0.0,0.0,,5.148203538540059e-10,5.09910781975052e-10,5.370452824815909e-11,4.225474782879169e-10,6.007393547459658e-10,1.3740948827905248e-09,0.010223488252757538,
halir_flusser,"grid:amplitude_x_noise:amplitude_ratio=1.05,noise_std=0.01",50,0,0,0.0,0.0,0.0,,5.148203538540031e-10,5.099107819749582e-10,5.3704528248176055e-11,4.2254747828784366e-10,6.007393547460072e-10,1.3740948827905875e-09,0.010223488252757484,
heydemann,"grid:amplitude_x_noise:amplitude_ratio=1.05,noise_std=0.01",50,0,0,0.0,0.0,0.0,,4.929340109788353e-10,4.90843107720926e-10,5.1242433103794395e-11,3.986707339432034e-10,5.765646692581175e-10,1.3163180912362905e-09,0.009788861362804421,
kasa,"grid:amplitude_x_noise:amplitude_ratio=1.05,noise_std=0.01",50,0,0,0.0,0.0,0.0,,3.295581829041884e-09,3.2948034262556086e-09,5.805835432548343e-11,3.216552832501475e-09,3.394762872955102e-09,6.112017964662063e-09,0.0654448524868647,
koning_wimmer_witkovsky,"grid:amplitude_x_noise:amplitude_ratio=1.05,noise_std=0.01",50,0,0,0.0,0.0,0.0,1.0,5.149505337152339e-10,5.125476557391648e-10,5.3356854473450236e-11,4.1853021057425753e-10,5.999675655478027e-10,1.3785985450967992e-09,0.010226073411390152,
raw_atan2,"grid:amplitude_x_noise:amplitude_ratio=1.05,noise_std=0.01",50,0,0,0.0,0.0,0.0,,3.435522034541126e-09,3.4303494568130922e-09,5.716289302163932e-11,3.353400416415444e-09,3.5429176829474265e-09,6.732389790321742e-09,0.0682238355560067,
taubin,"grid:amplitude_x_noise:amplitude_ratio=1.05,noise_std=0.01",50,0,0,0.0,0.0,0.0,,3.2956184569467494e-09,3.2948416152940532e-09,5.80482715047329e-11,3.216630098170549e-09,3.394781371807316e-09,6.112432455207154e-09,0.06544557985700908,
fitzgibbon,"grid:amplitude_x_noise:amplitude_ratio=1.05,noise_std=0.02",50,0,0,0.0,0.0,0.0,,1.0549637400844315e-09,1.031323872078438e-09,1.1463721894386552e-10,8.955828961296315e-10,1.2447873475050386e-09,2.7787449883688395e-09,0.020949850414999128,
halir_flusser,"grid:amplitude_x_noise:amplitude_ratio=1.05,noise_std=0.02",50,0,0,0.0,0.0,0.0,,1.0549637400844477e-09,1.0313238720784625e-09,1.1463721894385308e-10,8.955828961296112e-10,1.2447873475049625e-09,2.7787449883688775e-09,0.020949850414999444,
heydemann,"grid:amplitude_x_noise:amplitude_ratio=1.05,noise_std=0.02",50,0,0,0.0,0.0,0.0,,9.960233426105152e-10,9.863037355311693e-10,1.0131879987978696e-10,8.492730563663837e-10,1.172429790864828e-09,2.6397555821529792e-09,0.019779390745569815,
kasa,"grid:amplitude_x_noise:amplitude_ratio=1.05,noise_std=0.02",50,0,0,0.0,0.0,0.0,,3.4155528041911624e-09,3.3953392277006696e-09,1.3644816815108475e-10,3.2001830037118813e-09,3.6438628676950435e-09,6.963913981936367e-09,0.06782727937797076,
koning_wimmer_witkovsky,"grid:amplitude_x_noise:amplitude_ratio=1.05,noise_std=0.02",50,0,0,0.0,0.0,0.0,1.0,1.0596353587522283e-09,1.0454428308184266e-09,1.1774855410691285e-10,9.044447973366919e-10,1.2427021885723275e-09,2.79249289955618e-09,0.021042621103286883,
raw_atan2,"grid:amplitude_x_noise:amplitude_ratio=1.05,noise_std=0.02",50,0,0,0.0,0.0,0.0,,3.5437304122832452e-09,3.5466318617628486e-09,1.3739720414101785e-10,3.311277867339479e-09,3.778813218046361e-09,7.3707827564178434e-09,0.07037267654571285,
taubin,"grid:amplitude_x_noise:amplitude_ratio=1.05,noise_std=0.02",50,0,0,0.0,0.0,0.0,,3.4158206102958026e-09,3.3956116175396714e-09,1.3651362115811508e-10,3.200356822803124e-09,3.6440653653309485e-09,6.965832703864961e-09,0.06783259756817887,
fitzgibbon,"grid:amplitude_x_noise:amplitude_ratio=1.05,noise_std=0.03",50,0,0,0.0,0.0,0.0,,1.530004921255019e-09,1.5321586611762534e-09,1.3796351056972554e-10,1.3251024175183278e-09,1.7481620158228126e-09,4.035547004401562e-09,0.030383389510562565,
halir_flusser,"grid:amplitude_x_noise:amplitude_ratio=1.05,noise_std=0.03",50,0,0,0.0,0.0,0.0,,1.5300049212550376e-09,1.5321586611763437e-09,1.3796351056971365e-10,1.3251024175183102e-09,1.7481620158227253e-09,4.03554700440165e-09,0.030383389510562932,
heydemann,"grid:amplitude_x_noise:amplitude_ratio=1.05,noise_std=0.03",50,0,0,0.0,0.0,0.0,,1.4510278138734695e-09,1.4407485110997178e-09,1.293228936776043e-10,1.2734634366744114e-09,1.7018507074188614e-09,3.834227685143628e-09,0.02881503362970512,
kasa,"grid:amplitude_x_noise:amplitude_ratio=1.05,noise_std=0.03",50,0,0,0.0,0.0,0.0,,3.5900534732949085e-09,3.596999560181483e-09,1.5538381947672437e-10,3.3641667406514386e-09,3.859227516264339e-09,7.734037522596492e-09,0.07129257659733126,
koning_wimmer_witkovsky,"grid:amplitude_x_noise:amplitude_ratio=1.05,noise_std=0.03",50,0,0,0.0,0.0,0.0,1.0,1.5464976072845996e-09,1.5415576639885238e-09,1.4340997625143647e-10,1.3551118292656567e-09,1.7441149835972372e-09,4.0821783895049685e-09,0.03071090721769589,
raw_atan2,"grid:amplitude_x_noise:amplitude_ratio=1.05,noise_std=0.03",50,0,0,0.0,0.0,0.0,,3.700316563559358e-09,3.679085224210424e-09,1.475351176562498e-10,3.52356313615699e-09,3.9842697984750085e-09,8.006407963555362e-09,0.07348222080932178,
taubin,"grid:amplitude_x_noise:amplitude_ratio=1.05,noise_std=0.03",50,0,0,0.0,0.0,0.0,,3.5906700872213776e-09,3.5981669886059267e-09,1.5552039913128496e-10,3.3645520363272274e-09,3.859314718352873e-09,7.737167076522123e-09,0.07130482153906006,
fitzgibbon,"grid:amplitude_x_noise:amplitude_ratio=1.05,noise_std=0.04",50,0,0,0.0,0.0,0.0,,2.1241265194670517e-09,2.0989240887527633e-09,2.0447383306787818e-10,1.8180262976792623e-09,2.4555213306390476e-09,5.485751294175267e-09,0.04218167047315388,
halir_flusser,"grid:amplitude_x_noise:amplitude_ratio=1.05,noise_std=0.04",50,0,0,0.0,0.0,0.0,,2.1241265194670876e-09,2.0989240887527616e-09,2.0447383306787818e-10,1.81802629767936e-09,2.4555213306390824e-09,5.4857512941753254e-09,0.04218167047315461,
heydemann,"grid:amplitude_x_noise:amplitude_ratio=1.05,noise_std=0.04",50,0,0,0.0,0.0,0.0,,2.000018737554742e-09,1.98399442884972e-09,1.7356650564938485e-10,1.73256502616373e-09,2.3001238742492535e-09,5.0827851971908956e-09,0.039717093381440645,
kasa,"grid:amplitude_x_noise:amplitude_ratio=1.05,noise_std=0.04",50,0,0,0.0,0.0,0.0,,3.811670662176542e-09,3.761206479448318e-09,2.4780727480277145e-10,3.4677759651009995e-09,4.182767779223238e-09,8.924157430223598e-09,0.07569353065864452,
koning_wimmer_witkovsky,"grid:amplitude_x_noise:amplitude_ratio=1.05,noise_std=0.04",50,0,0,0.0,0.0,0.0,1.0,2.143798089160728e-09,2.1459942995011684e-09,2.1201782890349818e-10,1.8159026931422462e-09,2.4797016374920747e-09,5.471751319686078e-09,0.04257231559852832,
raw_atan2,"grid:amplitude_x_noise:amplitude_ratio=1.05,noise_std=0.04",50,0,0,0.0,0.0,0.0,,3.894033288535788e-09,3.864729822675287e-09,2.3960795268534377e-10,3.5482177137841415e-09,4.266183407346482e-09,9.052068418449929e-09,0.07732911739632196,
taubin,"grid:amplitude_x_noise:amplitude_ratio=1.05,noise_std=0.04",50,0,0,0.0,0.0,0.0,,3.813165909153948e-09,3.763599301431947e-09,2.478557330816683e-10,3.4688881808991265e-09,4.183207956173698e-09,8.930382110145535e-09,0.07572322381237097,
fitzgibbon,"grid:amplitude_x_noise:amplitude_ratio=1.05,noise_std=0.05",50,0,0,0.0,0.0,0.0,,2.543622670922353e-09,2.5229004419977764e-09,2.707567838972817e-10,2.1092769042859146e-09,3.0150050392453108e-09,6.547664562062707e-09,0.05051217633675166,
halir_flusser,"grid:amplitude_x_noise:amplitude_ratio=1.05,noise_std=0.05",50,0,0,0.0,0.0,0.0,,2.543622670922346e-09,2.5229004419977673e-09,2.7075678389729256e-10,2.1092769042859046e-09,3.0150050392453174e-09,6.547664562062709e-09,0.050512176336751514,
heydemann,"grid:amplitude_x_noise:amplitude_ratio=1.05,noise_std=0.05",50,0,0,0.0,0.0,0.0,,2.425967167434857e-09,2.384428698961795e-09,2.525221766433427e-10,2.039406656211556e-09,2.8642614063555395e-09,6.281925474839478e-09,0.048175730916961985,
kasa,"grid:amplitude_x_noise:amplitude_ratio=1.05,noise_std=0.05",50,0,0,0.0,0.0,0.0,,4.084221939184517e-09,4.10834599934291e-09,2.985685947628255e-10,3.6326183739228215e-09,4.52737408170855e-09,9.724485234924582e-09,0.08110595221095031,
koning_wimmer_witkovsky,"grid:amplitude_x_noise:amplitude_ratio=1.05,noise_std=0.05",50,0,0,0.0,0.0,0.0,1.0,2.578851509549362e-09,2.573714194593704e-09,2.7680254447578947e-10,2.1320947301143784e-09,2.948868135537252e-09,6.715094190692394e-09,0.05121176331921128,
raw_atan2,"grid:amplitude_x_noise:amplitude_ratio=1.05,noise_std=0.05",50,0,0,0.0,0.0,0.0,,4.1961544793877556e-09,4.265510892868478e-09,2.9286338321883596e-10,3.7390864161757525e-09,4.634223274444901e-09,9.884400800545606e-09,0.08332874896189933,
taubin,"grid:amplitude_x_noise:amplitude_ratio=1.05,noise_std=0.05",50,0,0,0.0,0.0,0.0,,4.0867703210048695e-09,4.110299764422988e-09,2.986102761703627e-10,3.6341866855906043e-09,4.532308490798761e-09,9.733679635107827e-09,0.0811565588961928,
fitzgibbon,"grid:amplitude_x_noise:amplitude_ratio=1.05,noise_std=0.06",50,0,0,0.0,0.0,0.0,,3.0911488067689344e-09,3.0900092332147314e-09,2.883558477446336e-10,2.6353425690923453e-09,3.5807364030389593e-09,7.705316072413905e-09,0.06138514780340164,
halir_flusser,"grid:amplitude_x_noise:amplitude_ratio=1.05,noise_std=0.06",50,0,0,0.0,0.0,0.0,,3.0911488067689253e-09,3.090009233214752e-09,2.8835584774464775e-10,2.635342569092167e-09,3.5807364030389667e-09,7.705316072413934e-09,0.06138514780340147,
heydemann,"grid:amplitude_x_noise:amplitude_ratio=1.05,noise_std=0.06",50,0,0,0.0,0.0,0.0,,2.938821263933989e-09,2.9468900415298777e-09,2.757042794680214e-10,2.5049527982566385e-09,3.426634236173277e-09,7.481237984343594e-09,0.05836017252205114,
kasa,"grid:amplitude_x_noise:amplitude_ratio=1.05,noise_std=0.06",50,0,0,0.0,0.0,0.0,,4.444076958616317e-09,4.429117580331535e-09,3.613046413372965e-10,3.913987346617484e-09,5.033695696195175e-09,1.086247289965157e-08,0.08825208296571864,
koning_wimmer_witkovsky,"grid:amplitude_x_noise:amplitude_ratio=1.05,noise_std=0.06",50,0,0,0.0,0.0,0.0,1.0,3.1435052459670972e-09,3.10052357093305e-09,3.196054365947012e-10,2.64685076549712e-09,3.757245641363726e-09,7.982744849597706e-09,0.06242486085493812,
raw_atan2,"grid:amplitude_x_noise:amplitude_ratio=1.05,noise_std=0.06",50,0,0,0.0,0.0,0.0,,4.508423360885325e-09,4.513943110485878e-09,3.4865930539472725e-10,3.97888224105469e-09,5.00352790638753e-09,1.0946539975937375e-08,0.08952989702800217,
taubin,"grid:amplitude_x_noise:amplitude_ratio=1.05,noise_std=0.06",50,0,0,0.0,0.0,0.0,,4.44856949702915e-09,4.431895392654368e-09,3.622716061747631e-10,3.914937607987028e-09,5.044043283244715e-09,1.0875870298692799e-08,0.08834129741371946,
fitzgibbon,"grid:amplitude_x_noise:amplitude_ratio=1.05,noise_std=0.08",50,0,0,0.0,0.0,0.0,,4.0808099104769e-09,4.10685763553951e-09,3.9516712940548164e-10,3.481923329167304e-09,4.767567119981137e-09,1.0548192401326227e-08,0.08103819491435303,
halir_flusser,"grid:amplitude_x_noise:amplitude_ratio=1.05,noise_std=0.08",50,0,0,0.0,0.0,0.0,,4.080809910476905e-09,4.1068576355395066e-09,3.9516712940548816e-10,3.4819233291672157e-09,4.767567119981113e-09,1.0548192401326203e-08,0.08103819491435316,
heydemann,"grid:amplitude_x_noise:amplitude_ratio=1.05,noise_std=0.08",50,0,0,0.0,0.0,0.0,,3.8293827679781075e-09,3.867305909650399e-09,4.093492686077297e-10,3.181152454219648e-09,4.509458359321957e-09,9.917244285489727e-09,0.07604526404338414,
kasa,"grid:amplitude_x_noise:amplitude_ratio=1.05,noise_std=0.08",50,0,0,0.0,0.0,0.0,,5.0719541476919685e-09,5.081753404447041e-09,3.7912905540545777e-10,4.479873482614283e-09,5.6590179233299256e-09,1.2834104596792105e-08,0.10072069462536898,
koning_wimmer_witkovsky,"grid:amplitude_x_noise:amplitude_ratio=1.05,noise_std=0.08",50,0,0,0.0,0.0,0.0,1.0,4.2921394828012924e-09,4.338354484675731e-09,4.04335382612884e-10,3.630568233343825e-09,4.968546757963493e-09,1.114484959645268e-08,0.08523485377592438,
raw_atan2,"grid:amplitude_x_noise:amplitude_ratio=1.05,noise_std=0.08",50,0,0,0.0,0.0,0.0,,5.079365479123483e-09,5.10379393154615e-09,4.2575676610596814e-10,4.504544321987316e-09,5.764593669308278e-09,1.2834647675964369e-08,0.10086787151777454,
taubin,"grid:amplitude_x_noise:amplitude_ratio=1.05,noise_std=0.08",50,0,0,0.0,0.0,0.0,,5.082226922487198e-09,5.095867936811139e-09,3.789205145168409e-10,4.484359747010093e-09,5.6646437659083495e-09,1.286084457116736e-08,0.10092469509204832,
fitzgibbon,"grid:amplitude_x_noise:amplitude_ratio=1.05,noise_std=0.1",50,0,0,0.0,0.0,0.0,,5.191895171842839e-09,5.190318726956838e-09,4.39403775747398e-10,4.548509831819506e-09,5.8627785383096366e-09,1.3185197812955053e-08,0.10310252673874702,
halir_flusser,"grid:amplitude_x_noise:amplitude_ratio=1.05,noise_std=0.1",50,0,0,0.0,0.0,0.0,,5.191895171842838e-09,5.190318726956848e-09,4.39403775747381e-10,4.54850983181951e-09,5.862778538309621e-09,1.3185197812955e-08,0.10310252673874702,
heydemann,"grid:amplitude_x_noise:amplitude_ratio=1.05,noise_std=0.1",50,0,0,0.0,0.0,0.0,,4.934401023590871e-09,4.9107207243310996e-09,3.8058469881793646e-10,4.344051649385363e-09,5.5897054986660095e-09,1.2417940242514201e-08,0.09798911507951351,
kasa,"grid:amplitude_x_noise:amplitude_ratio=1.05,noise_std=0.1",50,0,0,0.0,0.0,0.0,,5.996435675365764e-09,6.0023798129004e-09,5.10551505109214e-10,5.211486903205674e-09,6.833634086868535e-09,1.542979199603612e-08,0.11907938220893069,
koning_wimmer_witkovsky,"grid:amplitude_x_noise:amplitude_ratio=1.05,noise_std=0.1",50,0,0,0.0,0.0,0.0,1.0,5.618379590863031e-09,5.607024930279661e-09,6.43688894598889e-10,4.761995389366057e-09,6.620689208172818e-09,1.4117086688426479e-08,0.1115718081399123,
raw_atan2,"grid:amplitude_x_noise:amplitude_ratio=1.05,noise_std=0.1",50,0,0,0.0,0.0,0.0,,6.0174520521208534e-09,5.98889710961405e-09,4.981060910957195e-10,5.116215345855381e-09,6.686562716058984e-09,1.5410216061820928e-08,0.11949673299792479,
taubin,"grid:amplitude_x_noise:amplitude_ratio=1.05,noise_std=0.1",50,0,0,0.0,0.0,0.0,,6.014293039095681e-09,6.005546300402728e-09,5.141771538579048e-10,5.222411897835978e-09,6.883762923423322e-09,1.5475441511364934e-08,0.11943400017799762,
fitzgibbon,"grid:amplitude_x_noise:amplitude_ratio=1.1,noise_std=0.0",50,0,0,0.0,0.0,0.0,,1.8043640029817086e-11,1.8027271907594235e-11,2.1862526607721678e-12,1.445753654052725e-11,2.1654789646660163e-11,4.92937620755312e-11,0.0003583171110094316,
halir_flusser,"grid:amplitude_x_noise:amplitude_ratio=1.1,noise_std=0.0",50,0,0,0.0,0.0,0.0,,1.8043640029833672e-11,1.802727190753275e-11,2.1862526607825774e-12,1.4457536540560526e-11,2.1654789646676345e-11,4.929376207553209e-11,0.00035831711100976093,
heydemann,"grid:amplitude_x_noise:amplitude_ratio=1.1,noise_std=0.0",50,0,0,0.0,0.0,0.0,,1.6935485516104564e-11,1.6562540801378902e-11,1.7096404819716596e-12,1.43545615683443e-11,1.9740606838444204e-11,4.635184924753499e-11,0.0003363109790288904,
kasa,"grid:amplitude_x_noise:amplitude_ratio=1.1,noise_std=0.0",50,0,0,0.0,0.0,0.0,,3.60734168242059e-09,3.6074396821112937e-09,2.3642590838981476e-12,3.6035572935831285e-09,3.6111574455795193e-09,6.1254241404342326e-09,0.07163589208900613,
koning_wimmer_witkovsky,"grid:amplitude_x_noise:amplitude_ratio=1.1,noise_std=0.0",50,0,0,0.0,0.0,0.0,1.0,1.80135052202335e-11,1.8020273755441806e-11,2.1489509201774782e-12,1.4422792131884935e-11,2.1515385284588535e-11,4.921271182958392e-11,0.00035771868309283786,
raw_atan2,"grid:amplitude_x_noise:amplitude_ratio=1.1,noise_std=0.0",50,0,0,0.0,0.0,0.0,,3.727424119502515e-09,3.727525567280333e-09,2.5244540600945726e-12,3.7230728754660527e-09,3.731295333464491e-09,6.661735597072641e-09,0.07402053243136854,
taubin,"grid:amplitude_x_noise:amplitude_ratio=1.1,noise_std=0.0",50,0,0,0.0,0.0,0.0,,3.607341777027962e-09,3.6074397745980308e-09,2.364240464434307e-12,3.6035574528897227e-09,3.611157579579865e-09,6.125453012514667e-09,0.07163589396775344,
fitzgibbon,"grid:amplitude_x_noise:amplitude_ratio=1.1,noise_std=0.005",50,0,0,0.0,0.0,0.0,,2.581669333917479e-10,2.600311370046149e-10,2.3507241031057677e-11,2.2190092491092158e-10,2.9611067020091996e-10,6.758709055810222e-10,0.005126772069173959,
halir_flusser,"grid:amplitude_x_noise:amplitude_ratio=1.1,noise_std=0.005",50,0,0,0.0,0.0,0.0,,2.5816693339175e-10,2.600311370044847e-10,2.3507241031064892e-11,2.2190092491081283e-10,2.9611067020096737e-10,6.758709055810395e-10,0.005126772069174004,
heydemann,"grid:amplitude_x_noise:amplitude_ratio=1.1,noise_std=0.005",50,0,0,0.0,0.0,0.0,,2.434780778122284e-10,2.408682216229338e-10,2.3359376575012628e-11,2.0450796530412428e-10,2.8140539023870065e-10,6.42250717101571e-10,0.004835075477655252,
kasa,"grid:amplitude_x_noise:amplitude_ratio=1.1,noise_std=0.005",50,0,0,0.0,0.0,0.0,,3.6228679113336554e-09,3.6215301432891615e-09,3.1835832289179397e-11,3.578925573443861e-09,3.6805806791447964e-09,6.4265404306622545e-09,0.07194421754217453,
koning_wimmer_witkovsky,"grid:amplitude_x_noise:amplitude_ratio=1.1,noise_std=0.005",50,0,0,0.0,0.0,0.0,1.0,2.583477383003167e-10,2.601377588299082e-10,2.3606080564204873e-11,2.209557721653738e-10,2.9624408206819775e-10,6.772348642520286e-10,0.005130362558254192,
raw_atan2,"grid:amplitude_x_noise:amplitude_ratio=1.1,noise_std=0.005",50,0,0,0.0,0.0,0.0,,3.740548528350475e-09,3.741406007945451e-09,3.0874361040327475e-11,3.6949176361761323e-09,3.791260236540049e-09,6.812060682208338e-09,0.07428116167548648,
taubin,"grid:amplitude_x_noise:amplitude_ratio=1.1,noise_std=0.005",50,0,0,0.0,0.0,0.0,,3.6228956186695155e-09,3.6215430270273676e-09,3.1841397574938e-11,3.578937722393379e-09,3.6806308917336225e-09,6.427376656679627e-09,0.07194476776444249,
fitzgibbon,"grid:amplitude_x_noise:amplitude_ratio=1.1,noise_std=0.01",50,0,0,0.0,0.0,0.0,,4.945629955027221e-10,4.937821339549514e-10,5.384155037205149e-11,4.0657217017735954e-10,5.771417054698222e-10,1.2462750789751815e-09,0.009821210324960264,
halir_flusser,"grid:amplitude_x_noise:amplitude_ratio=1.1,noise_std=0.01",50,0,0,0.0,0.0,0.0,,4.945629955027326e-10,4.93782133955006e-10,5.384155037199579e-11,4.0657217017740023e-10,5.771417054696321e-10,1.2462750789751292e-09,0.009821210324960472,
heydemann,"grid:amplitude_x_noise:amplitude_ratio=1.1,noise_std=0.01",50,0,0,0.0,0.0,0.0,,4.668885258903006e-10,4.690188751587419e-10,4.482187382287536e-11,4.0000222567526564e-10,5.354587503142164e-10,1.1860557529407055e-09,0.009271640726816285,
kasa,"grid:amplitude_x_noise:amplitude_ratio=1.1,noise_std=0.01",50,0,0,0.0,0.0,0.0,,3.641626067163607e-09,3.642865240195793e-09,5.940149339110107e-11,3.554136108868677e-09,3.7244245100851986e-09,6.704117674052157e-09,0.07231672376562753,
koning_wimmer_witkovsky,"grid:amplitude_x_noise:amplitude_ratio=1.1,noise_std=0.01",50,0,0,0.0,0.0,0.0,1.0,4.938809227474939e-10,4.939713005060438e-10,5.231481134796908e-11,4.0773487484256825e-10,5.712890837899415e-10,1.2440728821985557e-09,0.009807665478202748,
raw_atan2,"grid:amplitude_x_noise:amplitude_ratio=1.1,noise_std=0.01",50,0,0,0.0,0.0,0.0,,3.762270239123407e-09,3.7630628308686886e-09,5.813372113328631e-11,3.6784674341404335e-09,3.850567541554795e-09,7.0772384349353794e-09,0.07471251924178009,
taubin,"grid:amplitude_x_noise:amplitude_ratio=1.1,noise_std=0.01",50,0,0,0.0,0.0,0.0,,3.6417059720163796e-09,3.6429731755657246e-09,5.939217038293241e-11,3.5541946879938646e-09,3.7244663951617794e-09,6.705311663102401e-09,0.07231831054501094,
fitzgibbon,"grid:amplitude_x_noise:amplitude_ratio=1.1,noise_std=0.02",50,0,0,0.0,0.0,0.0,,1.0149656363739687e-09,1.0245914713139487e-09,1.0194238132911812e-10,8.384513368795959e-10,1.176163748181234e-09,2.5908504791682766e-09,0.02015555364651422,
halir_flusser,"grid:amplitude_x_noise:amplitude_ratio=1.1,noise_std=0.02",50,0,0,0.0,0.0,0.0,,1.014965636373973e-09,1.0245914713139082e-09,1.0194238132912615e-10,8.384513368795844e-10,1.176163748181472e-09,2.590850479168302e-09,0.020155553646514304,
heydemann,"grid:amplitude_x_noise:amplitude_ratio=1.1,noise_std=0.02",50,0,0,0.0,0.0,0.0,,9.586502151906298e-10,9.519185757712608e-10,9.02068461130481e-11,8.164745447519713e-10,1.1041761921572705e-09,2.423506379578778e-09,0.019037221702940307,
kasa,"grid:amplitude_x_noise:amplitude_ratio=1.1,noise_std=0.02",50,0,0,0.0,0.0,0.0,,3.732316821222547e-09,3.738685618290458e-09,1.2753211511211385e-10,3.5418447238738826e-09,3.9203064154867804e-09,7.465102936784569e-09,0.07411769346663946,
koning_wimmer_witkovsky,"grid:amplitude_x_noise:amplitude_ratio=1.1,noise_std=0.02",50,0,0,0.0,0.0,0.0,1.0,1.018576476311116e-09,1.0248843982836272e-09,1.0484548836833943e-10,8.485053187717972e-10,1.1871519957135767e-09,2.5879451606874225e-09,0.0202272590082072,
raw_atan2,"grid:amplitude_x_noise:amplitude_ratio=1.1,noise_std=0.02",50,0,0,0.0,0.0,0.0,,3.848258018783678e-09,3.8265114113356325e-09,1.2986417151949697e-10,3.6479735806386872e-09,4.03009970431461e-09,7.676842109654239e-09,0.07642009558109239,
taubin,"grid:amplitude_x_noise:amplitude_ratio=1.1,noise_std=0.02",50,0,0,0.0,0.0,0.0,,3.732741082071199e-09,3.739661564063342e-09,1.2743881711096931e-10,3.542845834761881e-09,3.9204375885294015e-09,7.466551192093335e-09,0.07412611859157833,
fitzgibbon,"grid:amplitude_x_noise:amplitude_ratio=1.1,noise_std=0.03",50,0,0,0.0,0.0,0.0,,1.5649756915157048e-09,1.6008500696970629e-09,1.4432649451952884e-10,1.2815332948812296e-09,1.7804214627747309e-09,4.010569231715906e-09,0.031077851678333407,
halir_flusser,"grid:amplitude_x_noise:amplitude_ratio=1.1,noise_std=0.03",50,0,0,0.0,0.0,0.0,,1.5649756915157172e-09,1.6008500696970873e-09,1.443264945195423e-10,1.2815332948812834e-09,1.7804214627747511e-09,4.01056923171596e-09,0.031077851678333657,
heydemann,"grid:amplitude_x_noise:amplitude_ratio=1.1,noise_std=0.03",50,0,0,0.0,0.0,0.0,,1.4884909077227896e-09,1.4925457029045372e-09,1.359596765796186e-10,1.238106600718208e-09,1.6712735484373107e-09,3.854361101610179e-09,0.029558989258136017,
kasa,"grid:amplitude_x_noise:amplitude_ratio=1.1,noise_std=0.03",50,0,0,0.0,0.0,0.0,,3.949444653841501e-09,3.986018335976833e-09,2.1015112141939615e-10,3.6284817978402116e-09,4.277128658595332e-09,8.521799547640563e-09,0.0784294962722373,
koning_wimmer_witkovsky,"grid:amplitude_x_noise:amplitude_ratio=1.1,noise_std=0.03",50,0,0,0.0,0.0,0.0,1.0,1.572578092472962e-09,1.6007592976097458e-09,1.5390962754421162e-10,1.270343614114605e-09,1.819704119642809e-09,4.037980660667344e-09,0.031228822898288922,
raw_atan2,"grid:amplitude_x_noise:amplitude_ratio=1.1,noise_std=0.03",50,0,0,0.0,0.0,0.0,,4.055442302942313e-09,4.072993738320259e-09,2.0683995665895253e-10,3.7187613101909327e-09,4.355941492845184e-09,8.76411833229325e-09,0.08053443581530242,
taubin,"grid:amplitude_x_noise:amplitude_ratio=1.1,noise_std=0.03",50,0,0,0.0,0.0,0.0,,3.950503638427189e-09,3.988313859201872e-09,2.1018663261093e-10,3.629958156417501e-09,4.2787682440722736e-09,8.525033675707584e-09,0.07845052597005439,
fitzgibbon,"grid:amplitude_x_noise:amplitude_ratio=1.1,noise_std=0.04",50,0,0,0.0,0.0,0.0,,2.032783279482763e-09,2.0605823554667294e-09,2.1765622960564018e-10,1.6562943521047352e-09,2.343601265467085e-09,5.079632151196911e-09,0.04036774347132248,
halir_flusser,"grid:amplitude_x_noise:amplitude_ratio=1.1,noise_std=0.04",50,0,0,0.0,0.0,0.0,,2.0327832794827638e-09,2.0605823554667807e-09,2.1765622960565574e-10,1.6562943521047172e-09,2.3436012654670727e-09,5.0796321511969056e-09,0.040367743471322486,
heydemann,"grid:amplitude_x_noise:amplitude_ratio=1.1,noise_std=0.04",50,0,0,0.0,0.0,0.0,,1.93012038584174e-09,1.9640033273130303e-09,1.8603065015213162e-10,1.5764372502400537e-09,2.1689574255357412e-09,4.842924442375538e-09,0.03832902670483128,
kasa,"grid:amplitude_x_noise:amplitude_ratio=1.1,noise_std=0.04",50,0,0,0.0,0.0,0.0,,4.141722575587574e-09,4.1413127564196496e-09,2.1733368715665545e-10,3.778590580286247e-09,4.465882010127629e-09,9.510608004454608e-09,0.08224782058579595,
koning_wimmer_witkovsky,"grid:amplitude_x_noise:amplitude_ratio=1.1,noise_std=0.04",50,0,0,0.0,0.0,0.0,1.0,2.0720388419498893e-09,2.0769919738016904e-09,2.438835045971554e-10,1.677144253994859e-09,2.4028257236176533e-09,5.189548528216967e-09,0.04114729458800552,
raw_atan2,"grid:amplitude_x_noise:amplitude_ratio=1.1,noise_std=0.04",50,0,0,0.0,0.0,0.0,,4.2292949966125026e-09,4.2262126735222225e-09,2.0441350039626077e-10,3.884326869516793e-09,4.553777509735058e-09,9.487399953307649e-09,0.0839868653048161,
taubin,"grid:amplitude_x_noise:amplitude_ratio=1.1,noise_std=0.04",50,0,0,0.0,0.0,0.0,,4.143515978439358e-09,4.141387098718492e-09,2.1771273303875683e-10,3.779352949709616e-09,4.469086212308908e-09,9.51841282707111e-09,0.08228343462640336,
fitzgibbon,"grid:amplitude_x_noise:amplitude_ratio=1.1,noise_std=0.05",50,0,0,0.0,0.0,0.0,,2.5829286333300197e-09,2.577377804293843e-09,2.956721107632594e-10,2.1112486653440814e-09,3.1250192030760756e-09,6.687758463749193e-09,0.051292728313630305,
halir_flusser,"grid:amplitude_x_noise:amplitude_ratio=1.1,noise_std=0.05",50,0,0,0.0,0.0,0.0,,2.5829286333300168e-09,2.5773778042938484e-09,2.95672110763242e-10,2.111248665344092e-09,3.1250192030761132e-09,6.687758463749193e-09,0.051292728313630256,
heydemann,"grid:amplitude_x_noise:amplitude_ratio=1.1,noise_std=0.05",50,0,0,0.0,0.0,0.0,,2.4487109989686094e-09,2.440986425526616e-09,2.3745509782230395e-10,2.1016789304815545e-09,2.8514163452947396e-09,6.443242158249819e-09,0.04862738612594378,
kasa,"grid:amplitude_x_noise:amplitude_ratio=1.1,noise_std=0.05",50,0,0,0.0,0.0,0.0,,4.388531594785233e-09,4.41262762083523e-09,2.8897543367544934e-10,3.936169586262069e-09,4.8456841768884515e-09,1.0157675727717687e-08,0.08714904309876095,
koning_wimmer_witkovsky,"grid:amplitude_x_noise:amplitude_ratio=1.1,noise_std=0.05",50,0,0,0.0,0.0,0.0,1.0,2.6273788756282566e-09,2.646570973036583e-09,3.2830596585611435e-10,2.112911824372564e-09,3.2590228568707812e-09,6.729614170901391e-09,0.052175437255820106,
raw_atan2,"grid:amplitude_x_noise:amplitude_ratio=1.1,noise_std=0.05",50,0,0,0.0,0.0,0.0,,4.445467662359896e-09,4.456974441873704e-09,2.594232266131074e-10,4.014477184825041e-09,4.799637822814376e-09,1.0248758853544606e-08,0.08827970006220505,
taubin,"grid:amplitude_x_noise:amplitude_ratio=1.1,noise_std=0.05",50,0,0,0.0,0.0,0.0,,4.392591012686043e-09,4.414085171454909e-09,2.909214576810783e-10,3.937707603395723e-09,4.847088871239566e-09,1.016735907173116e-08,0.08722965648343252,
fitzgibbon,"grid:amplitude_x_noise:amplitude_ratio=1.1,noise_std=0.06",50,0,0,0.0,0.0,0.0,,3.000911047293648e-09,3.0049020352166703e-09,2.848787756975927e-10,2.4967315229738806e-09,3.405623609056074e-09,7.755425875737878e-09,0.05959317383220084,
halir_flusser,"grid:amplitude_x_noise:amplitude_ratio=1.1,noise_std=0.06",50,0,0,0.0,0.0,0.0,,3.0009110472936384e-09,3.004902035216616e-09,2.848787756975866e-10,2.4967315229738475e-09,3.405623609056058e-09,7.75542587573792e-09,0.059593173832200676,
heydemann,"grid:amplitude_x_noise:amplitude_ratio=1.1,noise_std=0.06",50,0,0,0.0,0.0,0.0,,2.8181677460290588e-09,2.8567120270745896e-09,2.599580872697534e-10,2.3410815079646086e-09,3.1863934669830355e-09,7.318532224451397e-09,0.05596419145074966,
kasa,"grid:amplitude_x_noise:amplitude_ratio=1.1,noise_std=0.06",50,0,0,0.0,0.0,0.0,,4.713609992241352e-09,4.7034031252482144e-09,3.214925171743609e-10,4.168346224853626e-09,5.279084686925223e-09,1.1017473090954946e-08,0.09360456715242016,
koning_wimmer_witkovsky,"grid:amplitude_x_noise:amplitude_ratio=1.1,noise_std=0.06",50,0,0,0.0,0.0,0.0,1.0,3.0830502379188932e-09,3.0664649733676316e-09,2.9726516434895134e-10,2.5836432761118885e-09,3.5158704465191536e-09,7.962917546056937e-09,0.061224323502492156,
raw_atan2,"grid:amplitude_x_noise:amplitude_ratio=1.1,noise_std=0.06",50,0,0,0.0,0.0,0.0,,4.7503658196385775e-09,4.739471497084812e-09,3.172748436602257e-10,4.247136171913268e-09,5.3225592684442955e-09,1.1014008330494574e-08,0.09433447762857528,
taubin,"grid:amplitude_x_noise:amplitude_ratio=1.1,noise_std=0.06",50,0,0,0.0,0.0,0.0,,4.7209987781643486e-09,4.710840910138995e-09,3.212714264165725e-10,4.1713890311797325e-09,5.2967000968044455e-09,1.10403982475937e-08,0.09375129632798675,
fitzgibbon,"grid:amplitude_x_noise:amplitude_ratio=1.1,noise_std=0.08",50,0,0,0.0,0.0,0.0,,3.9293389205117445e-09,3.971232052776924e-09,3.871645910496711e-10,3.2910831289010714e-09,4.567732365519048e-09,1.0201189300882619e-08,0.07803022936879989,
halir_flusser,"grid:amplitude_x_noise:amplitude_ratio=1.1,noise_std=0.08",50,0,0,0.0,0.0,0.0,,3.9293389205117495e-09,3.9712320527768585e-09,3.8716459104965545e-10,3.2910831289011314e-09,4.567732365519125e-09,1.0201189300882592e-08,0.0780302293688,
heydemann,"grid:amplitude_x_noise:amplitude_ratio=1.1,noise_std=0.08",50,0,0,0.0,0.0,0.0,,3.744100502805223e-09,3.7891837201898044e-09,3.4147496911383394e-10,3.1542595727934747e-09,4.170796255227022e-09,9.68955087080631e-09,0.07435169806520062,
kasa,"grid:amplitude_x_noise:amplitude_ratio=1.1,noise_std=0.08",50,0,0,0.0,0.0,0.0,,5.2363863059443494e-09,5.196675298936454e-09,4.389090660209921e-10,4.54435191179335e-09,5.9107889722604755e-09,1.276365501607078e-08,0.10398604772511351,
koning_wimmer_witkovsky,"grid:amplitude_x_noise:amplitude_ratio=1.1,noise_std=0.08",50,0,0,0.0,0.0,0.0,1.0,4.083393866026074e-09,4.103945583526593e-09,4.0543755322530366e-10,3.4565895153735498e-09,4.805120649603396e-09,1.0357404800075544e-08,0.08108950803553183,
raw_atan2,"grid:amplitude_x_noise:amplitude_ratio=1.1,noise_std=0.08",50,0,0,0.0,0.0,0.0,,5.282500730137724e-09,5.312560036247832e-09,4.682527916846349e-10,4.461765882637805e-09,6.056038060314597e-09,1.278518380033299e-08,0.10490180459155114,
taubin,"grid:amplitude_x_noise:amplitude_ratio=1.1,noise_std=0.08",50,0,0,0.0,0.0,0.0,,5.247823436030522e-09,5.200591287490346e-09,4.395148186821783e-10,4.5546358155491995e-09,5.922082570265246e-09,1.2798095335665499e-08,0.10421317037907608,
fitzgibbon,"grid:amplitude_x_noise:amplitude_ratio=1.1,noise_std=0.1",50,0,0,0.0,0.0,0.0,,5.098298916240407e-09,5.070918434078328e-09,5.486775558649461e-10,4.209393776798431e-09,5.8841961263153835e-09,1.323965262703612e-08,0.10124385854023812,
halir_flusser,"grid:amplitude_x_noise:amplitude_ratio=1.1,noise_std=0.1",50,0,0,0.0,0.0,0.0,,5.098298916240423e-09,5.070918434078291e-09,5.486775558649712e-10,4.2093937767984305e-09,5.884196126315506e-09,1.3239652627036168e-08,0.10124385854023842,
heydemann,"grid:amplitude_x_noise:amplitude_ratio=1.1,noise_std=0.1",50,0,0,0.0,0.0,0.0,,4.801958232859872e-09,4.842784997418855e-09,4.659475737477045e-10,4.024053779215743e-09,5.475154939979385e-09,1.2814867051929519e-08,0.09535901837672313,
kasa,"grid:amplitude_x_noise:amplitude_ratio=1.1,noise_std=0.1",50,0,0,0.0,0.0,0.0,,6.103204951707169e-09,5.943493148011307e-09,5.84926857801267e-10,5.27377249925675e-09,7.202085002601517e-09,1.5267962038338524e-08,0.12119964500402083,
koning_wimmer_witkovsky,"grid:amplitude_x_noise:amplitude_ratio=1.1,noise_std=0.1",50,0,0,0.0,0.0,0.0,1.0,5.523405861703636e-09,5.461578034928301e-09,7.598062723654855e-10,4.4780189463309245e-09,6.870930402086169e-09,1.4088707286008095e-08,0.10968578557473413,
raw_atan2,"grid:amplitude_x_noise:amplitude_ratio=1.1,noise_std=0.1",50,0,0,0.0,0.0,0.0,,6.096382499638144e-09,6.016827343721029e-09,5.481921113834959e-10,5.385808110154105e-09,7.182558230434177e-09,1.53123170162745e-08,0.12106416229037029,
taubin,"grid:amplitude_x_noise:amplitude_ratio=1.1,noise_std=0.1",50,0,0,0.0,0.0,0.0,,6.129992999257675e-09,5.9741748820748114e-09,5.907906453868035e-10,5.298466075595301e-09,7.215423338672665e-09,1.534014136493917e-08,0.1217316117131781,
fitzgibbon,"grid:amplitude_x_noise:amplitude_ratio=1.15,noise_std=0.0",50,0,0,0.0,0.0,0.0,,6.822897694343935e-11,6.849264897919401e-11,2.431112584490842e-12,6.422744747932344e-11,7.194248079620266e-11,1.3545087727857237e-10,0.0013549156303884731,
halir_flusser,"grid:amplitude_x_noise:amplitude_ratio=1.15,noise_std=0.0",50,0,0,0.0,0.0,0.0,,6.822897694344514e-11,6.84926489792043e-11,2.4311125844969717e-12,6.422744747934487e-11,7.194248079619864e-11,1.3545087727858581e-10,0.0013549156303885878,
heydemann,"grid:amplitude_x_noise:amplitude_ratio=1.15,noise_std=0.0",50,0,0,0.0,0.0,0.0,,4.011311140704182e-11,4.0086598577372205e-11,1.63432480129092e-12,3.714692988015084e-11,4.2859929306960566e-11,9.789122446103943e-11,0.0007965806328001991,
kasa,"grid:amplitude_x_noise:amplitude_ratio=1.15,noise_std=0.0",50,0,0,0.0,0.0,0.0,,4.076013422781346e-09,4.075863460525271e-09,2.2053562364690466e-12,4.0727879246573794e-09,4.079745534685166e-09,7.06978554926131e-09,0.08094294453187903,
koning_wimmer_witkovsky,"grid:amplitude_x_noise:amplitude_ratio=1.15,noise_std=0.0",50,0,0,0.0,0.0,0.0,1.0,7.33219246172084e-11,7.367438232534179e-11,2.3640745000063862e-12,6.949010784032676e-11,7.688501496475222e-11,1.4535892578341177e-10,0.0014560532220258314,
raw_atan2,"grid:amplitude_x_noise:amplitude_ratio=1.15,noise_std=0.0",50,0,0,0.0,0.0,0.0,,4.177293964071981e-09,4.177210580852629e-09,2.1259434085415252e-12,4.173948832251723e-09,4.180964937253896e-09,7.411960989369545e-09,0.08295421004686171,
taubin,"grid:amplitude_x_noise:amplitude_ratio=1.15,noise_std=0.0",50,0,0,0.0,0.0,0.0,,4.076036876256322e-09,4.075888733492866e-09,2.2050982123671714e-12,4.0728116603677526e-09,4.079767296226503e-09,7.072317957925032e-09,0.08094341027944342,
fitzgibbon,"grid:amplitude_x_noise:amplitude_ratio=1.15,noise_std=0.005",50,0,0,0.0,0.0,0.0,,2.621143602584621e-10,2.567702252050393e-10,2.8975460845390625e-11,2.2172294612081794e-10,3.037995171885907e-10,6.753543447515907e-10,0.005205161495501725,
halir_flusser,"grid:amplitude_x_noise:amplitude_ratio=1.15,noise_std=0.005",50,0,0,0.0,0.0,0.0,,2.621143602584691e-10,2.5677022520506356e-10,2.8975460845390538e-11,2.2172294612084524e-10,3.0379951718861323e-10,6.753543447516381e-10,0.005205161495501863,
heydemann,"grid:amplitude_x_noise:amplitude_ratio=1.15,noise_std=0.005",50,0,0,0.0,0.0,0.0,,2.3904046599473084e-10,2.393857912159831e-10,1.9845389393767364e-11,2.151056000137425e-10,2.732402965478522e-10,6.219082586358894e-10,0.004746951781793471,
kasa,"grid:amplitude_x_noise:amplitude_ratio=1.15,noise_std=0.005",50,0,0,0.0,0.0,0.0,,4.086076629513302e-09,4.078433696777764e-09,2.853043765777767e-11,4.0532070872092555e-09,4.130726143773228e-09,7.317535753618554e-09,0.08114278332037884,
koning_wimmer_witkovsky,"grid:amplitude_x_noise:amplitude_ratio=1.15,noise_std=0.005",50,0,0,0.0,0.0,0.0,1.0,2.6304702768623556e-10,2.56846569226904e-10,2.8921645719610625e-11,2.2338843960108925e-10,3.051555487125258e-10,6.765577591973299e-10,0.005223682741641647,
raw_atan2,"grid:amplitude_x_noise:amplitude_ratio=1.15,noise_std=0.005",50,0,0,0.0,0.0,0.0,,4.18758597278497e-09,4.181763208242954e-09,2.713500322636608e-11,4.155674423610538e-09,4.235015647968986e-09,7.588670264007236e-09,0.0831585924676165,
taubin,"grid:amplitude_x_noise:amplitude_ratio=1.15,noise_std=0.005",50,0,0,0.0,0.0,0.0,,4.08613794989843e-09,4.078499564648073e-09,2.8529310010964492e-11,4.0532242404047706e-09,4.130747067931713e-09,7.319295491208184e-09,0.08114400104270142,
fitzgibbon,"grid:amplitude_x_noise:amplitude_ratio=1.15,noise_std=0.01",50,0,0,0.0,0.0,0.0,,5.025013600118668e-10,5.013468462008508e-10,3.787371994061586e-11,4.47500622983745e-10,5.658099939415001e-10,1.370283871635565e-09,0.009978853230291783,
halir_flusser,"grid:amplitude_x_noise:amplitude_ratio=1.15,noise_std=0.01",50,0,0,0.0,0.0,0.0,,5.025013600118656e-10,5.013468462008479e-10,3.787371994060086e-11,4.4750062298389413e-10,5.658099939414462e-10,1.3702838716355534e-09,0.009978853230291766,
heydemann,"grid:amplitude_x_noise:amplitude_ratio=1.15,noise_std=0.01",50,0,0,0.0,0.0,0.0,,4.717093891081031e-10,4.727715523980184e-10,3.636451911198461e-11,4.203967634055967e-10,5.31121419215192e-10,1.2888919364278228e-09,0.009367375167201935,
kasa,"grid:amplitude_x_noise:amplitude_ratio=1.15,noise_std=0.01",50,0,0,0.0,0.0,0.0,,4.102224488865565e-09,4.1057330550502005e-09,6.111973890937095e-11,3.998645324664051e-09,4.192091806716152e-09,7.62386520882004e-09,0.08146345333499497,
koning_wimmer_witkovsky,"grid:amplitude_x_noise:amplitude_ratio=1.15,noise_std=0.01",50,0,0,0.0,0.0,0.0,1.0,5.044951217909245e-10,5.01636145786023e-10,3.84821828355252e-11,4.496549237671793e-10,5.737908173798495e-10,1.3739092334283923e-09,0.010018446070734871,
raw_atan2,"grid:amplitude_x_noise:amplitude_ratio=1.15,noise_std=0.01",50,0,0,0.0,0.0,0.0,,4.1956191020702405e-09,4.201971650832197e-09,6.209834222388678e-11,4.0955090742599084e-09,4.285308206817897e-09,7.834318202320528e-09,0.08331811724604851,
taubin,"grid:amplitude_x_noise:amplitude_ratio=1.15,noise_std=0.01",50,0,0,0.0,0.0,0.0,,4.102427857501274e-09,4.1059316885285065e-09,6.113132039108737e-11,3.9989142763917995e-09,4.192533969637411e-09,7.627291515584281e-09,0.08146749190270619,
fitzgibbon,"grid:amplitude_x_noise:amplitude_ratio=1.15,noise_std=0.02",50,0,0,0.0,0.0,0.0,,1.0013693547367278e-09,9.993560896154143e-10,1.1725688433884443e-10,8.18943921483693e-10,1.2131955370106473e-09,2.6270024577754424e-09,0.019885553782369506,
halir_flusser,"grid:amplitude_x_noise:amplitude_ratio=1.15,noise_std=0.02",50,0,0,0.0,0.0,0.0,,1.0013693547367284e-09,9.993560896154143e-10,1.1725688433884588e-10,8.189439214836637e-10,1.213195537010559e-09,2.627002457775446e-09,0.019885553782369517,
heydemann,"grid:amplitude_x_noise:amplitude_ratio=1.15,noise_std=0.02",50,0,0,0.0,0.0,0.0,,9.403279307360932e-10,9.510985382757328e-10,9.075156873687499e-11,7.815839422005003e-10,1.0608501692166914e-09,2.4630480818675842e-09,0.01867337117045387,
kasa,"grid:amplitude_x_noise:amplitude_ratio=1.15,noise_std=0.02",50,0,0,0.0,0.0,0.0,,4.183202210792369e-09,4.167712689470647e-09,1.357395218383361e-10,3.983655450752159e-09,4.445081428725515e-09,8.546177660372435e-09,0.08307153814099805,
koning_wimmer_witkovsky,"grid:amplitude_x_noise:amplitude_ratio=1.15,noise_std=0.02",50,0,0,0.0,0.0,0.0,1.0,1.0055424047249962e-09,1.0042083556919606e-09,1.2118217691778559e-10,8.205330093513508e-10,1.226591233797372e-09,2.6250446389841075e-09,0.0199684237140143,
raw_atan2,"grid:amplitude_x_noise:amplitude_ratio=1.15,noise_std=0.02",50,0,0,0.0,0.0,0.0,,4.278042057584173e-09,4.278755925015189e-09,1.381070113957299e-10,4.060273765082622e-09,4.511580154009798e-09,8.547892308465471e-09,0.08495490202183692,
taubin,"grid:amplitude_x_noise:amplitude_ratio=1.15,noise_std=0.02",50,0,0,0.0,0.0,0.0,,4.183917802044891e-09,4.16887362167136e-09,1.3567648456208228e-10,3.983822907810341e-09,4.445829277883441e-09,8.552894226210528e-09,0.083085748610163,
fitzgibbon,"grid:amplitude_x_noise:amplitude_ratio=1.15,noise_std=0.03",50,0,0,0.0,0.0,0.0,,1.5086350080476207e-09,1.5009969994109953e-09,1.3450016942664923e-10,1.3178152844012289e-09,1.7479242398959673e-09,3.962068813560336e-09,0.029959018067198383,
halir_flusser,"grid:amplitude_x_noise:amplitude_ratio=1.15,noise_std=0.03",50,0,0,0.0,0.0,0.0,,1.5086350080476161e-09,1.5009969994110606e-09,1.3450016942664504e-10,1.3178152844012251e-09,1.7479242398959477e-09,3.9620688135603835e-09,0.029959018067198293,
heydemann,"grid:amplitude_x_noise:amplitude_ratio=1.15,noise_std=0.03",50,0,0,0.0,0.0,0.0,,1.425972362747751e-09,1.4001775601711154e-09,1.1948110920511897e-10,1.257136485964668e-09,1.6631551749036072e-09,3.775114722251318e-09,0.028317473445198568,
kasa,"grid:amplitude_x_noise:amplitude_ratio=1.15,noise_std=0.03",50,0,0,0.0,0.0,0.0,,4.322033031811858e-09,4.3101460772152576e-09,1.8194772440470608e-10,4.009016086423065e-09,4.627810130840965e-09,9.441738393148806e-09,0.08582849065305026,
koning_wimmer_witkovsky,"grid:amplitude_x_noise:amplitude_ratio=1.15,noise_std=0.03",50,0,0,0.0,0.0,0.0,1.0,1.5091175997857715e-09,1.5018319283058172e-09,1.410720753187293e-10,1.3166897839324468e-09,1.7639000126377573e-09,3.968287191555105e-09,0.029968601547977508,
raw_atan2,"grid:amplitude_x_noise:amplitude_ratio=1.15,noise_std=0.03",50,0,0,0.0,0.0,0.0,,4.417214447799468e-09,4.405571284989179e-09,1.9737123652845584e-10,4.057026141762758e-09,4.7270404099705294e-09,9.402958436323633e-09,0.08771863753816372,
taubin,"grid:amplitude_x_noise:amplitude_ratio=1.15,noise_std=0.03",50,0,0,0.0,0.0,0.0,,4.323601281617734e-09,4.312948229125146e-09,1.8202816310517252e-10,4.011336122217455e-09,4.630785977119105e-09,9.449504551856266e-09,0.08585963352327236,
fitzgibbon,"grid:amplitude_x_noise:amplitude_ratio=1.15,noise_std=0.04",50,0,0,0.0,0.0,0.0,,1.9841890088049998e-09,2.004755649504451e-09,1.620722657083325e-10,1.725250848225631e-09,2.215192291928058e-09,5.1051289035859866e-09,0.03940274091906069,
halir_flusser,"grid:amplitude_x_noise:amplitude_ratio=1.15,noise_std=0.04",50,0,0,0.0,0.0,0.0,,1.984189008805e-09,2.0047556495044298e-09,1.6207226570833484e-10,1.7252508482256032e-09,2.2151922919280577e-09,5.1051289035859775e-09,0.0394027409190607,
heydemann,"grid:amplitude_x_noise:amplitude_ratio=1.15,noise_std=0.04",50,0,0,0.0,0.0,0.0,,1.8739518607101206e-09,1.890456840412413e-09,1.4776927529560607e-10,1.6624724114844692e-09,2.070252466079876e-09,4.77806957134715e-09,0.03721361187602931,
kasa,"grid:amplitude_x_noise:amplitude_ratio=1.15,noise_std=0.04",50,0,0,0.0,0.0,0.0,,4.500540200998651e-09,4.516168885544635e-09,2.0586421348530676e-10,4.208141966310675e-09,4.808444621355462e-09,1.02042730001928e-08,0.08937335039597277,
koning_wimmer_witkovsky,"grid:amplitude_x_noise:amplitude_ratio=1.15,noise_std=0.04",50,0,0,0.0,0.0,0.0,1.0,1.9993418541475858e-09,2.0098621239598665e-09,1.694042870057231e-10,1.7000389360608339e-09,2.283499017814687e-09,5.104153646876415e-09,0.03970365158662864,
raw_atan2,"grid:amplitude_x_noise:amplitude_ratio=1.15,noise_std=0.04",50,0,0,0.0,0.0,0.0,,4.593195826040708e-09,4.56133848835763e-09,2.0317873377469262e-10,4.307208601550198e-09,4.905055387820596e-09,1.0184318539430139e-08,0.09121333921358277,
taubin,"grid:amplitude_x_noise:amplitude_ratio=1.15,noise_std=0.04",50,0,0,0.0,0.0,0.0,,4.5039159520427406e-09,4.51910057667584e-09,2.0591414407596442e-10,4.208848467013455e-09,4.810384622869011e-09,1.0219659958035902e-08,0.08944038727764445,
fitzgibbon,"grid:amplitude_x_noise:amplitude_ratio=1.15,noise_std=0.05",50,0,0,0.0,0.0,0.0,,2.4741944164319386e-09,2.4493604025204615e-09,2.637482338098656e-10,2.1209044065127426e-09,2.9277534360439256e-09,6.351801680224018e-09,0.049133445020325295,
halir_flusser,"grid:amplitude_x_noise:amplitude_ratio=1.15,noise_std=0.05",50,0,0,0.0,0.0,0.0,,2.474194416431937e-09,2.4493604025205563e-09,2.6374823380986214e-10,2.1209044065127414e-09,2.9277534360438515e-09,6.351801680223965e-09,0.04913344502032527,
heydemann,"grid:amplitude_x_noise:amplitude_ratio=1.15,noise_std=0.05",50,0,0,0.0,0.0,0.0,,2.330548771777205e-09,2.299911388053262e-09,2.639692086242666e-10,1.9713686244225894e-09,2.79404921291337e-09,5.97984585233347e-09,0.04628087800409597,
kasa,"grid:amplitude_x_noise:amplitude_ratio=1.15,noise_std=0.05",50,0,0,0.0,0.0,0.0,,4.703114183012786e-09,4.726421501691939e-09,2.8436372124334367e-10,4.142466874562662e-09,5.0929153108228865e-09,1.1011196592015846e-08,0.09339613758752799,
koning_wimmer_witkovsky,"grid:amplitude_x_noise:amplitude_ratio=1.15,noise_std=0.05",50,0,0,0.0,0.0,0.0,1.0,2.529701544029407e-09,2.5540003426184852e-09,2.982273871780704e-10,2.0857118137568275e-09,2.9253984660306504e-09,6.4660714945482216e-09,0.05023572557836625,
raw_atan2,"grid:amplitude_x_noise:amplitude_ratio=1.15,noise_std=0.05",50,0,0,0.0,0.0,0.0,,4.75258317980539e-09,4.7955943172056844e-09,2.939062067531221e-10,4.207763803624367e-09,5.137277118394815e-09,1.1013912445999617e-08,0.09437851076644144,
taubin,"grid:amplitude_x_noise:amplitude_ratio=1.15,noise_std=0.05",50,0,0,0.0,0.0,0.0,,4.7092332503278176e-09,4.741041288752366e-09,2.8370296474602685e-10,4.1497601155541375e-09,5.101661352617248e-09,1.1024436190967542e-08,0.09351765223306355,
fitzgibbon,"grid:amplitude_x_noise:amplitude_ratio=1.15,noise_std=0.06",50,0,0,0.0,0.0,0.0,,2.9432407148385826e-09,2.9545168902714557e-09,2.8791054344581375e-10,2.5338940713970795e-09,3.3868342707176757e-09,7.336413743338587e-09,0.05844793557195487,
halir_flusser,"grid:amplitude_x_noise:amplitude_ratio=1.15,noise_std=0.06",50,0,0,0.0,0.0,0.0,,2.9432407148385714e-09,2.9545168902713887e-09,2.879105434457992e-10,2.5338940713970336e-09,3.3868342707176613e-09,7.336413743338539e-09,0.05844793557195466,
heydemann,"grid:amplitude_x_noise:amplitude_ratio=1.15,noise_std=0.06",50,0,0,0.0,0.0,0.0,,2.7965848375791884e-09,2.8155001604701495e-09,2.6261126437926484e-10,2.3274471698184345e-09,3.1791217020751184e-09,7.025671566410669e-09,0.05553559027104542,
kasa,"grid:amplitude_x_noise:amplitude_ratio=1.15,noise_std=0.06",50,0,0,0.0,0.0,0.0,,4.86115785616214e-09,4.8767938322056585e-09,3.099402256630855e-10,4.345887543551519e-09,5.3534397877552375e-09,1.140503907757743e-08,0.09653462584613964,
koning_wimmer_witkovsky,"grid:amplitude_x_noise:amplitude_ratio=1.15,noise_std=0.06",50,0,0,0.0,0.0,0.0,1.0,2.9929870907165403e-09,3.0305613673863074e-09,3.100301220276472e-10,2.4445090194222917e-09,3.415364841700019e-09,7.4422465571344474e-09,0.05943581704477984,
raw_atan2,"grid:amplitude_x_noise:amplitude_ratio=1.15,noise_std=0.06",50,0,0,0.0,0.0,0.0,,4.920073259983174e-09,4.895101109309788e-09,2.8365290796872244e-10,4.4697948629888255e-09,5.363026200926054e-09,1.1374361526180056e-08,0.09770458918259624,
taubin,"grid:amplitude_x_noise:amplitude_ratio=1.15,noise_std=0.06",50,0,0,0.0,0.0,0.0,,4.869270052104545e-09,4.882355660420903e-09,3.1354051095591295e-10,4.355928837419801e-09,5.364720085592041e-09,1.1438437728020805e-08,0.09669572075876376,
fitzgibbon,"grid:amplitude_x_noise:amplitude_ratio=1.15,noise_std=0.08",50,0,0,0.0,0.0,0.0,,4.026414052906853e-09,4.042582079053612e-09,4.693757474593445e-10,3.2836819086539075e-09,4.747117341054193e-09,1.0436445110161622e-08,0.07995798235728743,
halir_flusser,"grid:amplitude_x_noise:amplitude_ratio=1.15,noise_std=0.08",50,0,0,0.0,0.0,0.0,,4.026414052906864e-09,4.042582079053617e-09,4.693757474593375e-10,3.2836819086538727e-09,4.747117341054137e-09,1.0436445110161645e-08,0.07995798235728765,
heydemann,"grid:amplitude_x_noise:amplitude_ratio=1.15,noise_std=0.08",50,0,0,0.0,0.0,0.0,,3.772356959680927e-09,3.7856680256886514e-09,3.971358581788989e-10,3.0914883818208126e-09,4.316873503194973e-09,9.69717353964827e-09,0.074912824976308,
kasa,"grid:amplitude_x_noise:amplitude_ratio=1.15,noise_std=0.08",50,0,0,0.0,0.0,0.0,,5.609427684589452e-09,5.705055660960915e-09,4.6560765550624933e-10,4.855324583143335e-09,6.231239718851507e-09,1.3754039051105626e-08,0.11139403795669674,
koning_wimmer_witkovsky,"grid:amplitude_x_noise:amplitude_ratio=1.15,noise_std=0.08",50,0,0,0.0,0.0,0.0,1.0,4.230271800249654e-09,4.2066687624955205e-09,5.328140817297619e-10,3.377512352207686e-09,5.091668061400282e-09,1.0787632289065828e-08,0.08400626302371922,
raw_atan2,"grid:amplitude_x_noise:amplitude_ratio=1.15,noise_std=0.08",50,0,0,0.0,0.0,0.0,,5.641303519024456e-09,5.653373920920588e-09,4.543330411030259e-10,4.913949659549457e-09,6.302687887394625e-09,1.3883654238487064e-08,0.11202703977267683,
taubin,"grid:amplitude_x_noise:amplitude_ratio=1.15,noise_std=0.08",50,0,0,0.0,0.0,0.0,,5.624060194819691e-09,5.715160975994327e-09,4.6465182342838466e-10,4.868077378819725e-09,6.239375537634007e-09,1.377416181259644e-08,0.11168461562194894,
fitzgibbon,"grid:amplitude_x_noise:amplitude_ratio=1.15,noise_std=0.1",50,0,0,0.0,0.0,0.0,,4.987065545382011e-09,5.026002616941532e-09,4.953997377097381e-10,4.266771530398947e-09,5.605301186756221e-09,1.2766250876879338e-08,0.09903494614628887,
halir_flusser,"grid:amplitude_x_noise:amplitude_ratio=1.15,noise_std=0.1",50,0,0,0.0,0.0,0.0,,4.987065545382017e-09,5.02600261694149e-09,4.953997377097441e-10,4.266771530398853e-09,5.605301186756211e-09,1.2766250876879252e-08,0.099034946146289,
heydemann,"grid:amplitude_x_noise:amplitude_ratio=1.15,noise_std=0.1",50,0,0,0.0,0.0,0.0,,4.724644054885605e-09,4.732711603953984e-09,4.4557717179397435e-10,4.040557226530187e-09,5.457468524769704e-09,1.216062580204742e-08,0.09382368554775794,
kasa,"grid:amplitude_x_noise:amplitude_ratio=1.15,noise_std=0.1",50,0,0,0.0,0.0,0.0,,6.354982451081339e-09,6.196158944325943e-09,5.474539272916366e-10,5.560032641423108e-09,7.373490702044386e-09,1.574795041424263e-08,0.1261995333881744,
koning_wimmer_witkovsky,"grid:amplitude_x_noise:amplitude_ratio=1.15,noise_std=0.1",50,0,0,0.0,0.0,0.0,1.0,5.421610117577217e-09,5.2296179063959145e-09,7.773195991439014e-10,4.533367453753571e-09,6.893872966662765e-09,1.3767561254131017e-08,0.10766428897603463,
raw_atan2,"grid:amplitude_x_noise:amplitude_ratio=1.15,noise_std=0.1",50,0,0,0.0,0.0,0.0,,6.374609216674258e-09,6.322720989405708e-09,5.783706066200973e-10,5.561723540719509e-09,7.559238695717072e-09,1.5520177020160883e-08,0.1265892887775577,
taubin,"grid:amplitude_x_noise:amplitude_ratio=1.15,noise_std=0.1",50,0,0,0.0,0.0,0.0,,6.3849129919048095e-09,6.218358975427073e-09,5.475375483910581e-10,5.622532741630649e-09,7.384913561497367e-09,1.5850273804050387e-08,0.12679390486206177,
fitzgibbon,"grid:amplitude_x_noise:amplitude_ratio=1.2,noise_std=0.0",50,0,0,0.0,0.0,0.0,,3.88718605028412e-10,3.8858128180637317e-10,2.175466734562096e-12,3.8584896766764844e-10,3.925013128449704e-10,7.474478718275758e-10,0.0077193142469717535,
halir_flusser,"grid:amplitude_x_noise:amplitude_ratio=1.2,noise_std=0.0",50,0,0,0.0,0.0,0.0,,3.887186050284942e-10,3.8858128180641577e-10,2.1754667345653562e-12,3.8584896766773917e-10,3.9250131284499097e-10,7.474478718280982e-10,0.007719314246973384,
heydemann,"grid:amplitude_x_noise:amplitude_ratio=1.2,noise_std=0.0",50,0,0,0.0,0.0,0.0,,2.2031566609996546e-10,2.2047932582901446e-10,1.3624932427668157e-12,2.1830808247120505e-10,2.2253697527562925e-10,4.3075131534611243e-10,0.004375107952530931,
kasa,"grid:amplitude_x_noise:amplitude_ratio=1.2,noise_std=0.0",50,0,0,0.0,0.0,0.0,,4.608356588239524e-09,4.6083564547812935e-09,1.9158306646394492e-12,4.605187810510108e-09,4.611172579502243e-09,8.368067710766938e-09,0.09151440709693688,
koning_wimmer_witkovsky,"grid:amplitude_x_noise:amplitude_ratio=1.2,noise_std=0.0",50,0,0,0.0,0.0,0.0,1.0,4.351505925543423e-10,4.347912060975872e-10,2.0529594313980924e-12,4.322143193966398e-10,4.3872335315132326e-10,8.457408306336634e-10,0.008641377400593975,
raw_atan2,"grid:amplitude_x_noise:amplitude_ratio=1.2,noise_std=0.0",50,0,0,0.0,0.0,0.0,,4.683738728957017e-09,4.683883308152727e-09,1.899391753906294e-12,4.6808103481944705e-09,4.6865552773429255e-09,8.254016970264526e-09,0.09301137283328295,
taubin,"grid:amplitude_x_noise:amplitude_ratio=1.2,noise_std=0.0",50,0,0,0.0,0.0,0.0,,4.609598058905987e-09,4.609585971768354e-09,1.9136000365390107e-12,4.606419406765177e-09,4.612425246165437e-09,8.39263467046789e-09,0.09153906066915814,
fitzgibbon,"grid:amplitude_x_noise:amplitude_ratio=1.2,noise_std=0.005",50,0,0,0.0,0.0,0.0,,4.6387924136104854e-10,4.571260701493595e-10,3.467588089052512e-11,4.105420590958149e-10,5.158538733456886e-10,1.0855342748570357e-09,0.009211881269359522,
halir_flusser,"grid:amplitude_x_noise:amplitude_ratio=1.2,noise_std=0.005",50,0,0,0.0,0.0,0.0,,4.6387924136107884e-10,4.5712607014941076e-10,3.467588089052845e-11,4.1054205909588134e-10,5.158538733457918e-10,1.0855342748571643e-09,0.009211881269360126,
heydemann,"grid:amplitude_x_noise:amplitude_ratio=1.2,noise_std=0.005",50,0,0,0.0,0.0,0.0,,3.219748657082507e-10,3.2264544982572195e-10,2.003556979948997e-11,2.953150789514938e-10,3.5041019736913096e-10,8.122746122176611e-10,0.006393893000945641,
kasa,"grid:amplitude_x_noise:amplitude_ratio=1.2,noise_std=0.005",50,0,0,0.0,0.0,0.0,,4.625049053462675e-09,4.62225024958774e-09,2.4378842382463536e-11,4.595744847469477e-09,4.664833916547518e-09,8.538034020586442e-09,0.09184589209134492,
koning_wimmer_witkovsky,"grid:amplitude_x_noise:amplitude_ratio=1.2,noise_std=0.005",50,0,0,0.0,0.0,0.0,1.0,5.04369263634056e-10,5.003561964706819e-10,3.5667058756854686e-11,4.4795904385552263e-10,5.59316382842812e-10,1.1745126017814473e-09,0.010015946734066014,
raw_atan2,"grid:amplitude_x_noise:amplitude_ratio=1.2,noise_std=0.005",50,0,0,0.0,0.0,0.0,,4.700348896027026e-09,4.7008439837233455e-09,2.4626458174303577e-11,4.673943602628807e-09,4.733324297516414e-09,8.440293353326103e-09,0.09334122352128568,
taubin,"grid:amplitude_x_noise:amplitude_ratio=1.2,noise_std=0.005",50,0,0,0.0,0.0,0.0,,4.6263447926835075e-09,4.623649954162673e-09,2.440218215015044e-11,4.596553735881413e-09,4.666513877954394e-09,8.562990010223475e-09,0.09187162334809042,
fitzgibbon,"grid:amplitude_x_noise:amplitude_ratio=1.2,noise_std=0.01",50,0,0,0.0,0.0,0.0,,6.136152238312732e-10,6.018997310934691e-10,7.342947171588886e-11,5.167812716629545e-10,7.618507229116998e-10,1.5185512997006004e-09,0.01218539241036147,
halir_flusser,"grid:amplitude_x_noise:amplitude_ratio=1.2,noise_std=0.01",50,0,0,0.0,0.0,0.0,,6.136152238312869e-10,6.018997310935433e-10,7.342947171588242e-11,5.167812716629442e-10,7.618507229117206e-10,1.5185512997006347e-09,0.01218539241036174,
heydemann,"grid:amplitude_x_noise:amplitude_ratio=1.2,noise_std=0.01",50,0,0,0.0,0.0,0.0,,5.058433884683361e-10,5.067456462309545e-10,4.718347459979321e-11,4.340325699908605e-10,5.850655797127575e-10,1.2920123229752712e-09,0.010045220436656717,
kasa,"grid:amplitude_x_noise:amplitude_ratio=1.2,noise_std=0.01",50,0,0,0.0,0.0,0.0,,4.611163371075758e-09,4.61621249829762e-09,7.17230817578916e-11,4.481242252779723e-09,4.719358117579757e-09,8.680423135096777e-09,0.09157014520274304,
koning_wimmer_witkovsky,"grid:amplitude_x_noise:amplitude_ratio=1.2,noise_std=0.01",50,0,0,0.0,0.0,0.0,1.0,6.421446713873538e-10,6.274758962289478e-10,7.563563756954395e-11,5.400122676358374e-10,7.972529640936029e-10,1.5794752289469131e-09,0.012751940468851721,
raw_atan2,"grid:amplitude_x_noise:amplitude_ratio=1.2,noise_std=0.01",50,0,0,0.0,0.0,0.0,,4.686948255256072e-09,4.68840631664846e-09,7.20603631648667e-11,4.588189386818332e-09,4.7879038389138785e-09,8.62213054087671e-09,0.09307510876402006,
taubin,"grid:amplitude_x_noise:amplitude_ratio=1.2,noise_std=0.01",50,0,0,0.0,0.0,0.0,,4.612792313194042e-09,4.617295350950889e-09,7.185617329301016e-11,4.4828392897968185e-09,4.721009700598196e-09,8.705483444374689e-09,0.09160249332279312,
fitzgibbon,"grid:amplitude_x_noise:amplitude_ratio=1.2,noise_std=0.02",50,0,0,0.0,0.0,0.0,,1.047604165888166e-09,1.051255027902016e-09,9.397594509142434e-11,8.986508311289668e-10,1.2112150995662856e-09,2.735788640910928e-09,0.020803701336436945,
halir_flusser,"grid:amplitude_x_noise:amplitude_ratio=1.2,noise_std=0.02",50,0,0,0.0,0.0,0.0,,1.0476041658881488e-09,1.0512550279020387e-09,9.397594509142331e-11,8.986508311289704e-10,1.2112150995662312e-09,2.7357886409108738e-09,0.020803701336436605,
heydemann,"grid:amplitude_x_noise:amplitude_ratio=1.2,noise_std=0.02",50,0,0,0.0,0.0,0.0,,9.445293747222214e-10,9.559035935507998e-10,6.933624438412768e-11,8.309563650625317e-10,1.063157595878004e-09,2.5096837349165124e-09,0.018756804960348244,
kasa,"grid:amplitude_x_noise:amplitude_ratio=1.2,noise_std=0.02",50,0,0,0.0,0.0,0.0,,4.722669590100914e-09,4.728546545332318e-09,1.1051363232433561e-10,4.545277260283058e-09,4.906392231241299e-09,9.461230863821896e-09,0.0937844759139883,
koning_wimmer_witkovsky,"grid:amplitude_x_noise:amplitude_ratio=1.2,noise_std=0.02",50,0,0,0.0,0.0,0.0,1.0,1.0698726364462748e-09,1.0759600882020835e-09,1.0165971126421686e-10,8.979997335637061e-10,1.2371994416132843e-09,2.772999947491218e-09,0.02124591665572921,
raw_atan2,"grid:amplitude_x_noise:amplitude_ratio=1.2,noise_std=0.02",50,0,0,0.0,0.0,0.0,,4.788037634935381e-09,4.792643233653574e-09,1.1635156081953224e-10,4.576762020825469e-09,4.97103748673909e-09,9.407938143592462e-09,0.09508257812278409,
taubin,"grid:amplitude_x_noise:amplitude_ratio=1.2,noise_std=0.02",50,0,0,0.0,0.0,0.0,,4.725024091884747e-09,4.730896585957485e-09,1.1020451057889779e-10,4.549021176741902e-09,4.909355247119862e-09,9.480503227974045e-09,0.09383123245954429,
fitzgibbon,"grid:amplitude_x_noise:amplitude_ratio=1.2,noise_std=0.03",50,0,0,0.0,0.0,0.0,,1.519190965748144e-09,1.4983992939366628e-09,1.2640216281260413e-10,1.3406789550148712e-09,1.7200554824696535e-09,3.895426264283582e-09,0.030168642082138767,
halir_flusser,"grid:amplitude_x_noise:amplitude_ratio=1.2,noise_std=0.03",50,0,0,0.0,0.0,0.0,,1.519190965748149e-09,1.4983992939367104e-09,1.2640216281259325e-10,1.3406789550148712e-09,1.7200554824696599e-09,3.895426264283561e-09,0.030168642082138864,
heydemann,"grid:amplitude_x_noise:amplitude_ratio=1.2,noise_std=0.03",50,0,0,0.0,0.0,0.0,,1.4043417238498894e-09,1.402267977452579e-09,1.176644894439524e-10,1.1976534580537908e-09,1.5677308033422538e-09,3.661534795236058e-09,0.027887924417044494,
kasa,"grid:amplitude_x_noise:amplitude_ratio=1.2,noise_std=0.03",50,0,0,0.0,0.0,0.0,,4.802662733775125e-09,4.79809975087481e-09,1.8012134952697238e-10,4.5040033468987936e-09,5.036682718737728e-09,1.00715944651949e-08,0.09537300860997096,
koning_wimmer_witkovsky,"grid:amplitude_x_noise:amplitude_ratio=1.2,noise_std=0.03",50,0,0,0.0,0.0,0.0,1.0,1.5451737692339327e-09,1.5319131727866244e-09,1.292605166775028e-10,1.347074446712035e-09,1.7712082206913758e-09,3.928984410156377e-09,0.030684617964253938,
raw_atan2,"grid:amplitude_x_noise:amplitude_ratio=1.2,noise_std=0.03",50,0,0,0.0,0.0,0.0,,4.8549912921287925e-09,4.854859937669031e-09,1.9003834870206812e-10,4.514858838342853e-09,5.1114693557789056e-09,9.982296561124432e-09,0.09641216799364243,
taubin,"grid:amplitude_x_noise:amplitude_ratio=1.2,noise_std=0.03",50,0,0,0.0,0.0,0.0,,4.806759584489788e-09,4.801811088700833e-09,1.7950022590328903e-10,4.510804673419118e-09,5.04060673305567e-09,1.0095683792369126e-08,0.09545436534895982,
fitzgibbon,"grid:amplitude_x_noise:amplitude_ratio=1.2,noise_std=0.04",50,0,0,0.0,0.0,0.0,,2.0042270234795052e-09,1.954702995342923e-09,2.0363219879648628e-10,1.7347804415660063e-09,2.3365506014263344e-09,5.126247707776589e-09,0.03980066304101992,
halir_flusser,"grid:amplitude_x_noise:amplitude_ratio=1.2,noise_std=0.04",50,0,0,0.0,0.0,0.0,,2.0042270234794833e-09,1.954702995342939e-09,2.0363219879647387e-10,1.7347804415661052e-09,2.3365506014263137e-09,5.126247707776524e-09,0.03980066304101947,
heydemann,"grid:amplitude_x_noise:amplitude_ratio=1.2,noise_std=0.04",50,0,0,0.0,0.0,0.0,,1.8630489827778835e-09,1.8521280173793489e-09,1.5755484945626865e-10,1.6055338040190941e-09,2.115966965475881e-09,4.825746158763788e-09,0.0369970985940135,
kasa,"grid:amplitude_x_noise:amplitude_ratio=1.2,noise_std=0.04",50,0,0,0.0,0.0,0.0,,4.9834201732490714e-09,4.9345415872995395e-09,2.630828890390015e-10,4.64192314022773e-09,5.43981842090644e-09,1.090442046830242e-08,0.09896255503179807,
koning_wimmer_witkovsky,"grid:amplitude_x_noise:amplitude_ratio=1.2,noise_std=0.04",50,0,0,0.0,0.0,0.0,1.0,2.0263559587235547e-09,1.9956069505153887e-09,2.1276756496831848e-10,1.7498481623527963e-09,2.3931305779335735e-09,5.158140764956082e-09,0.04024010741772328,
raw_atan2,"grid:amplitude_x_noise:amplitude_ratio=1.2,noise_std=0.04",50,0,0,0.0,0.0,0.0,,5.029204848675405e-09,4.986375199326176e-09,2.6998986078841145e-10,4.687631193975813e-09,5.48662633602954e-09,1.0791806384920993e-08,0.0998717636282985,
taubin,"grid:amplitude_x_noise:amplitude_ratio=1.2,noise_std=0.04",50,0,0,0.0,0.0,0.0,,4.989900575155005e-09,4.939714981228643e-09,2.626470387608399e-10,4.6576071355677885e-09,5.44255866140103e-09,1.0937437512009484e-08,0.09909124518995226,
fitzgibbon,"grid:amplitude_x_noise:amplitude_ratio=1.2,noise_std=0.05",50,0,0,0.0,0.0,0.0,,2.482399482396943e-09,2.4468220414691563e-09,2.1528583245478058e-10,2.1138507845999244e-09,2.831116992383897e-09,6.430042877151889e-09,0.04929638417935109,
halir_flusser,"grid:amplitude_x_noise:amplitude_ratio=1.2,noise_std=0.05",50,0,0,0.0,0.0,0.0,,2.4823994823969512e-09,2.446822041469148e-09,2.1528583245478707e-10,2.1138507845999177e-09,2.8311169923838192e-09,6.430042877151864e-09,0.04929638417935125,
heydemann,"grid:amplitude_x_noise:amplitude_ratio=1.2,noise_std=0.05",50,0,0,0.0,0.0,0.0,,2.3324890344011738e-09,2.3078540060848817e-09,2.2409213590785132e-10,1.9981754681690156e-09,2.7081107311062252e-09,6.131062524980119e-09,0.046319408439023234,
kasa,"grid:amplitude_x_noise:amplitude_ratio=1.2,noise_std=0.05",50,0,0,0.0,0.0,0.0,,5.083115078433849e-09,5.0615214351907354e-09,2.378283814069111e-10,4.702260547842376e-09,5.425225544950934e-09,1.151883981324038e-08,0.10094233241314342,
koning_wimmer_witkovsky,"grid:amplitude_x_noise:amplitude_ratio=1.2,noise_std=0.05",50,0,0,0.0,0.0,0.0,1.0,2.495904720981132e-09,2.5126789104344145e-09,2.426087416388642e-10,2.0728609487576116e-09,2.847767772572625e-09,6.460266665437407e-09,0.04956457607771434,
raw_atan2,"grid:amplitude_x_noise:amplitude_ratio=1.2,noise_std=0.05",50,0,0,0.0,0.0,0.0,,5.1341668873007064e-09,5.137256461647752e-09,2.2867654694107412e-10,4.801425584753793e-09,5.443707516976628e-09,1.1473533853120226e-08,0.1019561376450561,
taubin,"grid:amplitude_x_noise:amplitude_ratio=1.2,noise_std=0.05",50,0,0,0.0,0.0,0.0,,5.0904089085782055e-09,5.070758435382279e-09,2.377142635562747e-10,4.7033404262789955e-09,5.4304439881569e-09,1.1549736881768515e-08,0.1010871759226127,
fitzgibbon,"grid:amplitude_x_noise:amplitude_ratio=1.2,noise_std=0.06",50,0,0,0.0,0.0,0.0,,3.078610471108906e-09,3.045428288833424e-09,2.9074255183342205e-10,2.6077766024971814e-09,3.49404996015775e-09,8.248808546821829e-09,0.06113615701201234,
halir_flusser,"grid:amplitude_x_noise:amplitude_ratio=1.2,noise_std=0.06",50,0,0,0.0,0.0,0.0,,3.078610471108902e-09,3.0454282888334432e-09,2.907425518334255e-10,2.6077766024972202e-09,3.494049960157746e-09,8.248808546821814e-09,0.06113615701201227,
heydemann,"grid:amplitude_x_noise:amplitude_ratio=1.2,noise_std=0.06",50,0,0,0.0,0.0,0.0,,2.898085083839652e-09,2.8746339841351755e-09,2.7189912055452216e-10,2.550516817022364e-09,3.348852338416943e-09,7.797177939056359e-09,0.057551218766553794,
kasa,"grid:amplitude_x_noise:amplitude_ratio=1.2,noise_std=0.06",50,0,0,0.0,0.0,0.0,,5.537952931362702e-09,5.525522156561737e-09,3.751316805691837e-10,4.97334785049644e-09,6.0608847695069365e-09,1.3208327863067372e-08,0.10997466653031049,
koning_wimmer_witkovsky,"grid:amplitude_x_noise:amplitude_ratio=1.2,noise_std=0.06",50,0,0,0.0,0.0,0.0,1.0,3.155603494601252e-09,3.161399187890189e-09,3.515177292935581e-10,2.609942139680339e-09,3.5929390666043868e-09,8.384270104840905e-09,0.06266511223945366,
raw_atan2,"grid:amplitude_x_noise:amplitude_ratio=1.2,noise_std=0.06",50,0,0,0.0,0.0,0.0,,5.579752564915798e-09,5.6177132680549836e-09,3.452351328269712e-10,5.056170136905468e-09,6.17429986534854e-09,1.3049759894556373e-08,0.11080473872811807,
taubin,"grid:amplitude_x_noise:amplitude_ratio=1.2,noise_std=0.06",50,0,0,0.0,0.0,0.0,,5.548337515830599e-09,5.534112183079054e-09,3.774014208261247e-10,4.978679959379143e-09,6.061648843639953e-09,1.32598213335852e-08,0.11018088735379301,
fitzgibbon,"grid:amplitude_x_noise:amplitude_ratio=1.2,noise_std=0.08",50,0,0,0.0,0.0,0.0,,3.898247855098373e-09,3.813485592718e-09,3.981133697306914e-10,3.291108576195634e-09,4.500630573786133e-09,9.995038373151744e-09,0.07741281177907217,
halir_flusser,"grid:amplitude_x_noise:amplitude_ratio=1.2,noise_std=0.08",50,0,0,0.0,0.0,0.0,,3.898247855098393e-09,3.813485592718001e-09,3.9811336973071533e-10,3.2911085761955686e-09,4.500630573786187e-09,9.99503837315182e-09,0.07741281177907258,
heydemann,"grid:amplitude_x_noise:amplitude_ratio=1.2,noise_std=0.08",50,0,0,0.0,0.0,0.0,,3.698214535076718e-09,3.6749578470299183e-09,3.5142397466659166e-10,3.1078825490506674e-09,4.3323846903932755e-09,9.523208900326221e-09,0.07344047796963342,
kasa,"grid:amplitude_x_noise:amplitude_ratio=1.2,noise_std=0.08",50,0,0,0.0,0.0,0.0,,5.917884876502328e-09,5.897949015271865e-09,4.1424173395824453e-10,5.286741635108798e-09,6.62922101513152e-09,1.4644851791816177e-08,0.11751949211637075,
koning_wimmer_witkovsky,"grid:amplitude_x_noise:amplitude_ratio=1.2,noise_std=0.08",50,0,0,0.0,0.0,0.0,1.0,4.059774471316559e-09,3.987011944998114e-09,4.77247310823546e-10,3.3645769057364907e-09,4.8567260241368825e-09,1.0547572593325328e-08,0.08062046557724076,
raw_atan2,"grid:amplitude_x_noise:amplitude_ratio=1.2,noise_std=0.08",50,0,0,0.0,0.0,0.0,,5.93162087023917e-09,5.903969586961304e-09,4.0252995362112074e-10,5.251324019761338e-09,6.6168223183823986e-09,1.4559648510398568e-08,0.11779226643377541,
taubin,"grid:amplitude_x_noise:amplitude_ratio=1.2,noise_std=0.08",50,0,0,0.0,0.0,0.0,,5.928001710263009e-09,5.8956583018241696e-09,4.146705803986193e-10,5.3024304883626805e-09,6.6325494119624544e-09,1.4665207539517339e-08,0.11772039584974717,
fitzgibbon,"grid:amplitude_x_noise:amplitude_ratio=1.2,noise_std=0.1",50,0,0,0.0,0.0,0.0,,4.875366009782512e-09,4.9386437909203505e-09,5.248192355549143e-10,4.180625240580326e-09,5.628985977317595e-09,1.2750187500853761e-08,0.0968167764847922,
halir_flusser,"grid:amplitude_x_noise:amplitude_ratio=1.2,noise_std=0.1",50,0,0,0.0,0.0,0.0,,4.875366009782509e-09,4.938643790920314e-09,5.248192355549089e-10,4.180625240580315e-09,5.628985977317632e-09,1.2750187500853755e-08,0.09681677648479212,
heydemann,"grid:amplitude_x_noise:amplitude_ratio=1.2,noise_std=0.1",50,0,0,0.0,0.0,0.0,,4.615225213863692e-09,4.75770590297622e-09,4.857650835504204e-10,3.800008956454775e-09,5.270241819776631e-09,1.2278033046686039e-08,0.0916508067416976,
kasa,"grid:amplitude_x_noise:amplitude_ratio=1.2,noise_std=0.1",50,0,0,0.0,0.0,0.0,,6.5768427038024205e-09,6.6082472339578194e-09,4.68361812784771e-10,5.7325138350681794e-09,7.3399175572845165e-09,1.6393838678182216e-08,0.13060531429887048,
koning_wimmer_witkovsky,"grid:amplitude_x_noise:amplitude_ratio=1.2,noise_std=0.1",50,0,0,0.0,0.0,0.0,1.0,5.2629784155503225e-09,5.227674650042607e-09,6.412845214815227e-10,4.298958596131921e-09,6.194075299137739e-09,1.362010178180312e-08,0.10451412342790484,
raw_atan2,"grid:amplitude_x_noise:amplitude_ratio=1.2,noise_std=0.1",50,0,0,0.0,0.0,0.0,,6.566616293596494e-09,6.5706167328038225e-09,4.717454507941518e-10,5.853788590064355e-09,7.335349228184118e-09,1.6303297849759837e-08,0.13040223455692654,
taubin,"grid:amplitude_x_noise:amplitude_ratio=1.2,noise_std=0.1",50,0,0,0.0,0.0,0.0,,6.588285300024582e-09,6.601470871528819e-09,4.738003409668894e-10,5.761343037784573e-09,7.3816579294120954e-09,1.6453948809100055e-08,0.1308325455013328,
fitzgibbon,"grid:amplitude_x_noise:amplitude_ratio=1.25,noise_std=0.0",50,0,0,0.0,0.0,0.0,,7.806939423079083e-10,7.807206931675986e-10,1.9972852806870286e-12,7.77433609514688e-10,7.83906280720052e-10,1.515439708282015e-09,0.0155033018575005,
halir_flusser,"grid:amplitude_x_noise:amplitude_ratio=1.25,noise_std=0.0",50,0,0,0.0,0.0,0.0,,7.806939423079095e-10,7.807206931675892e-10,1.9972852806847692e-12,7.774336095146834e-10,7.839062807200224e-10,1.5154397082819701e-09,0.015503301857500523,
heydemann,"grid:amplitude_x_noise:amplitude_ratio=1.25,noise_std=0.0",50,0,0,0.0,0.0,0.0,,4.5678661266679646e-10,4.56776543939303e-10,1.0221318512204816e-12,4.552256274723942e-10,4.5849510050697213e-10,8.323362093696954e-10,0.009071033290848131,
kasa,"grid:amplitude_x_noise:amplitude_ratio=1.25,noise_std=0.0",50,0,0,0.0,0.0,0.0,,5.177858038119696e-09,5.177702506982807e-09,2.109834862053175e-12,5.17458500425657e-09,5.181191017336612e-09,9.743126180671701e-09,0.10282377227489063,
koning_wimmer_witkovsky,"grid:amplitude_x_noise:amplitude_ratio=1.25,noise_std=0.0",50,0,0,0.0,0.0,0.0,1.0,8.90955095393243e-10,8.909812176740245e-10,1.8681512382877237e-12,8.878093068130633e-10,8.937972157340021e-10,1.7543545745495022e-09,0.01769290760028954,
raw_atan2,"grid:amplitude_x_noise:amplitude_ratio=1.25,noise_std=0.0",50,0,0,0.0,0.0,0.0,,5.210900239171145e-09,5.2106809984853954e-09,2.1001935090756796e-12,5.2076617556036945e-09,5.2140246182949885e-09,9.16570455147623e-09,0.10347993621978109,
taubin,"grid:amplitude_x_noise:amplitude_ratio=1.25,noise_std=0.0",50,0,0,0.0,0.0,0.0,,5.1738976536720675e-09,5.173776382403174e-09,2.1098298328914416e-12,5.170611181939004e-09,5.177230058799075e-09,9.699528392360846e-09,0.102745125532248,
fitzgibbon,"grid:amplitude_x_noise:amplitude_ratio=1.25,noise_std=0.005",50,0,0,0.0,0.0,0.0,,8.201706496689539e-10,8.193477654917566e-10,4.1452571732562325e-11,7.558296389288911e-10,8.974526049904598e-10,1.7741441052559704e-09,0.016287244549241173,
halir_flusser,"grid:amplitude_x_noise:amplitude_ratio=1.25,noise_std=0.005",50,0,0,0.0,0.0,0.0,,8.201706496689816e-10,8.193477654917725e-10,4.1452571732563094e-11,7.558296389288377e-10,8.97452604990559e-10,1.774144105256087e-09,0.016287244549241724,
heydemann,"grid:amplitude_x_noise:amplitude_ratio=1.25,noise_std=0.005",50,0,0,0.0,0.0,0.0,,5.105979516544703e-10,5.106442072936612e-10,2.390873738548892e-11,4.69799502763365e-10,5.521870164650541e-10,1.1643374746101719e-09,0.010139638267102907,
kasa,"grid:amplitude_x_noise:amplitude_ratio=1.25,noise_std=0.005",50,0,0,0.0,0.0,0.0,,5.1821562165218324e-09,5.1867953016960806e-09,2.7255602472691908e-11,5.140282470560936e-09,5.224404162425368e-09,9.841086271304418e-09,0.10290912705170457,
koning_wimmer_witkovsky,"grid:amplitude_x_noise:amplitude_ratio=1.25,noise_std=0.005",50,0,0,0.0,0.0,0.0,1.0,9.27030185872005e-10,9.243849366746671e-10,4.162839405611425e-11,8.619793787099082e-10,1.0046515586843074e-09,2.005656792282941e-09,0.01840929975721537,
raw_atan2,"grid:amplitude_x_noise:amplitude_ratio=1.25,noise_std=0.005",50,0,0,0.0,0.0,0.0,,5.2160408277983135e-09,5.219794098679877e-09,2.6869483894152676e-11,5.176322905667075e-09,5.254929639768616e-09,9.286475255325647e-09,0.10358201988265238,
taubin,"grid:amplitude_x_noise:amplitude_ratio=1.25,noise_std=0.005",50,0,0,0.0,0.0,0.0,,5.1782637801788325e-09,5.1826950618089565e-09,2.7212071823865113e-11,5.1369197533917515e-09,5.220441576311357e-09,9.79849648734535e-09,0.10283182964702864,
fitzgibbon,"grid:amplitude_x_noise:amplitude_ratio=1.25,noise_std=0.01",50,0,0,0.0,0.0,0.0,,8.949325735124692e-10,9.076631583632002e-10,8.200248173677972e-11,7.606730715591936e-10,1.0262884737619816e-09,2.1218882169373687e-09,0.01777189379522744,
halir_flusser,"grid:amplitude_x_noise:amplitude_ratio=1.25,noise_std=0.01",50,0,0,0.0,0.0,0.0,,8.949325735124779e-10,9.076631583632358e-10,8.200248173678968e-11,7.606730715591698e-10,1.0262884737620414e-09,2.1218882169374803e-09,0.01777189379522761,
heydemann,"grid:amplitude_x_noise:amplitude_ratio=1.25,noise_std=0.01",50,0,0,0.0,0.0,0.0,,6.32372557362282e-10,6.262397271902543e-10,4.8915432757792764e-11,5.598158189440228e-10,7.246781973465935e-10,1.6033516019668448e-09,0.012557882304305532,
kasa,"grid:amplitude_x_noise:amplitude_ratio=1.25,noise_std=0.01",50,0,0,0.0,0.0,0.0,,5.200890893537449e-09,5.195638383187998e-09,6.439139321666331e-11,5.090029390372838e-09,5.3030617337456266e-09,1.0073901937913587e-08,0.10328116702439509,
koning_wimmer_witkovsky,"grid:amplitude_x_noise:amplitude_ratio=1.25,noise_std=0.01",50,0,0,0.0,0.0,0.0,1.0,9.898210864478328e-10,1.0000536117592143e-09,8.408323703456272e-11,8.493033028454083e-10,1.1127242732719802e-09,2.3303773941527235e-09,0.019656224105896205,
raw_atan2,"grid:amplitude_x_noise:amplitude_ratio=1.25,noise_std=0.01",50,0,0,0.0,0.0,0.0,,5.2355457055612e-09,5.229635602875713e-09,5.866471568273145e-11,5.132341133956064e-09,5.333099090126537e-09,9.552045786002602e-09,0.10396935477954905,
taubin,"grid:amplitude_x_noise:amplitude_ratio=1.25,noise_std=0.01",50,0,0,0.0,0.0,0.0,,5.196883033210151e-09,5.191661167367727e-09,6.40954758060505e-11,5.086038929586196e-09,5.2989160670269295e-09,1.0030564335890208e-08,0.10320157748861222,
fitzgibbon,"grid:amplitude_x_noise:amplitude_ratio=1.25,noise_std=0.02",50,0,0,0.0,0.0,0.0,,1.250177979603927e-09,1.2460845279842175e-09,1.0123524915852794e-10,1.0957811544782037e-09,1.4774646823631414e-09,3.1211262353579118e-09,0.02482648518586237,
halir_flusser,"grid:amplitude_x_noise:amplitude_ratio=1.25,noise_std=0.02",50,0,0,0.0,0.0,0.0,,1.250177979603929e-09,1.2460845279842512e-09,1.012352491585384e-10,1.0957811544782205e-09,1.4774646823631284e-09,3.1211262353578783e-09,0.02482648518586241,
heydemann,"grid:amplitude_x_noise:amplitude_ratio=1.25,noise_std=0.02",50,0,0,0.0,0.0,0.0,,1.0291771376817925e-09,1.0277486793161787e-09,7.952116751751402e-11,9.021108246570025e-10,1.1680331556520361e-09,2.6818428696950327e-09,0.020437770764751517,
kasa,"grid:amplitude_x_noise:amplitude_ratio=1.25,noise_std=0.02",50,0,0,0.0,0.0,0.0,,5.252528628350742e-09,5.252526686064103e-09,9.744078256854392e-11,5.082374921377523e-09,5.388365145393591e-09,1.066221343022368e-08,0.1043066077850617,
koning_wimmer_witkovsky,"grid:amplitude_x_noise:amplitude_ratio=1.25,noise_std=0.02",50,0,0,0.0,0.0,0.0,1.0,1.3273991537915208e-09,1.304380927299586e-09,1.1118370718510732e-10,1.1809224897623924e-09,1.5539929687813455e-09,3.2877170775752566e-09,0.02635997111209071,
raw_atan2,"grid:amplitude_x_noise:amplitude_ratio=1.25,noise_std=0.02",50,0,0,0.0,0.0,0.0,,5.27862472898407e-09,5.288607086999179e-09,1.0365111144666607e-10,5.108126341598687e-09,5.435809121693728e-09,1.0195994553019355e-08,0.10482483356279246,
taubin,"grid:amplitude_x_noise:amplitude_ratio=1.25,noise_std=0.02",50,0,0,0.0,0.0,0.0,,5.247879447584013e-09,5.248755799187699e-09,9.767076111904321e-11,5.078404254499946e-09,5.3839905654331156e-09,1.0621957448058648e-08,0.10421428267670539,
fitzgibbon,"grid:amplitude_x_noise:amplitude_ratio=1.25,noise_std=0.03",50,0,0,0.0,0.0,0.0,,1.6513288288962713e-09,1.6508628666856556e-09,1.718536661024396e-10,1.382750332415437e-09,1.909259774205644e-09,4.251144957688337e-09,0.032792683423018734,
halir_flusser,"grid:amplitude_x_noise:amplitude_ratio=1.25,noise_std=0.03",50,0,0,0.0,0.0,0.0,,1.6513288288962765e-09,1.6508628666856308e-09,1.718536661024303e-10,1.382750332415454e-09,1.9092597742055596e-09,4.251144957688359e-09,0.03279268342301882,
heydemann,"grid:amplitude_x_noise:amplitude_ratio=1.25,noise_std=0.03",50,0,0,0.0,0.0,0.0,,1.4553154113633441e-09,1.444537894456082e-09,1.3172836845364863e-10,1.2229755831611208e-09,1.674901724678095e-09,3.886009908613328e-09,0.028900178286947475,
kasa,"grid:amplitude_x_noise:amplitude_ratio=1.25,noise_std=0.03",50,0,0,0.0,0.0,0.0,,5.38014305627633e-09,5.389697210279241e-09,1.5977446164250754e-10,5.147349632197137e-09,5.65936290387098e-09,1.1408689417160416e-08,0.10684082111795103,
koning_wimmer_witkovsky,"grid:amplitude_x_noise:amplitude_ratio=1.25,noise_std=0.03",50,0,0,0.0,0.0,0.0,1.0,1.7088658591889164e-09,1.7247475024141379e-09,1.8375141298761188e-10,1.4461928130908156e-09,2.0200889909390167e-09,4.362680150199515e-09,0.03393527452084897,
raw_atan2,"grid:amplitude_x_noise:amplitude_ratio=1.25,noise_std=0.03",50,0,0,0.0,0.0,0.0,,5.419935641273817e-09,5.447748452098412e-09,1.6236792323556902e-10,5.177340428917414e-09,5.7130693862758645e-09,1.1034295192782336e-08,0.10763103662171496,
taubin,"grid:amplitude_x_noise:amplitude_ratio=1.25,noise_std=0.03",50,0,0,0.0,0.0,0.0,,5.37569091791e-09,5.387596600472848e-09,1.5961957260062176e-10,5.143084063244961e-09,5.65793174876068e-09,1.1369799298519913e-08,0.10675240894864366,
fitzgibbon,"grid:amplitude_x_noise:amplitude_ratio=1.25,noise_std=0.04",50,0,0,0.0,0.0,0.0,,2.1416962383947844e-09,2.1274859046213088e-09,2.4182581272689077e-10,1.758908370219382e-09,2.6232350724640435e-09,5.590109414380621e-09,0.04253057628800222,
halir_flusser,"grid:amplitude_x_noise:amplitude_ratio=1.25,noise_std=0.04",50,0,0,0.0,0.0,0.0,,2.1416962383948063e-09,2.1274859046212827e-09,2.418258127269086e-10,1.7589083702193719e-09,2.623235072464264e-09,5.590109414380636e-09,0.04253057628800264,
heydemann,"grid:amplitude_x_noise:amplitude_ratio=1.25,noise_std=0.04",50,0,0,0.0,0.0,0.0,,1.923595475223437e-09,1.917330152236527e-09,1.802982721462891e-10,1.651561039660406e-09,2.1996484522230643e-09,5.084731728174858e-09,0.03819945267661514,
kasa,"grid:amplitude_x_noise:amplitude_ratio=1.25,noise_std=0.04",50,0,0,0.0,0.0,0.0,,5.484740697627794e-09,5.4736824259399055e-09,2.374059979947472e-10,5.165109915151519e-09,5.878144272778522e-09,1.1875449727374252e-08,0.10891795880222775,
koning_wimmer_witkovsky,"grid:amplitude_x_noise:amplitude_ratio=1.25,noise_std=0.04",50,0,0,0.0,0.0,0.0,1.0,2.2120335263479687e-09,2.1924981179346553e-09,2.5917354234277174e-10,1.8318915687480832e-09,2.7291039786013012e-09,5.725540700635485e-09,0.043927359518768035,
raw_atan2,"grid:amplitude_x_noise:amplitude_ratio=1.25,noise_std=0.04",50,0,0,0.0,0.0,0.0,,5.508094041003788e-09,5.470561929465051e-09,2.2396392342615664e-10,5.1505510516489375e-09,5.893005993747305e-09,1.1604495131252243e-08,0.1093817179171885,
taubin,"grid:amplitude_x_noise:amplitude_ratio=1.25,noise_std=0.04",50,0,0,0.0,0.0,0.0,,5.478739301246263e-09,5.465681321604322e-09,2.368283640834056e-10,5.1599412833680646e-09,5.873633554482057e-09,1.1844774140426697e-08,0.10879878090852677,
fitzgibbon,"grid:amplitude_x_noise:amplitude_ratio=1.25,noise_std=0.05",50,0,0,0.0,0.0,0.0,,2.5520896199925975e-09,2.5334728006529023e-09,2.65347866444634e-10,2.133068568594211e-09,2.9520979578744835e-09,6.37794922039993e-09,0.05068031606492738,
halir_flusser,"grid:amplitude_x_noise:amplitude_ratio=1.25,noise_std=0.05",50,0,0,0.0,0.0,0.0,,2.552089619992595e-09,2.5334728006528982e-09,2.6534786644463917e-10,2.133068568594237e-09,2.9520979578744637e-09,6.3779492203998534e-09,0.05068031606492733,
heydemann,"grid:amplitude_x_noise:amplitude_ratio=1.25,noise_std=0.05",50,0,0,0.0,0.0,0.0,,2.3532120214356264e-09,2.3305773841499556e-09,2.1852766409484447e-10,1.9820523480540966e-09,2.672427478602e-09,5.923092004164251e-09,0.04673093298913621,
kasa,"grid:amplitude_x_noise:amplitude_ratio=1.25,noise_std=0.05",50,0,0,0.0,0.0,0.0,,5.6921947442498745e-09,5.755493401048496e-09,3.1413545917137736e-10,5.18361817684398e-09,6.200636155434557e-09,1.272384988733903e-08,0.11303765607672461,
koning_wimmer_witkovsky,"grid:amplitude_x_noise:amplitude_ratio=1.25,noise_std=0.05",50,0,0,0.0,0.0,0.0,1.0,2.622410491616104e-09,2.6303244523340963e-09,2.6406058861132185e-10,2.1759993584924827e-09,3.0357464815786085e-09,6.458374982754025e-09,0.05207677329429803,
raw_atan2,"grid:amplitude_x_noise:amplitude_ratio=1.25,noise_std=0.05",50,0,0,0.0,0.0,0.0,,5.714687890250929e-09,5.710986185737348e-09,3.2351809778355125e-10,5.13100588947593e-09,6.160171592891096e-09,1.260567433019603e-08,0.11348433308199032,
taubin,"grid:amplitude_x_noise:amplitude_ratio=1.25,noise_std=0.05",50,0,0,0.0,0.0,0.0,,5.685431901839437e-09,5.743944969026901e-09,3.1431613631089837e-10,5.176117488477883e-09,6.190568904400438e-09,1.2696464413027983e-08,0.11290335711317205,
fitzgibbon,"grid:amplitude_x_noise:amplitude_ratio=1.25,noise_std=0.06",50,0,0,0.0,0.0,0.0,,3.0695348229134577e-09,3.045330251175594e-09,2.8532688898215915e-10,2.652228307038062e-09,3.536963116141196e-09,8.020782337523627e-09,0.060955929517085755,
halir_flusser,"grid:amplitude_x_noise:amplitude_ratio=1.25,noise_std=0.06",50,0,0,0.0,0.0,0.0,,3.0695348229134346e-09,3.045330251175624e-09,2.8532688898215993e-10,2.652228307038065e-09,3.536963116141174e-09,8.020782337523544e-09,0.06095592951708529,
heydemann,"grid:amplitude_x_noise:amplitude_ratio=1.25,noise_std=0.06",50,0,0,0.0,0.0,0.0,,2.8309539001019964e-09,2.809551910075437e-09,2.4759305192345715e-10,2.426130842814976e-09,3.2495135714256283e-09,7.553557835791957e-09,0.05621810350955629,
kasa,"grid:amplitude_x_noise:amplitude_ratio=1.25,noise_std=0.06",50,0,0,0.0,0.0,0.0,,5.910440549381945e-09,5.862299228458971e-09,3.808875012983396e-10,5.355867091991663e-09,6.4901865864169495e-09,1.3406726303369814e-08,0.11737165998367596,
koning_wimmer_witkovsky,"grid:amplitude_x_noise:amplitude_ratio=1.25,noise_std=0.06",50,0,0,0.0,0.0,0.0,1.0,3.162435792561289e-09,3.1330991840053334e-09,2.8691005966849946e-10,2.7613740723090243e-09,3.6677634070791837e-09,8.087143925788951e-09,0.06280079047635877,
raw_atan2,"grid:amplitude_x_noise:amplitude_ratio=1.25,noise_std=0.06",50,0,0,0.0,0.0,0.0,,5.9034735119490925e-09,5.8939505464587485e-09,3.67057550465334e-10,5.338307063979641e-09,6.403488014951669e-09,1.3148279167158226e-08,0.11723330604172695,
taubin,"grid:amplitude_x_noise:amplitude_ratio=1.25,noise_std=0.06",50,0,0,0.0,0.0,0.0,,5.898277525076386e-09,5.8571886487806635e-09,3.7899969325843493e-10,5.336203540881249e-09,6.472030778481166e-09,1.335244735473666e-08,0.11713012226051679,
fitzgibbon,"grid:amplitude_x_noise:amplitude_ratio=1.25,noise_std=0.08",50,0,0,0.0,0.0,0.0,,3.980757837375679e-09,3.953343587851077e-09,3.872190282263656e-10,3.4661092239220297e-09,4.678815210051668e-09,1.03971544854366e-08,0.07905132476371317,
halir_flusser,"grid:amplitude_x_noise:amplitude_ratio=1.25,noise_std=0.08",50,0,0,0.0,0.0,0.0,,3.98075783737566e-09,3.953343587851095e-09,3.872190282263646e-10,3.466109223922064e-09,4.678815210051671e-09,1.0397154485436589e-08,0.07905132476371281,
heydemann,"grid:amplitude_x_noise:amplitude_ratio=1.25,noise_std=0.08",50,0,0,0.0,0.0,0.0,,3.7029546266834442e-09,3.7002019137849466e-09,3.539117311591782e-10,3.185200089700726e-09,4.306316358774666e-09,9.720322670400145e-09,0.07353460841823668,
kasa,"grid:amplitude_x_noise:amplitude_ratio=1.25,noise_std=0.08",50,0,0,0.0,0.0,0.0,,6.381629303535602e-09,6.434529669413915e-09,4.3605131547494454e-10,5.7132530950307175e-09,6.987149441542042e-09,1.5015885987232067e-08,0.12672869619418958,
koning_wimmer_witkovsky,"grid:amplitude_x_noise:amplitude_ratio=1.25,noise_std=0.08",50,0,0,0.0,0.0,0.0,1.0,4.194970396765646e-09,4.053034116046708e-09,5.238148674151814e-10,3.5019034818346873e-09,5.1164314235473905e-09,1.084814301320896e-08,0.08330523502215938,
raw_atan2,"grid:amplitude_x_noise:amplitude_ratio=1.25,noise_std=0.08",50,0,0,0.0,0.0,0.0,,6.352406779214635e-09,6.431095128414596e-09,4.328826017291486e-10,5.646598701204783e-09,6.854094011889612e-09,1.4678574559904372e-08,0.12614838476734952,
taubin,"grid:amplitude_x_noise:amplitude_ratio=1.25,noise_std=0.08",50,0,0,0.0,0.0,0.0,,6.365692964395449e-09,6.428179711468264e-09,4.3537818159223537e-10,5.681432745447122e-09,6.950831581215873e-09,1.4964974230737463e-08,0.12641222662422869,
fitzgibbon,"grid:amplitude_x_noise:amplitude_ratio=1.25,noise_std=0.1",50,0,0,0.0,0.0,0.0,,4.967441568255976e-09,4.90285038685733e-09,4.2646133571649604e-10,4.3729105365845624e-09,5.62799334233661e-09,1.3300767919451748e-08,0.09864524613128658,
halir_flusser,"grid:amplitude_x_noise:amplitude_ratio=1.25,noise_std=0.1",50,0,0,0.0,0.0,0.0,,4.967441568255973e-09,4.902850386857246e-09,4.264613357165187e-10,4.372910536584556e-09,5.627993342336578e-09,1.3300767919451756e-08,0.09864524613128652,
heydemann,"grid:amplitude_x_noise:amplitude_ratio=1.25,noise_std=0.1",50,0,0,0.0,0.0,0.0,,4.6632954744429505e-09,4.672509818464473e-09,3.4884331848273193e-10,4.146285831169306e-09,5.265482174116195e-09,1.2469500992169367e-08,0.09260540331244313,
kasa,"grid:amplitude_x_noise:amplitude_ratio=1.25,noise_std=0.1",50,0,0,0.0,0.0,0.0,,6.978748099747606e-09,6.961775698414732e-09,5.38080377226268e-10,6.112341430017995e-09,7.803980301565367e-09,1.7259060995716924e-08,0.13858649659558037,
koning_wimmer_witkovsky,"grid:amplitude_x_noise:amplitude_ratio=1.25,noise_std=0.1",50,0,0,0.0,0.0,0.0,1.0,5.303416529237482e-09,5.1661631115456055e-09,6.493199151602735e-10,4.478970545410311e-09,6.572864618618128e-09,1.3737609628280038e-08,0.10531715807319315,
raw_atan2,"grid:amplitude_x_noise:amplitude_ratio=1.25,noise_std=0.1",50,0,0,0.0,0.0,0.0,,6.957484149705104e-09,7.052967105612971e-09,4.985643079067226e-10,6.142846110930097e-09,7.594418160286264e-09,1.708588113051177e-08,0.1381642294069594,
taubin,"grid:amplitude_x_noise:amplitude_ratio=1.25,noise_std=0.1",50,0,0,0.0,0.0,0.0,,6.961109701208594e-09,6.940024892818723e-09,5.367178036370142e-10,6.098757074327153e-09,7.744140560531443e-09,1.7206648832991844e-08,0.13823622691624246,
fitzgibbon,"grid:amplitude_x_noise:amplitude_ratio=1.3,noise_std=0.0",50,0,0,0.0,0.0,0.0,,1.1882700251770616e-09,1.1887998928845765e-09,2.5188316740423343e-12,1.183692348866229e-09,1.191959188470444e-09,2.3284681294360986e-09,0.02359709470023524,
halir_flusser,"grid:amplitude_x_noise:amplitude_ratio=1.3,noise_std=0.0",50,0,0,0.0,0.0,0.0,,1.1882700251770633e-09,1.1887998928844636e-09,2.5188316740494174e-12,1.18369234886623e-09,1.1919591884704173e-09,2.3284681294360933e-09,0.02359709470023528,
heydemann,"grid:amplitude_x_noise:amplitude_ratio=1.3,noise_std=0.0",50,0,0,0.0,0.0,0.0,,7.143567166960856e-10,7.146163571874855e-10,1.5943038408638937e-12,7.113993131778702e-10,7.168006115971928e-10,1.3178568614043042e-09,0.014185953307300552,
kasa,"grid:amplitude_x_noise:amplitude_ratio=1.3,noise_std=0.0",50,0,0,0.0,0.0,0.0,,5.767264136179491e-09,5.767633406925816e-09,1.9778833219707927e-12,5.763953905888701e-09,5.770213537166443e-09,1.1125535939855464e-08,0.11452841113485066,
koning_wimmer_witkovsky,"grid:amplitude_x_noise:amplitude_ratio=1.3,noise_std=0.0",50,0,0,0.0,0.0,0.0,1.0,1.3733271732522172e-09,1.3734675661264083e-09,2.2762180572277336e-12,1.3692931122271014e-09,1.3764301388672907e-09,2.73192074849018e-09,0.02727202628612138,
raw_atan2,"grid:amplitude_x_noise:amplitude_ratio=1.3,noise_std=0.0",50,0,0,0.0,0.0,0.0,,5.7420857130774395e-09,5.742438191879217e-09,1.907509845679436e-12,5.739017052096342e-09,5.744774902373223e-09,1.0066403529293369e-08,0.11402840892848921,
taubin,"grid:amplitude_x_noise:amplitude_ratio=1.3,noise_std=0.0",50,0,0,0.0,0.0,0.0,,5.759765779394304e-09,5.760124030414817e-09,1.9765456354011326e-12,5.756462262976921e-09,5.76264380427202e-09,1.1067522685993081e-08,0.11437950606158681,
fitzgibbon,"grid:amplitude_x_noise:amplitude_ratio=1.3,noise_std=0.005",50,0,0,0.0,0.0,0.0,,1.2175781133374046e-09,1.2207350375518693e-09,3.7003403202597594e-11,1.1616350366986942e-09,1.2798810864497373e-09,2.5366814634252274e-09,0.024179105284655562,
halir_flusser,"grid:amplitude_x_noise:amplitude_ratio=1.3,noise_std=0.005",50,0,0,0.0,0.0,0.0,,1.2175781133374197e-09,1.2207350375519047e-09,3.7003403202600244e-11,1.1616350366986574e-09,1.2798810864498217e-09,2.536681463425259e-09,0.02417910528465586,
heydemann,"grid:amplitude_x_noise:amplitude_ratio=1.3,noise_std=0.005",50,0,0,0.0,0.0,0.0,,7.52624277406564e-10,7.50846247059963e-10,2.3614387443503764e-11,7.180100072480976e-10,7.926665770213082e-10,1.6006418620031107e-09,0.014945884328785006,
kasa,"grid:amplitude_x_noise:amplitude_ratio=1.3,noise_std=0.005",50,0,0,0.0,0.0,0.0,,5.7734311357626326e-09,5.769712738798001e-09,2.7875853108351266e-11,5.729683238190115e-09,5.820261934096175e-09,1.1240803151302406e-08,0.11465087763665274,
koning_wimmer_witkovsky,"grid:amplitude_x_noise:amplitude_ratio=1.3,noise_std=0.005",50,0,0,0.0,0.0,0.0,1.0,1.3990183907125616e-09,1.3979682934711883e-09,3.763622662610647e-11,1.345231438450562e-09,1.4690443688839205e-09,2.9371765375638107e-09,0.02778221174778507,
raw_atan2,"grid:amplitude_x_noise:amplitude_ratio=1.3,noise_std=0.005",50,0,0,0.0,0.0,0.0,,5.746222663843376e-09,5.749732658246225e-09,2.6355356157596387e-11,5.710485376575424e-09,5.783202335729746e-09,1.0167281627049426e-08,0.11411056198875802,
taubin,"grid:amplitude_x_noise:amplitude_ratio=1.3,noise_std=0.005",50,0,0,0.0,0.0,0.0,,5.7658453296220545e-09,5.762762484652131e-09,2.778041745730807e-11,5.7223063390389105e-09,5.8121459011981425e-09,1.118290765929219e-08,0.11450023596255164,
fitzgibbon,"grid:amplitude_x_noise:amplitude_ratio=1.3,noise_std=0.01",50,0,0,0.0,0.0,0.0,,1.2777133369533854e-09,1.2751448082283463e-09,7.124959886298292e-11,1.1821348254954456e-09,1.393816742702935e-09,2.9087105850452034e-09,0.025373292242518674,
halir_flusser,"grid:amplitude_x_noise:amplitude_ratio=1.3,noise_std=0.01",50,0,0,0.0,0.0,0.0,,1.27771333695342e-09,1.2751448082283248e-09,7.124959886299086e-11,1.182134825495441e-09,1.3938167427029857e-09,2.9087105850453704e-09,0.025373292242519368,
heydemann,"grid:amplitude_x_noise:amplitude_ratio=1.3,noise_std=0.01",50,0,0,0.0,0.0,0.0,,8.406662119834892e-10,8.44008625701231e-10,4.4291602955186745e-11,7.736874461359957e-10,9.017880184152778e-10,1.958713498176872e-09,0.016694252817247086,
kasa,"grid:amplitude_x_noise:amplitude_ratio=1.3,noise_std=0.01",50,0,0,0.0,0.0,0.0,,5.787584842473795e-09,5.793019768516759e-09,5.331146043209339e-11,5.6997754583090046e-09,5.859151353378152e-09,1.1498064604497395e-08,0.11493194704894638,
koning_wimmer_witkovsky,"grid:amplitude_x_noise:amplitude_ratio=1.3,noise_std=0.01",50,0,0,0.0,0.0,0.0,1.0,1.4469712872238882e-09,1.4374572529756003e-09,7.14485353700416e-11,1.3412952957916908e-09,1.5631049952857648e-09,3.2877655202562535e-09,0.028734477660543198,
raw_atan2,"grid:amplitude_x_noise:amplitude_ratio=1.3,noise_std=0.01",50,0,0,0.0,0.0,0.0,,5.765348325409095e-09,5.755735936510921e-09,5.041945566630046e-11,5.690899832534292e-09,5.8439418567539104e-09,1.0510757137208069e-08,0.11449036627364997,
taubin,"grid:amplitude_x_noise:amplitude_ratio=1.3,noise_std=0.01",50,0,0,0.0,0.0,0.0,,5.780131734797887e-09,5.786369437140074e-09,5.282666880132468e-11,5.693293253998784e-09,5.852075099616612e-09,1.1441919710531677e-08,0.11478394054881333,
fitzgibbon,"grid:amplitude_x_noise:amplitude_ratio=1.3,noise_std=0.02",50,0,0,0.0,0.0,0.0,,1.5293767917213628e-09,1.5116477468427612e-09,1.2380983741765216e-10,1.3924747437625184e-09,1.7394412697795574e-09,3.734967366255491e-09,0.03037091588775323,
halir_flusser,"grid:amplitude_x_noise:amplitude_ratio=1.3,noise_std=0.02",50,0,0,0.0,0.0,0.0,,1.5293767917213684e-09,1.5116477468427459e-09,1.238098374176505e-10,1.3924747437625399e-09,1.7394412697796068e-09,3.734967366255592e-09,0.030370915887753334,
heydemann,"grid:amplitude_x_noise:amplitude_ratio=1.3,noise_std=0.02",50,0,0,0.0,0.0,0.0,,1.1356319525474145e-09,1.1404914897479046e-09,8.378513594733039e-11,9.812909702742464e-10,1.2602722939777946e-09,2.8995848074180216e-09,0.022551788870447467,
kasa,"grid:amplitude_x_noise:amplitude_ratio=1.3,noise_std=0.02",50,0,0,0.0,0.0,0.0,,5.843220126707692e-09,5.8306193017805415e-09,9.265095531089445e-11,5.721242103538376e-09,6.001141636178257e-09,1.197642151391795e-08,0.11603677258769222,
koning_wimmer_witkovsky,"grid:amplitude_x_noise:amplitude_ratio=1.3,noise_std=0.02",50,0,0,0.0,0.0,0.0,1.0,1.6883242778528778e-09,1.6672769616797521e-09,1.3181763935729232e-10,1.532548047625233e-09,1.907905074793075e-09,4.0979642831843155e-09,0.03352735239051766,
raw_atan2,"grid:amplitude_x_noise:amplitude_ratio=1.3,noise_std=0.02",50,0,0,0.0,0.0,0.0,,5.814484852591525e-09,5.809276165526821e-09,9.292322995412296e-11,5.673839073485595e-09,5.98739280999608e-09,1.1141152151799912e-08,0.11546613715114201,
taubin,"grid:amplitude_x_noise:amplitude_ratio=1.3,noise_std=0.02",50,0,0,0.0,0.0,0.0,,5.8350758480696715e-09,5.8209045383404515e-09,9.233469557668245e-11,5.7131583911110514e-09,5.990498014657528e-09,1.191846438731124e-08,0.11587504056532814,
fitzgibbon,"grid:amplitude_x_noise:amplitude_ratio=1.3,noise_std=0.03",50,0,0,0.0,0.0,0.0,,1.86913352212021e-09,1.868423803314707e-09,1.5999091727757525e-10,1.6347400275572554e-09,2.117175777044298e-09,4.687554773246097e-09,0.037117927570614835,
halir_flusser,"grid:amplitude_x_noise:amplitude_ratio=1.3,noise_std=0.03",50,0,0,0.0,0.0,0.0,,1.8691335221202055e-09,1.868423803314608e-09,1.5999091727758272e-10,1.6347400275571833e-09,2.117175777044293e-09,4.6875547732461044e-09,0.03711792757061475,
heydemann,"grid:amplitude_x_noise:amplitude_ratio=1.3,noise_std=0.03",50,0,0,0.0,0.0,0.0,,1.5381635196235728e-09,1.5275406832031926e-09,1.1688231464413688e-10,1.3759004076008108e-09,1.7360007172406406e-09,3.9406957586721964e-09,0.030545405899299855,
kasa,"grid:amplitude_x_noise:amplitude_ratio=1.3,noise_std=0.03",50,0,0,0.0,0.0,0.0,,5.9200174097249805e-09,5.9301590252642054e-09,1.8234627118395398e-10,5.603466867423312e-09,6.205760610177908e-09,1.2513443701212367e-08,0.11756184073018756,
koning_wimmer_witkovsky,"grid:amplitude_x_noise:amplitude_ratio=1.3,noise_std=0.03",50,0,0,0.0,0.0,0.0,1.0,1.998901368647592e-09,1.9835548716001344e-09,1.6915839109896215e-10,1.7213032945703437e-09,2.2401912120147097e-09,4.958436680441492e-09,0.03969490426671212,
raw_atan2,"grid:amplitude_x_noise:amplitude_ratio=1.3,noise_std=0.03",50,0,0,0.0,0.0,0.0,,5.897236550478517e-09,5.936743160834334e-09,1.869288025896067e-10,5.590786815466414e-09,6.204389381489989e-09,1.1732743751543011e-08,0.11710945021153302,
taubin,"grid:amplitude_x_noise:amplitude_ratio=1.3,noise_std=0.03",50,0,0,0.0,0.0,0.0,,5.911366305686642e-09,5.926933621563849e-09,1.8273494669215806e-10,5.595484954109091e-09,6.198770777469343e-09,1.2452911354515407e-08,0.11739004398624141,
fitzgibbon,"grid:amplitude_x_noise:amplitude_ratio=1.3,noise_std=0.04",50,0,0,0.0,0.0,0.0,,2.284872419314469e-09,2.259507543988665e-09,2.4103287840626067e-10,1.938907749477389e-09,2.7252036065159643e-09,5.653870978598062e-09,0.04537382052407252,
halir_flusser,"grid:amplitude_x_noise:amplitude_ratio=1.3,noise_std=0.04",50,0,0,0.0,0.0,0.0,,2.28487241931447e-09,2.259507543988585e-09,2.410328784062648e-10,1.938907749477436e-09,2.725203606515945e-09,5.653870978598102e-09,0.04537382052407254,
heydemann,"grid:amplitude_x_noise:amplitude_ratio=1.3,noise_std=0.04",50,0,0,0.0,0.0,0.0,,1.960761317017893e-09,1.9855017764370244e-09,1.8254342431106043e-10,1.6479668033303e-09,2.276624377928432e-09,5.079757140062037e-09,0.03893750536653894,
kasa,"grid:amplitude_x_noise:amplitude_ratio=1.3,noise_std=0.04",50,0,0,0.0,0.0,0.0,,6.017986488842715e-09,6.018323148884835e-09,2.2402717042181078e-10,5.693374368729139e-09,6.408881960573621e-09,1.2828731117608977e-08,0.11950734603508792,
koning_wimmer_witkovsky,"grid:amplitude_x_noise:amplitude_ratio=1.3,noise_std=0.04",50,0,0,0.0,0.0,0.0,1.0,2.4320489462867384e-09,2.4390130747841356e-09,2.734312191044044e-10,2.0439589365686123e-09,2.9062354072493653e-09,5.971316052238026e-09,0.0482965050747485,
raw_atan2,"grid:amplitude_x_noise:amplitude_ratio=1.3,noise_std=0.04",50,0,0,0.0,0.0,0.0,,5.9823560967302605e-09,5.989116026337125e-09,2.3044832360441137e-10,5.673740641484717e-09,6.338368285119929e-09,1.2288455025601076e-08,0.11879978485869717,
taubin,"grid:amplitude_x_noise:amplitude_ratio=1.3,noise_std=0.04",50,0,0,0.0,0.0,0.0,,6.007851765297953e-09,6.00914283256018e-09,2.2397164557729914e-10,5.684868152191155e-09,6.397332431051492e-09,1.2775857716034028e-08,0.11930608703992744,
fitzgibbon,"grid:amplitude_x_noise:amplitude_ratio=1.3,noise_std=0.05",50,0,0,0.0,0.0,0.0,,2.667234232106331e-09,2.6112394954673964e-09,2.4428490617324635e-10,2.2907886039430286e-09,3.05500728784448e-09,6.637124320963699e-09,0.052966899298283604,
halir_flusser,"grid:amplitude_x_noise:amplitude_ratio=1.3,noise_std=0.05",50,0,0,0.0,0.0,0.0,,2.6672342321063473e-09,2.611239495467369e-09,2.442849061732487e-10,2.2907886039429595e-09,3.055007287844536e-09,6.637124320963735e-09,0.05296689929828391,
heydemann,"grid:amplitude_x_noise:amplitude_ratio=1.3,noise_std=0.05",50,0,0,0.0,0.0,0.0,,2.3863887336309974e-09,2.3741881525603464e-09,1.856313993676974e-10,2.0779360942767104e-09,2.620326497075182e-09,6.099853530729334e-09,0.04738976810483307,
kasa,"grid:amplitude_x_noise:amplitude_ratio=1.3,noise_std=0.05",50,0,0,0.0,0.0,0.0,,6.240803322055855e-09,6.1761101749160835e-09,2.9034277726106916e-10,5.8238287828716775e-09,6.688567428464482e-09,1.3847799731866294e-08,0.12393212306617857,
koning_wimmer_witkovsky,"grid:amplitude_x_noise:amplitude_ratio=1.3,noise_std=0.05",50,0,0,0.0,0.0,0.0,1.0,2.8050181728911884e-09,2.7438638639317622e-09,2.886853474741532e-10,2.39247543212608e-09,3.2846523199425054e-09,6.902185861941874e-09,0.05570306248508738,
raw_atan2,"grid:amplitude_x_noise:amplitude_ratio=1.3,noise_std=0.05",50,0,0,0.0,0.0,0.0,,6.211409280994899e-09,6.1608636092903914e-09,2.6172423609684495e-10,5.841478997004581e-09,6.651764616254318e-09,1.3369068804528603e-08,0.12334840559805968,
taubin,"grid:amplitude_x_noise:amplitude_ratio=1.3,noise_std=0.05",50,0,0,0.0,0.0,0.0,,6.23145428481223e-09,6.170872742169962e-09,2.880312797200019e-10,5.821414705663421e-09,6.6771295453303975e-09,1.3798084477371994e-08,0.12374646651293769,
fitzgibbon,"grid:amplitude_x_noise:amplitude_ratio=1.3,noise_std=0.06",50,0,0,0.0,0.0,0.0,,3.0803190232184176e-09,3.0892386064550217e-09,2.4064348623242665e-10,2.72847133285011e-09,3.504396726205191e-09,7.797004612152028e-09,0.06117008605597895,
halir_flusser,"grid:amplitude_x_noise:amplitude_ratio=1.3,noise_std=0.06",50,0,0,0.0,0.0,0.0,,3.0803190232184176e-09,3.089238606454919e-09,2.406434862324307e-10,2.728471332850111e-09,3.5043967262051862e-09,7.797004612152038e-09,0.061170086055978935,
heydemann,"grid:amplitude_x_noise:amplitude_ratio=1.3,noise_std=0.06",50,0,0,0.0,0.0,0.0,,2.8216490954266654e-09,2.8394491220649906e-09,1.9823195522615926e-10,2.4951064883492812e-09,3.1395054656030105e-09,7.16151055620216e-09,0.05603332534260869,
kasa,"grid:amplitude_x_noise:amplitude_ratio=1.3,noise_std=0.06",50,0,0,0.0,0.0,0.0,,6.350377974971835e-09,6.444759331371194e-09,3.3078508139107264e-10,5.779799982705662e-09,6.838844909795673e-09,1.4461106940730225e-08,0.1261080960410237,
koning_wimmer_witkovsky,"grid:amplitude_x_noise:amplitude_ratio=1.3,noise_std=0.06",50,0,0,0.0,0.0,0.0,1.0,3.2460306934846904e-09,3.2206407537481208e-09,3.0539986947334226e-10,2.732296370553836e-09,3.74819095740118e-09,8.148279885243342e-09,0.06446084816674136,
raw_atan2,"grid:amplitude_x_noise:amplitude_ratio=1.3,noise_std=0.06",50,0,0,0.0,0.0,0.0,,6.326041014428655e-09,6.377219601408741e-09,3.2090188435906093e-10,5.749692809418758e-09,6.713844170096881e-09,1.3802229599767286e-08,0.1256248039016232,
taubin,"grid:amplitude_x_noise:amplitude_ratio=1.3,noise_std=0.06",50,0,0,0.0,0.0,0.0,,6.337740493849869e-09,6.428015323084344e-09,3.289666884093219e-10,5.766837202610475e-09,6.831453770314328e-09,1.4394075326207528e-08,0.12585713638329518,
fitzgibbon,"grid:amplitude_x_noise:amplitude_ratio=1.3,noise_std=0.08",50,0,0,0.0,0.0,0.0,,4.034431048015771e-09,3.9791610732529094e-09,4.775171277999344e-10,3.3098690718766996e-09,4.91348704198966e-09,1.0299166803695504e-08,0.08011718673742678,
halir_flusser,"grid:amplitude_x_noise:amplitude_ratio=1.3,noise_std=0.08",50,0,0,0.0,0.0,0.0,,4.034431048015776e-09,3.979161073252941e-09,4.775171277999394e-10,3.309869071876705e-09,4.913487041989793e-09,1.0299166803695524e-08,0.08011718673742685,
heydemann,"grid:amplitude_x_noise:amplitude_ratio=1.3,noise_std=0.08",50,0,0,0.0,0.0,0.0,,3.725107241053499e-09,3.679479540524862e-09,4.0873680369479265e-10,3.0114891613096605e-09,4.23477763700993e-09,9.806261120459756e-09,0.07397452302356394,
kasa,"grid:amplitude_x_noise:amplitude_ratio=1.3,noise_std=0.08",50,0,0,0.0,0.0,0.0,,6.7950888082130225e-09,6.8015920103191486e-09,4.5195287792819886e-10,6.103664034488854e-09,7.51527815407734e-09,1.5746843643821936e-08,0.13493932414900286,
koning_wimmer_witkovsky,"grid:amplitude_x_noise:amplitude_ratio=1.3,noise_std=0.08",50,0,0,0.0,0.0,0.0,1.0,4.274027239153216e-09,4.266019257867323e-09,5.149236861963679e-10,3.4769484218534235e-09,5.161445155430437e-09,1.0674679861917003e-08,0.08487517430952217,
raw_atan2,"grid:amplitude_x_noise:amplitude_ratio=1.3,noise_std=0.08",50,0,0,0.0,0.0,0.0,,6.752788955551132e-09,6.733404501001945e-09,4.255999927762544e-10,6.136284781499764e-09,7.482223487545188e-09,1.5451812821091923e-08,0.1340993184197328,
taubin,"grid:amplitude_x_noise:amplitude_ratio=1.3,noise_std=0.08",50,0,0,0.0,0.0,0.0,,6.778613840838389e-09,6.7842402003955414e-09,4.473111438153373e-10,6.097835178243262e-09,7.46743854950157e-09,1.5706191219024403e-08,0.13461215830530956,
fitzgibbon,"grid:amplitude_x_noise:amplitude_ratio=1.3,noise_std=0.1",50,0,0,0.0,0.0,0.0,,4.830769483301977e-09,4.818163527228207e-09,4.755270174825381e-10,4.216773706868899e-09,5.66592848850682e-09,1.2365168530092316e-08,0.09593116257855407,
halir_flusser,"grid:amplitude_x_noise:amplitude_ratio=1.3,noise_std=0.1",50,0,0,0.0,0.0,0.0,,4.830769483301985e-09,4.818163527228216e-09,4.755270174825365e-10,4.216773706868907e-09,5.665928488506811e-09,1.2365168530092238e-08,0.09593116257855422,
heydemann,"grid:amplitude_x_noise:amplitude_ratio=1.3,noise_std=0.1",50,0,0,0.0,0.0,0.0,,4.5379937661799095e-09,4.58392127375133e-09,3.956771473937788e-10,4.012660806513349e-09,5.260267085642851e-09,1.1977081227753287e-08,0.0901171168006769,
kasa,"grid:amplitude_x_noise:amplitude_ratio=1.3,noise_std=0.1",50,0,0,0.0,0.0,0.0,,7.130384320845234e-09,7.05502651354203e-09,5.106654180133666e-10,6.3410625867588745e-09,8.025122429728724e-09,1.6878911000119097e-08,0.14159774336055145,
koning_wimmer_witkovsky,"grid:amplitude_x_noise:amplitude_ratio=1.3,noise_std=0.1",50,0,0,0.0,0.0,0.0,1.0,5.312981405835828e-09,5.249146288240177e-09,6.585030413770686e-10,4.420264227442888e-09,6.275354043581427e-09,1.3173648629151398e-08,0.10550710084218083,
raw_atan2,"grid:amplitude_x_noise:amplitude_ratio=1.3,noise_std=0.1",50,0,0,0.0,0.0,0.0,,7.0845347631996254e-09,7.037267280740586e-09,4.913754121695686e-10,6.309637221503502e-09,7.947613415797671e-09,1.669675023022216e-08,0.14068724630954135,
taubin,"grid:amplitude_x_noise:amplitude_ratio=1.3,noise_std=0.1",50,0,0,0.0,0.0,0.0,,7.112993882776405e-09,7.043870700627574e-09,5.100098530831317e-10,6.323637307286254e-09,8.009263996321381e-09,1.68190436559149e-08,0.14125239776965545,
fitzgibbon,"grid:amplitude_x_noise:amplitude_ratio=1.4,noise_std=0.0",50,0,0,0.0,0.0,0.0,,1.9890931015313156e-09,1.9890843068427148e-09,2.07118504456953e-12,1.9858615098089125e-09,1.9929342824819717e-09,3.96152888250689e-09,0.03950012816104247,
halir_flusser,"grid:amplitude_x_noise:amplitude_ratio=1.4,noise_std=0.0",50,0,0,0.0,0.0,0.0,,1.989093101531324e-09,1.9890843068427065e-09,2.0711850445613155e-12,1.9858615098089104e-09,1.9929342824819655e-09,3.9615288825069165e-09,0.039500128161042626,
heydemann,"grid:amplitude_x_noise:amplitude_ratio=1.4,noise_std=0.0",50,0,0,0.0,0.0,0.0,,1.2416550995615082e-09,1.2417221992185881e-09,1.2846142542981518e-12,1.2394975899016895e-09,1.2437665016715617e-09,2.358622641776113e-09,0.02465723476027015,
kasa,"grid:amplitude_x_noise:amplitude_ratio=1.4,noise_std=0.0",50,0,0,0.0,0.0,0.0,,6.956459296150895e-09,6.956597087199777e-09,1.8247175428081526e-12,6.954076358167924e-09,6.959609291395642e-09,1.38701094751692e-08,0.13814387749547455,
koning_wimmer_witkovsky,"grid:amplitude_x_noise:amplitude_ratio=1.4,noise_std=0.0",50,0,0,0.0,0.0,0.0,1.0,2.3241883866474176e-09,2.324277672756075e-09,1.920877781500245e-12,2.321027848211827e-09,2.327743200451639e-09,4.699586926850712e-09,0.046154571182365614,
raw_atan2,"grid:amplitude_x_noise:amplitude_ratio=1.4,noise_std=0.0",50,0,0,0.0,0.0,0.0,,6.773129050105979e-09,6.773105499112039e-09,1.7353782199346897e-12,6.7699654596416265e-09,6.775919182024361e-09,1.1793571185118096e-08,0.13450323935289854,
taubin,"grid:amplitude_x_noise:amplitude_ratio=1.4,noise_std=0.0",50,0,0,0.0,0.0,0.0,,6.940503642771763e-09,6.940665601819715e-09,1.8155236500084019e-12,6.938181728371385e-09,6.943621749614405e-09,1.3787590684531844e-08,0.13782702437639047,
fitzgibbon,"grid:amplitude_x_noise:amplitude_ratio=1.4,noise_std=0.005",50,0,0,0.0,0.0,0.0,,2.0037872730359863e-09,1.9999164621193916e-09,3.638755502558561e-11,1.9540040738764755e-09,2.071189679925369e-09,4.154774423263664e-09,0.03979193031811998,
halir_flusser,"grid:amplitude_x_noise:amplitude_ratio=1.4,noise_std=0.005",50,0,0,0.0,0.0,0.0,,2.003787273035993e-09,1.9999164621193503e-09,3.638755502557952e-11,1.954004073876465e-09,2.0711896799253535e-09,4.154774423263727e-09,0.039791930318120096,
heydemann,"grid:amplitude_x_noise:amplitude_ratio=1.4,noise_std=0.005",50,0,0,0.0,0.0,0.0,,1.2595877007502792e-09,1.2651083459468595e-09,2.353573682392189e-11,1.2171960891921782e-09,1.2882469098489215e-09,2.5628974618546892e-09,0.025013346821928795,
kasa,"grid:amplitude_x_noise:amplitude_ratio=1.4,noise_std=0.005",50,0,0,0.0,0.0,0.0,,6.961287045211248e-09,6.959196626457452e-09,2.9472401333654453e-11,6.925095722813577e-09,7.015863597994331e-09,1.3975732453186889e-08,0.1382397486774049,
koning_wimmer_witkovsky,"grid:amplitude_x_noise:amplitude_ratio=1.4,noise_std=0.005",50,0,0,0.0,0.0,0.0,1.0,2.336730140459419e-09,2.3328616289851505e-09,3.7724431044326075e-11,2.2789397878454783e-09,2.4114546766602473e-09,4.8843921934369805e-09,0.046403629852649536,
raw_atan2,"grid:amplitude_x_noise:amplitude_ratio=1.4,noise_std=0.005",50,0,0,0.0,0.0,0.0,,6.776794817089446e-09,6.778317541071901e-09,2.6428144220556373e-11,6.736274309348455e-09,6.820232903372386e-09,1.191420285154367e-08,0.13457603547568642,
taubin,"grid:amplitude_x_noise:amplitude_ratio=1.4,noise_std=0.005",50,0,0,0.0,0.0,0.0,,6.945274404296176e-09,6.94348290032125e-09,2.9284849750953575e-11,6.90901206910049e-09,6.9992592944592674e-09,1.389376253882317e-08,0.13792176387927998,
fitzgibbon,"grid:amplitude_x_noise:amplitude_ratio=1.4,noise_std=0.01",50,0,0,0.0,0.0,0.0,,2.0487013075465046e-09,2.0534930267745103e-09,8.011912339483756e-11,1.905908965961662e-09,2.1757299244533125e-09,4.44343084886388e-09,0.04068384941332428,
halir_flusser,"grid:amplitude_x_noise:amplitude_ratio=1.4,noise_std=0.01",50,0,0,0.0,0.0,0.0,,2.048701307546521e-09,2.053493026774544e-09,8.01191233948579e-11,1.905908965961624e-09,2.1757299244533902e-09,4.443430848863961e-09,0.04068384941332461,
heydemann,"grid:amplitude_x_noise:amplitude_ratio=1.4,noise_std=0.01",50,0,0,0.0,0.0,0.0,,1.3168721947900839e-09,1.317528900975782e-09,4.823254997508296e-11,1.2316189199821032e-09,1.405415675534417e-09,2.9177917264512762e-09,0.02615092296377494,
kasa,"grid:amplitude_x_noise:amplitude_ratio=1.4,noise_std=0.01",50,0,0,0.0,0.0,0.0,,6.977650075504929e-09,6.976797435158306e-09,5.755834532581839e-11,6.875084780103269e-09,7.080214503363592e-09,1.4115591874626342e-08,0.13856469163417542,
koning_wimmer_witkovsky,"grid:amplitude_x_noise:amplitude_ratio=1.4,noise_std=0.01",50,0,0,0.0,0.0,0.0,1.0,2.3753868329899355e-09,2.3792693695643394e-09,8.33468814900235e-11,2.220771255365057e-09,2.5041605059898683e-09,5.1410045922330364e-09,0.047171288394153625,
raw_atan2,"grid:amplitude_x_noise:amplitude_ratio=1.4,noise_std=0.01",50,0,0,0.0,0.0,0.0,,6.795656955733951e-09,6.792524303935878e-09,4.902215541780148e-11,6.721295788133396e-09,6.884191551236111e-09,1.216861299779498e-08,0.13495060662737138,
taubin,"grid:amplitude_x_noise:amplitude_ratio=1.4,noise_std=0.01",50,0,0,0.0,0.0,0.0,,6.9613963035549675e-09,6.961051470438349e-09,5.6858682500118594e-11,6.8601706402761185e-09,7.0631234671209725e-09,1.4030454103332108e-08,0.13824191836899766,
fitzgibbon,"grid:amplitude_x_noise:amplitude_ratio=1.4,noise_std=0.02",50,0,0,0.0,0.0,0.0,,2.2035440697584494e-09,2.1898128270780816e-09,1.485525828629877e-10,2.013586827713213e-09,2.4736157010172682e-09,5.098040250305786e-09,0.04375877282815739,
halir_flusser,"grid:amplitude_x_noise:amplitude_ratio=1.4,noise_std=0.02",50,0,0,0.0,0.0,0.0,,2.203544069758451e-09,2.189812827078127e-09,1.4855258286298088e-10,2.0135868277132547e-09,2.4736157010172964e-09,5.098040250305823e-09,0.04375877282815741,
heydemann,"grid:amplitude_x_noise:amplitude_ratio=1.4,noise_std=0.02",50,0,0,0.0,0.0,0.0,,1.5442988402795295e-09,1.5290749675431249e-09,9.508993556848163e-11,1.4102419061116958e-09,1.7021719712096423e-09,3.7652032116782934e-09,0.030667243309541133,
kasa,"grid:amplitude_x_noise:amplitude_ratio=1.4,noise_std=0.02",50,0,0,0.0,0.0,0.0,,6.98015047957975e-09,6.9772153142113e-09,1.2191837007130168e-10,6.804961336030837e-09,7.17592246388608e-09,1.4584235351330816e-08,0.13861434556004432,
koning_wimmer_witkovsky,"grid:amplitude_x_noise:amplitude_ratio=1.4,noise_std=0.02",50,0,0,0.0,0.0,0.0,1.0,2.512239287762554e-09,2.5005661748516756e-09,1.5033507969230967e-10,2.297736433335556e-09,2.7669909893957713e-09,5.75037509110799e-09,0.04988895379579326,
raw_atan2,"grid:amplitude_x_noise:amplitude_ratio=1.4,noise_std=0.02",50,0,0,0.0,0.0,0.0,,6.791508798516425e-09,6.800895148563491e-09,1.0892624933239774e-10,6.604670164877685e-09,6.958349979382117e-09,1.2886413509758253e-08,0.1348682310253454,
taubin,"grid:amplitude_x_noise:amplitude_ratio=1.4,noise_std=0.02",50,0,0,0.0,0.0,0.0,,6.963525619984403e-09,6.9609161409412755e-09,1.21026084294825e-10,6.790817337754699e-09,7.158373467367081e-09,1.4500459672410775e-08,0.13828420310257467,
fitzgibbon,"grid:amplitude_x_noise:amplitude_ratio=1.4,noise_std=0.03",50,0,0,0.0,0.0,0.0,,2.4549639746037797e-09,2.43267611347016e-09,1.9442424301299148e-10,2.18957515059796e-09,2.8247021008368196e-09,5.8777959099278325e-09,0.048751559971193646,
halir_flusser,"grid:amplitude_x_noise:amplitude_ratio=1.4,noise_std=0.03",50,0,0,0.0,0.0,0.0,,2.454963974603788e-09,2.4326761134701924e-09,1.9442424301299414e-10,2.189575150597924e-09,2.8247021008368833e-09,5.877795909927901e-09,0.04875155997119381,
heydemann,"grid:amplitude_x_noise:amplitude_ratio=1.4,noise_std=0.03",50,0,0,0.0,0.0,0.0,,1.8407548881858425e-09,1.8039659035051777e-09,1.637898646617227e-10,1.603481913273466e-09,2.104599809144961e-09,4.527202861671453e-09,0.03655437442341432,
kasa,"grid:amplitude_x_noise:amplitude_ratio=1.4,noise_std=0.03",50,0,0,0.0,0.0,0.0,,7.076373918543545e-09,7.072088452493785e-09,1.5208258315382479e-10,6.8203560527471315e-09,7.316841555219176e-09,1.4990134084025702e-08,0.14052518531321634,
koning_wimmer_witkovsky,"grid:amplitude_x_noise:amplitude_ratio=1.4,noise_std=0.03",50,0,0,0.0,0.0,0.0,1.0,2.7409436421387792e-09,2.724280211537223e-09,1.9764294105723848e-10,2.4488786862987668e-09,3.0737788012245807e-09,6.504016117450711e-09,0.05443064734542882,
raw_atan2,"grid:amplitude_x_noise:amplitude_ratio=1.4,noise_std=0.03",50,0,0,0.0,0.0,0.0,,6.886268587952358e-09,6.8613834015837316e-09,1.5015863740167661e-10,6.6534235370064785e-09,7.155290926591277e-09,1.3482609577172059e-08,0.1367500050983394,
taubin,"grid:amplitude_x_noise:amplitude_ratio=1.4,noise_std=0.03",50,0,0,0.0,0.0,0.0,,7.0590175150557736e-09,7.050340880853235e-09,1.5087749466006972e-10,6.804438675165734e-09,7.298265560338664e-09,1.4908604406556026e-08,0.14018051559330524,
fitzgibbon,"grid:amplitude_x_noise:amplitude_ratio=1.4,noise_std=0.04",50,0,0,0.0,0.0,0.0,,2.733418365902267e-09,2.7498662752707794e-09,2.9632412953258005e-10,2.1983785613931155e-09,3.166659272831913e-09,6.66869312020857e-09,0.05428120769599229,
halir_flusser,"grid:amplitude_x_noise:amplitude_ratio=1.4,noise_std=0.04",50,0,0,0.0,0.0,0.0,,2.7334183659022707e-09,2.749866275270827e-09,2.9632412953259044e-10,2.1983785613931233e-09,3.166659272831892e-09,6.668693120208658e-09,0.05428120769599236,
heydemann,"grid:amplitude_x_noise:amplitude_ratio=1.4,noise_std=0.04",50,0,0,0.0,0.0,0.0,,2.1824168536272017e-09,2.179573180599142e-09,2.0451975334220313e-10,1.889473644897134e-09,2.444234925878901e-09,5.534560069787452e-09,0.04333922095085821,
kasa,"grid:amplitude_x_noise:amplitude_ratio=1.4,noise_std=0.04",50,0,0,0.0,0.0,0.0,,7.12536444298123e-09,7.134989276503982e-09,2.4285028940652034e-10,6.658749376550496e-09,7.472375754341317e-09,1.549940765500665e-08,0.14149805681554842,
koning_wimmer_witkovsky,"grid:amplitude_x_noise:amplitude_ratio=1.4,noise_std=0.04",50,0,0,0.0,0.0,0.0,1.0,2.981766350778913e-09,2.996230884846104e-09,3.1504968678959063e-10,2.3281785596841133e-09,3.4019605607097265e-09,7.219396167005451e-09,0.05921299154442654,
raw_atan2,"grid:amplitude_x_noise:amplitude_ratio=1.4,noise_std=0.04",50,0,0,0.0,0.0,0.0,,6.947708667814355e-09,6.944322366396801e-09,2.2369489006203058e-10,6.643619121827699e-09,7.291581430429576e-09,1.4099505591185109e-08,0.13797010436212204,
taubin,"grid:amplitude_x_noise:amplitude_ratio=1.4,noise_std=0.04",50,0,0,0.0,0.0,0.0,,7.108008891843778e-09,7.1181483258904675e-09,2.4148385618238845e-10,6.6474350391990805e-09,7.448866907939117e-09,1.5419535881029054e-08,0.14115340402191742,
fitzgibbon,"grid:amplitude_x_noise:amplitude_ratio=1.4,noise_std=0.05",50,0,0,0.0,0.0,0.0,,3.147088099489892e-09,3.1158617177306857e-09,3.122226384189327e-10,2.6674488675894373e-09,3.683842840824305e-09,7.696745018691937e-09,0.06249601045232181,
halir_flusser,"grid:amplitude_x_noise:amplitude_ratio=1.4,noise_std=0.05",50,0,0,0.0,0.0,0.0,,3.1470880994898975e-09,3.1158617177307183e-09,3.1222263841892295e-10,2.6674488675894576e-09,3.6838428408243494e-09,7.69674501869196e-09,0.06249601045232191,
heydemann,"grid:amplitude_x_noise:amplitude_ratio=1.4,noise_std=0.05",50,0,0,0.0,0.0,0.0,,2.6160259620995344e-09,2.658183558646174e-09,2.2516718253459494e-10,2.2694746411826445e-09,2.9135542429154655e-09,6.680181185263321e-09,0.051949987004627475,
kasa,"grid:amplitude_x_noise:amplitude_ratio=1.4,noise_std=0.05",50,0,0,0.0,0.0,0.0,,7.322777657395063e-09,7.361693547248574e-09,2.4383599801343557e-10,6.95529198357562e-09,7.651865687299725e-09,1.6005897626564014e-08,0.14541835962290647,
koning_wimmer_witkovsky,"grid:amplitude_x_noise:amplitude_ratio=1.4,noise_std=0.05",50,0,0,0.0,0.0,0.0,1.0,3.3896605717461658e-09,3.390109363443834e-09,3.4843294389481147e-10,2.853004815228408e-09,4.0485579838167235e-09,8.140228274835467e-09,0.06731310208824735,
raw_atan2,"grid:amplitude_x_noise:amplitude_ratio=1.4,noise_std=0.05",50,0,0,0.0,0.0,0.0,,7.16124737121084e-09,7.17406857033638e-09,2.344708248219916e-10,6.797496388963632e-09,7.501736435504199e-09,1.470229631611545e-08,0.1422106329452288,
taubin,"grid:amplitude_x_noise:amplitude_ratio=1.4,noise_std=0.05",50,0,0,0.0,0.0,0.0,,7.305343865869166e-09,7.346276806316488e-09,2.4308937560113417e-10,6.943391483920708e-09,7.62479032151162e-09,1.5926269151202124e-08,0.145072153103425,
fitzgibbon,"grid:amplitude_x_noise:amplitude_ratio=1.4,noise_std=0.06",50,0,0,0.0,0.0,0.0,,3.386868843529661e-09,3.358893289127397e-09,2.998120016803874e-10,2.9139267172466362e-09,3.959638733469255e-09,8.774489748675523e-09,0.06725766294250912,
halir_flusser,"grid:amplitude_x_noise:amplitude_ratio=1.4,noise_std=0.06",50,0,0,0.0,0.0,0.0,,3.3868688435296782e-09,3.358893289127372e-09,2.99812001680377e-10,2.913926717246723e-09,3.9596387334692556e-09,8.77448974867559e-09,0.06725766294250944,
heydemann,"grid:amplitude_x_noise:amplitude_ratio=1.4,noise_std=0.06",50,0,0,0.0,0.0,0.0,,2.914538011641882e-09,2.92880985854082e-09,2.5222566491076116e-10,2.5337463987916876e-09,3.2901709958051776e-09,7.938772804011677e-09,0.0578779469404699,
kasa,"grid:amplitude_x_noise:amplitude_ratio=1.4,noise_std=0.06",50,0,0,0.0,0.0,0.0,,7.385327883631851e-09,7.4007533469857244e-09,3.4434569462995864e-10,6.701664920100596e-09,7.884415934388244e-09,1.666641399711275e-08,0.14666050457376534,
koning_wimmer_witkovsky,"grid:amplitude_x_noise:amplitude_ratio=1.4,noise_std=0.06",50,0,0,0.0,0.0,0.0,1.0,3.6260882239070666e-09,3.6215225098561015e-09,3.5164177257588123e-10,3.1553736623768367e-09,4.315109581010131e-09,9.093549502626185e-09,0.07200816767063781,
raw_atan2,"grid:amplitude_x_noise:amplitude_ratio=1.4,noise_std=0.06",50,0,0,0.0,0.0,0.0,,7.223768807870712e-09,7.244645217009084e-09,3.819260491264058e-10,6.551721262543902e-09,7.800895331675799e-09,1.5627349685521268e-08,0.14345220618228652,
taubin,"grid:amplitude_x_noise:amplitude_ratio=1.4,noise_std=0.06",50,0,0,0.0,0.0,0.0,,7.366813543702264e-09,7.380601214523527e-09,3.4528757417726135e-10,6.675115603811528e-09,7.870449971659303e-09,1.659270429704563e-08,0.14629284013439206,
fitzgibbon,"grid:amplitude_x_noise:amplitude_ratio=1.4,noise_std=0.08",50,0,0,0.0,0.0,0.0,,4.172022054876521e-09,4.080817394715452e-09,4.380401320104339e-10,3.564149616722704e-09,4.9722652259348725e-09,1.0367359878039233e-08,0.08284951857278554,
halir_flusser,"grid:amplitude_x_noise:amplitude_ratio=1.4,noise_std=0.08",50,0,0,0.0,0.0,0.0,,4.172022054876542e-09,4.080817394715448e-09,4.3804013201041593e-10,3.5641496167227074e-09,4.972265225934877e-09,1.0367359878039261e-08,0.08284951857278595,
heydemann,"grid:amplitude_x_noise:amplitude_ratio=1.4,noise_std=0.08",50,0,0,0.0,0.0,0.0,,3.750070409156011e-09,3.7161732787405548e-09,4.0133101998471773e-10,3.033773250441427e-09,4.531325478417184e-09,9.530903955647023e-09,0.07447025061851448,
kasa,"grid:amplitude_x_noise:amplitude_ratio=1.4,noise_std=0.08",50,0,0,0.0,0.0,0.0,,7.801561066284366e-09,7.843621244211066e-09,3.8430752355603503e-10,7.085821251057456e-09,8.42048028958516e-09,1.790457279191803e-08,0.15492621322611327,
koning_wimmer_witkovsky,"grid:amplitude_x_noise:amplitude_ratio=1.4,noise_std=0.08",50,0,0,0.0,0.0,0.0,1.0,4.480146474460793e-09,4.420380328334738e-09,5.291281424974577e-10,3.736804940464304e-09,5.431194357019384e-09,1.1129433481720105e-08,0.08896836441954636,
raw_atan2,"grid:amplitude_x_noise:amplitude_ratio=1.4,noise_std=0.08",50,0,0,0.0,0.0,0.0,,7.643734408652179e-09,7.657263077216913e-09,3.731779368854e-10,7.056750204037136e-09,8.254374235295377e-09,1.7151477093640765e-08,0.1517920345399065,
taubin,"grid:amplitude_x_noise:amplitude_ratio=1.4,noise_std=0.08",50,0,0,0.0,0.0,0.0,,7.777839556365217e-09,7.80326048079893e-09,3.8005557046537367e-10,7.056302659566329e-09,8.393728095637954e-09,1.7833498171156776e-08,0.15445514292716223,
fitzgibbon,"grid:amplitude_x_noise:amplitude_ratio=1.4,noise_std=0.1",50,0,0,0.0,0.0,0.0,,5.0725141124053525e-09,4.946826841628644e-09,4.394900779173524e-10,4.482245737674312e-09,5.894889254327455e-09,1.3372106119414642e-08,0.10073181460659422,
halir_flusser,"grid:amplitude_x_noise:amplitude_ratio=1.4,noise_std=0.1",50,0,0,0.0,0.0,0.0,,5.0725141124053624e-09,4.946826841628586e-09,4.39490077917359e-10,4.482245737674328e-09,5.8948892543275354e-09,1.3372106119414675e-08,0.10073181460659443,
heydemann,"grid:amplitude_x_noise:amplitude_ratio=1.4,noise_std=0.1",50,0,0,0.0,0.0,0.0,,4.67462637630661e-09,4.646580029671523e-09,3.992287556448656e-10,4.012820840526369e-09,5.309346641551402e-09,1.2729178265178907e-08,0.0928304164480526,
kasa,"grid:amplitude_x_noise:amplitude_ratio=1.4,noise_std=0.1",50,0,0,0.0,0.0,0.0,,8.045270182089093e-09,8.055949199084691e-09,5.682643961833824e-10,7.0702362953414774e-09,8.927031877240903e-09,1.9475455861270228e-08,0.1597658767395456,
koning_wimmer_witkovsky,"grid:amplitude_x_noise:amplitude_ratio=1.4,noise_std=0.1",50,0,0,0.0,0.0,0.0,1.0,5.4589417776644475e-09,5.42159016899206e-09,5.835231051487701e-10,4.735586124955768e-09,6.82473276649458e-09,1.3600906097814407e-08,0.10840563454541736,
raw_atan2,"grid:amplitude_x_noise:amplitude_ratio=1.4,noise_std=0.1",50,0,0,0.0,0.0,0.0,,7.895968191556034e-09,7.973230491047901e-09,5.825848059273342e-10,6.999354074186736e-09,8.936940840127318e-09,1.8836370558967398e-08,0.15680098396694764,
taubin,"grid:amplitude_x_noise:amplitude_ratio=1.4,noise_std=0.1",50,0,0,0.0,0.0,0.0,,8.019655571989058e-09,8.040857110281044e-09,5.663113633807986e-10,7.059544525538852e-09,8.90783221463341e-09,1.938244109025716e-08,0.15925721257447079,
fitzgibbon,"grid:amplitude_x_noise:amplitude_ratio=1.5,noise_std=0.0",50,0,0,0.0,0.0,0.0,,2.733915052779187e-09,2.734321427801996e-09,2.174911081599562e-12,2.7295632385763318e-09,2.73739854755477e-09,5.559365751286158e-09,0.0542910710831204,
halir_flusser,"grid:amplitude_x_noise:amplitude_ratio=1.5,noise_std=0.0",50,0,0,0.0,0.0,0.0,,2.7339150527791797e-09,2.734321427802e-09,2.17491108162162e-12,2.7295632385762416e-09,2.7373985475548426e-09,5.559365751286116e-09,0.054291071083120236,
heydemann,"grid:amplitude_x_noise:amplitude_ratio=1.5,noise_std=0.0",50,0,0,0.0,0.0,0.0,,1.7483609218391793e-09,1.7485070950690681e-09,1.2774683173636387e-12,1.7461119613387159e-09,1.750189227509614e-09,3.436805187794374e-09,0.03471958171854263,
kasa,"grid:amplitude_x_noise:amplitude_ratio=1.5,noise_std=0.0",50,0,0,0.0,0.0,0.0,,8.117234735848143e-09,8.117442143166718e-09,2.120092134767024e-12,8.113193501303389e-09,8.120095296942398e-09,1.6493203829602236e-08,0.16119497480154493,
koning_wimmer_witkovsky,"grid:amplitude_x_noise:amplitude_ratio=1.5,noise_std=0.0",50,0,0,0.0,0.0,0.0,1.0,3.2079330548543957e-09,3.208087992053081e-09,2.0474918519922512e-12,3.2035529844704093e-09,3.2107277193232057e-09,6.566996283161796e-09,0.06370429151920627,
raw_atan2,"grid:amplitude_x_noise:amplitude_ratio=1.5,noise_std=0.0",50,0,0,0.0,0.0,0.0,,7.736614566784034e-09,7.736844150074967e-09,1.862291829794391e-12,7.734090486531472e-09,7.73957920933529e-09,1.3479589492945314e-08,0.1536364822165898,
taubin,"grid:amplitude_x_noise:amplitude_ratio=1.5,noise_std=0.0",50,0,0,0.0,0.0,0.0,,8.092443724371899e-09,8.092682913105252e-09,2.0965118163549724e-12,8.088460241582939e-09,8.095320820181929e-09,1.6392675233259032e-08,0.16070266595496577,
fitzgibbon,"grid:amplitude_x_noise:amplitude_ratio=1.5,noise_std=0.005",50,0,0,0.0,0.0,0.0,,2.7522935427867606e-09,2.7499952102971115e-09,3.6552809140893575e-11,2.6951514934071242e-09,2.8177148079243783e-09,5.730751197810597e-09,0.05465603776574913,
halir_flusser,"grid:amplitude_x_noise:amplitude_ratio=1.5,noise_std=0.005",50,0,0,0.0,0.0,0.0,,2.752293542786758e-09,2.7499952102971214e-09,3.655280914087946e-11,2.6951514934071863e-09,2.817714807924393e-09,5.730751197810569e-09,0.05465603776574907,
heydemann,"grid:amplitude_x_noise:amplitude_ratio=1.5,noise_std=0.005",50,0,0,0.0,0.0,0.0,,1.7664139690542867e-09,1.7649308257507424e-09,2.4332203308108432e-11,1.7258060351387402e-09,1.8121235542368622e-09,3.640918858565319e-09,0.03507808564083019,
kasa,"grid:amplitude_x_noise:amplitude_ratio=1.5,noise_std=0.005",50,0,0,0.0,0.0,0.0,,8.121862609419757e-09,8.128217151969256e-09,3.1713336987996504e-11,8.071114017416971e-09,8.169666935856537e-09,1.6546438969559256e-08,0.16128687678393638,
koning_wimmer_witkovsky,"grid:amplitude_x_noise:amplitude_ratio=1.5,noise_std=0.005",50,0,0,0.0,0.0,0.0,1.0,3.2231409632689754e-09,3.2142324476577e-09,3.7615272013170447e-11,3.1718031977740457e-09,3.2855996701732566e-09,6.741014127616181e-09,0.06400629564911596,
raw_atan2,"grid:amplitude_x_noise:amplitude_ratio=1.5,noise_std=0.005",50,0,0,0.0,0.0,0.0,,7.740331145236216e-09,7.741511364772425e-09,2.803324175050267e-11,7.699624926535219e-09,7.776378096763531e-09,1.3614443219870062e-08,0.15371028737184805,
taubin,"grid:amplitude_x_noise:amplitude_ratio=1.5,noise_std=0.005",50,0,0,0.0,0.0,0.0,,8.097031047970064e-09,8.103209246081137e-09,3.1334446622333765e-11,8.046399897777768e-09,8.143563370741422e-09,1.6444159724134498e-08,0.16079376268136042,
fitzgibbon,"grid:amplitude_x_noise:amplitude_ratio=1.5,noise_std=0.01",50,0,0,0.0,0.0,0.0,,2.774661687343482e-09,2.7914820433205254e-09,7.369391003525877e-11,2.65825915059314e-09,2.8803515312644894e-09,5.908867539628424e-09,0.055100232447252505,
halir_flusser,"grid:amplitude_x_noise:amplitude_ratio=1.5,noise_std=0.01",50,0,0,0.0,0.0,0.0,,2.7746616873434738e-09,2.791482043320545e-09,7.369391003524301e-11,2.6582591505931175e-09,2.8803515312645026e-09,5.90886753962842e-09,0.05510023244725232,
heydemann,"grid:amplitude_x_noise:amplitude_ratio=1.5,noise_std=0.01",50,0,0,0.0,0.0,0.0,,1.8036550398497104e-09,1.8149948823547501e-09,4.2897008960254864e-11,1.7206806270671009e-09,1.8561888557816515e-09,3.8472262218334254e-09,0.035817632255385944,
kasa,"grid:amplitude_x_noise:amplitude_ratio=1.5,noise_std=0.01",50,0,0,0.0,0.0,0.0,,8.113709258620274e-09,8.11008072300867e-09,5.202175417534447e-11,8.03276300725685e-09,8.203708985912039e-09,1.668056079066433e-08,0.16112496460331824,
koning_wimmer_witkovsky,"grid:amplitude_x_noise:amplitude_ratio=1.5,noise_std=0.01",50,0,0,0.0,0.0,0.0,1.0,3.241054934592988e-09,3.249200372409121e-09,7.154072126992844e-11,3.1292621951800127e-09,3.339592950292856e-09,6.924883215208872e-09,0.06436203775220152,
raw_atan2,"grid:amplitude_x_noise:amplitude_ratio=1.5,noise_std=0.01",50,0,0,0.0,0.0,0.0,,7.731931208476646e-09,7.737264034581809e-09,5.106652548389518e-11,7.651458322389894e-09,7.807420814088287e-09,1.379747776437725e-08,0.15354347839830518,
taubin,"grid:amplitude_x_noise:amplitude_ratio=1.5,noise_std=0.01",50,0,0,0.0,0.0,0.0,,8.088685536268867e-09,8.084478735571685e-09,5.172077566538064e-11,8.00730634299742e-09,8.177283881249785e-09,1.6575851737939313e-08,0.16062803450025467,
fitzgibbon,"grid:amplitude_x_noise:amplitude_ratio=1.5,noise_std=0.02",50,0,0,0.0,0.0,0.0,,2.860034198391478e-09,2.8843370075392346e-09,1.4116529132944364e-10,2.592758355300909e-09,3.0320573919239296e-09,6.464932261186318e-09,0.05679559056057041,
halir_flusser,"grid:amplitude_x_noise:amplitude_ratio=1.5,noise_std=0.02",50,0,0,0.0,0.0,0.0,,2.8600341983914768e-09,2.884337007539251e-09,1.411652913294581e-10,2.5927583553009096e-09,3.032057391923962e-09,6.4649322611863284e-09,0.056795590560570396,
heydemann,"grid:amplitude_x_noise:amplitude_ratio=1.5,noise_std=0.02",50,0,0,0.0,0.0,0.0,,1.9449299394835808e-09,1.9519585133853046e-09,8.910170039517095e-11,1.8124506667596562e-09,2.0913478647378922e-09,4.551046987493795e-09,0.03862312016200037,
kasa,"grid:amplitude_x_noise:amplitude_ratio=1.5,noise_std=0.02",50,0,0,0.0,0.0,0.0,,8.181257098006422e-09,8.182533235412844e-09,1.0451370621296684e-10,7.995925208931433e-09,8.345153410655e-09,1.7094132112545807e-08,0.1624663539584471,
koning_wimmer_witkovsky,"grid:amplitude_x_noise:amplitude_ratio=1.5,noise_std=0.02",50,0,0,0.0,0.0,0.0,1.0,3.3225184920165856e-09,3.346582156335392e-09,1.3917507983061172e-10,3.0583617076705706e-09,3.5063937426503914e-09,7.4153009693471305e-09,0.06597977045471266,
raw_atan2,"grid:amplitude_x_noise:amplitude_ratio=1.5,noise_std=0.02",50,0,0,0.0,0.0,0.0,,7.801362834378183e-09,7.782891582464614e-09,1.0705599444664114e-10,7.650406685314622e-09,7.98021079836974e-09,1.4490165697632603e-08,0.15492227666542951,
taubin,"grid:amplitude_x_noise:amplitude_ratio=1.5,noise_std=0.02",50,0,0,0.0,0.0,0.0,,8.15603939600505e-09,8.157273394965459e-09,1.0391511356402202e-10,7.970547564877172e-09,8.321905003318506e-09,1.6994172212280835e-08,0.16196557173753728,
fitzgibbon,"grid:amplitude_x_noise:amplitude_ratio=1.5,noise_std=0.03",50,0,0,0.0,0.0,0.0,,3.0212118341215137e-09,3.0328602881296136e-09,1.9688995836167316e-10,2.7052087992544084e-09,3.3631689018963994e-09,7.238576144304894e-09,0.05999631417834825,
halir_flusser,"grid:amplitude_x_noise:amplitude_ratio=1.5,noise_std=0.03",50,0,0,0.0,0.0,0.0,,3.021211834121525e-09,3.0328602881296086e-09,1.968899583616822e-10,2.7052087992543774e-09,3.3631689018962927e-09,7.238576144304977e-09,0.05999631417834848,
heydemann,"grid:amplitude_x_noise:amplitude_ratio=1.5,noise_std=0.03",50,0,0,0.0,0.0,0.0,,2.1873451634002953e-09,2.1784414002709796e-09,1.3035058188494161e-10,1.998195950054188e-09,2.3877728891298744e-09,5.446284514718257e-09,0.04343708910368858,
kasa,"grid:amplitude_x_noise:amplitude_ratio=1.5,noise_std=0.03",50,0,0,0.0,0.0,0.0,,8.17385156740444e-09,8.176274779522328e-09,1.6620298437161905e-10,7.917255009420245e-09,8.489759382339204e-09,1.7562783136011032e-08,0.16231929226100636,
koning_wimmer_witkovsky,"grid:amplitude_x_noise:amplitude_ratio=1.5,noise_std=0.03",50,0,0,0.0,0.0,0.0,1.0,3.4488702194572277e-09,3.441494259127381e-09,2.1344178888331742e-10,3.109194934397261e-09,3.771766439673514e-09,8.121373928594372e-09,0.06848890862598889,
raw_atan2,"grid:amplitude_x_noise:amplitude_ratio=1.5,noise_std=0.03",50,0,0,0.0,0.0,0.0,,7.827951974083628e-09,7.807456684611775e-09,1.588174801315171e-10,7.566306006476452e-09,8.096815903232157e-09,1.5062372118246242e-08,0.15545029339086494,
taubin,"grid:amplitude_x_noise:amplitude_ratio=1.5,noise_std=0.03",50,0,0,0.0,0.0,0.0,,8.149440914687024e-09,8.150343623227427e-09,1.647802055404895e-10,7.893680685321042e-09,8.465541238264856e-09,1.746547511100869e-08,0.16183453671583334,
fitzgibbon,"grid:amplitude_x_noise:amplitude_ratio=1.5,noise_std=0.04",50,0,0,0.0,0.0,0.0,,3.31025626122892e-09,3.2760963271968084e-09,2.2233742813469767e-10,3.0115958876866164e-09,3.6684512353940477e-09,7.811632161580836e-09,0.0657362626534538,
halir_flusser,"grid:amplitude_x_noise:amplitude_ratio=1.5,noise_std=0.04",50,0,0,0.0,0.0,0.0,,3.310256261228922e-09,3.2760963271967323e-09,2.2233742813469325e-10,3.0115958876866384e-09,3.6684512353939786e-09,7.811632161580851e-09,0.06573626265345382,
heydemann,"grid:amplitude_x_noise:amplitude_ratio=1.5,noise_std=0.04",50,0,0,0.0,0.0,0.0,,2.481347801925001e-09,2.4862959116866066e-09,1.530809590012656e-10,2.2310111109935654e-09,2.711845436448734e-09,6.027699988096773e-09,0.04927549952925893,
kasa,"grid:amplitude_x_noise:amplitude_ratio=1.5,noise_std=0.04",50,0,0,0.0,0.0,0.0,,8.338450914487542e-09,8.349680355059115e-09,2.4750832418735036e-10,8.00143868585965e-09,8.786179663320192e-09,1.8038795731356034e-08,0.16558796545684673,
koning_wimmer_witkovsky,"grid:amplitude_x_noise:amplitude_ratio=1.5,noise_std=0.04",50,0,0,0.0,0.0,0.0,1.0,3.722416277239606e-09,3.687985390586074e-09,2.190692018920594e-10,3.3850816331833145e-09,4.091016036910764e-09,8.691085039657878e-09,0.07392108489367266,
raw_atan2,"grid:amplitude_x_noise:amplitude_ratio=1.5,noise_std=0.04",50,0,0,0.0,0.0,0.0,,7.933714596068834e-09,7.905504099760975e-09,2.4503646567245357e-10,7.569523355237807e-09,8.380692097671895e-09,1.5738051034545714e-08,0.15755056568070772,
taubin,"grid:amplitude_x_noise:amplitude_ratio=1.5,noise_std=0.04",50,0,0,0.0,0.0,0.0,,8.310946008512694e-09,8.32527411280992e-09,2.467139160423242e-10,7.981388849606305e-09,8.760666236708485e-09,1.7930362243882298e-08,0.16504176311456947,
fitzgibbon,"grid:amplitude_x_noise:amplitude_ratio=1.5,noise_std=0.05",50,0,0,0.0,0.0,0.0,,3.598492346601565e-09,3.6088547046873954e-09,3.859875438299559e-10,2.9979111876207334e-09,4.149766764133882e-09,8.821126513309092e-09,0.07146015878686832,
halir_flusser,"grid:amplitude_x_noise:amplitude_ratio=1.5,noise_std=0.05",50,0,0,0.0,0.0,0.0,,3.598492346601574e-09,3.6088547046875617e-09,3.8598754382995163e-10,2.997911187620857e-09,4.1497667641338275e-09,8.821126513309156e-09,0.07146015878686851,
heydemann,"grid:amplitude_x_noise:amplitude_ratio=1.5,noise_std=0.05",50,0,0,0.0,0.0,0.0,,2.8308369400398128e-09,2.832665238418672e-09,2.505369682357581e-10,2.399332684957275e-09,3.1875294765719053e-09,7.143143045286743e-09,0.05621578087446072,
kasa,"grid:amplitude_x_noise:amplitude_ratio=1.5,noise_std=0.05",50,0,0,0.0,0.0,0.0,,8.403438260152778e-09,8.391451847945715e-09,3.1497556000486527e-10,7.817661421169844e-09,9.012009790221484e-09,1.8331731916261746e-08,0.16687850760424372,
koning_wimmer_witkovsky,"grid:amplitude_x_noise:amplitude_ratio=1.5,noise_std=0.05",50,0,0,0.0,0.0,0.0,1.0,3.996112090733413e-09,4.02326023136915e-09,4.3610098667792643e-10,3.275612907350964e-09,4.533033394993063e-09,9.509471770445961e-09,0.07935623506428219,
raw_atan2,"grid:amplitude_x_noise:amplitude_ratio=1.5,noise_std=0.05",50,0,0,0.0,0.0,0.0,,8.010761815429617e-09,8.028479409258902e-09,2.6298768050091984e-10,7.566285631168523e-09,8.39843615324183e-09,1.6228675181023648e-08,0.15908059714924982,
taubin,"grid:amplitude_x_noise:amplitude_ratio=1.5,noise_std=0.05",50,0,0,0.0,0.0,0.0,,8.375441976247392e-09,8.365848976124064e-09,3.1098535664333503e-10,7.802210597940792e-09,8.96294322307559e-09,1.8218688884760763e-08,0.1663225473018103,
fitzgibbon,"grid:amplitude_x_noise:amplitude_ratio=1.5,noise_std=0.06",50,0,0,0.0,0.0,0.0,,3.92856004472553e-09,3.9575146072843515e-09,3.1039926263455163e-10,3.4452476574155914e-09,4.462492462710507e-09,9.537889532570875e-09,0.07801476217254183,
halir_flusser,"grid:amplitude_x_noise:amplitude_ratio=1.5,noise_std=0.06",50,0,0,0.0,0.0,0.0,,3.928560044725536e-09,3.957514607284375e-09,3.1039926263454905e-10,3.4452476574155947e-09,4.46249246271058e-09,9.537889532570899e-09,0.07801476217254191,
heydemann,"grid:amplitude_x_noise:amplitude_ratio=1.5,noise_std=0.06",50,0,0,0.0,0.0,0.0,,3.2228788226938548e-09,3.207722539133706e-09,2.64897096053439e-10,2.8028951480495557e-09,3.630177857652977e-09,8.343585756105954e-09,0.06400108996703625,
kasa,"grid:amplitude_x_noise:amplitude_ratio=1.5,noise_std=0.06",50,0,0,0.0,0.0,0.0,,8.537705964252638e-09,8.505806055485862e-09,2.853776091728793e-10,8.116489168496972e-09,9.057958256029572e-09,1.911837403460652e-08,0.16954484409485368,
koning_wimmer_witkovsky,"grid:amplitude_x_noise:amplitude_ratio=1.5,noise_std=0.06",50,0,0,0.0,0.0,0.0,1.0,4.290983258898137e-09,4.273147579804068e-09,3.556796331536171e-10,3.7045396039723413e-09,4.929035043056214e-09,1.0230407348397838e-08,0.0852118930646724,
raw_atan2,"grid:amplitude_x_noise:amplitude_ratio=1.5,noise_std=0.06",50,0,0,0.0,0.0,0.0,,8.195962786718853e-09,8.22903766640156e-09,2.921645109208291e-10,7.737046391732656e-09,8.626318029825391e-09,1.7016659663939917e-08,0.1627583848283898,
taubin,"grid:amplitude_x_noise:amplitude_ratio=1.5,noise_std=0.06",50,0,0,0.0,0.0,0.0,,8.509922144418816e-09,8.485986641998223e-09,2.8354846761852704e-10,8.097201842615789e-09,9.028109458724013e-09,1.900401824854164e-08,0.1689931029805768,
fitzgibbon,"grid:amplitude_x_noise:amplitude_ratio=1.5,noise_std=0.08",50,0,0,0.0,0.0,0.0,,4.5170582029538425e-09,4.573332072376297e-09,4.2142803206286186e-10,3.689665134990702e-09,5.122332398025821e-09,1.1444713904549764e-08,0.08970137083588689,
halir_flusser,"grid:amplitude_x_noise:amplitude_ratio=1.5,noise_std=0.08",50,0,0,0.0,0.0,0.0,,4.517058202953844e-09,4.5733320723762735e-09,4.2142803206286155e-10,3.6896651349906728e-09,5.1223323980258065e-09,1.1444713904549765e-08,0.0897013708358869,
heydemann,"grid:amplitude_x_noise:amplitude_ratio=1.5,noise_std=0.08",50,0,0,0.0,0.0,0.0,,3.928023690946693e-09,3.924413879689982e-09,3.313715210444584e-10,3.3300789622966947e-09,4.420951824423391e-09,1.011546282133346e-08,0.07800411106576989,
kasa,"grid:amplitude_x_noise:amplitude_ratio=1.5,noise_std=0.08",50,0,0,0.0,0.0,0.0,,8.702838749486532e-09,8.609179586294096e-09,2.96358702509654e-10,8.2358247878126e-09,9.190149099486032e-09,2.0044694625688382e-08,0.17282411049787275,
koning_wimmer_witkovsky,"grid:amplitude_x_noise:amplitude_ratio=1.5,noise_std=0.08",50,0,0,0.0,0.0,0.0,1.0,4.941231404558432e-09,4.9619084987739535e-09,4.489451801418506e-10,4.123022117189768e-09,5.592095355165231e-09,1.2066586308397905e-08,0.09812475524809068,
raw_atan2,"grid:amplitude_x_noise:amplitude_ratio=1.5,noise_std=0.08",50,0,0,0.0,0.0,0.0,,8.359648771168379e-09,8.338339195519415e-09,3.473473937156174e-10,7.768232623692271e-09,8.905898399564042e-09,1.8511081013731707e-08,0.16600892013965562,
taubin,"grid:amplitude_x_noise:amplitude_ratio=1.5,noise_std=0.08",50,0,0,0.0,0.0,0.0,,8.672964724097799e-09,8.592700095691564e-09,2.95235683809611e-10,8.205549673073909e-09,9.164893005371865e-09,1.994843099165734e-08,0.17223086132787022,
fitzgibbon,"grid:amplitude_x_noise:amplitude_ratio=1.5,noise_std=0.1",50,0,0,0.0,0.0,0.0,,5.424502899819145e-09,5.488126645139977e-09,5.551840038693843e-10,4.613695719245928e-09,6.307709774559169e-09,1.4041707801264578e-08,0.10772173488905411,
halir_flusser,"grid:amplitude_x_noise:amplitude_ratio=1.5,noise_std=0.1",50,0,0,0.0,0.0,0.0,,5.424502899819147e-09,5.488126645139987e-09,5.551840038693823e-10,4.613695719245934e-09,6.307709774559124e-09,1.4041707801264558e-08,0.10772173488905412,
heydemann,"grid:amplitude_x_noise:amplitude_ratio=1.5,noise_std=0.1",50,0,0,0.0,0.0,0.0,,4.7290568015870085e-09,4.752403308246361e-09,3.971879916453062e-10,4.03403004236167e-09,5.289833060947669e-09,1.2716035695149609e-08,0.0939113154631769,
kasa,"grid:amplitude_x_noise:amplitude_ratio=1.5,noise_std=0.1",50,0,0,0.0,0.0,0.0,,9.223206424166739e-09,9.320083518363997e-09,5.708062614399556e-10,8.203532985669793e-09,1.0191826613955624e-08,2.208375241756082e-08,0.1831577594481948,
koning_wimmer_witkovsky,"grid:amplitude_x_noise:amplitude_ratio=1.5,noise_std=0.1",50,0,0,0.0,0.0,0.0,1.0,5.9468749617678834e-09,5.98411135384331e-09,6.900273193021525e-10,4.996725185283373e-09,7.1905926254526184e-09,1.5098673882160823e-08,0.11809518768462114,
raw_atan2,"grid:amplitude_x_noise:amplitude_ratio=1.5,noise_std=0.1",50,0,0,0.0,0.0,0.0,,8.852577030479092e-09,8.80770783686691e-09,5.691581566516011e-10,7.931914361420412e-09,9.667656838735021e-09,2.0289240238998728e-08,0.17579766728376017,
taubin,"grid:amplitude_x_noise:amplitude_ratio=1.5,noise_std=0.1",50,0,0,0.0,0.0,0.0,,9.185390342822668e-09,9.300189059758311e-09,5.67836098534309e-10,8.17808848032033e-09,1.0149340958698644e-08,2.1952300937719838e-08,0.18240679406679092,
fitzgibbon,"grid:amplitude_x_quadrature:amplitude_ratio=1.0,quadrature_error_rad=0.0",50,0,0,0.0,0.0,0.0,,1.8578832823839384e-11,1.8623202862407155e-11,1.857446744466655e-12,1.598395036383939e-11,2.1743737512729828e-11,5.178458312117862e-11,0.0003689451625262119,
halir_flusser,"grid:amplitude_x_quadrature:amplitude_ratio=1.0,quadrature_error_rad=0.0",50,0,0,0.0,0.0,0.0,,1.8578832823859453e-11,1.8623202862403956e-11,1.8574467444602297e-12,1.5983950363857243e-11,2.1743737512713352e-11,5.178458312129088e-11,0.00036894516252661025,
heydemann,"grid:amplitude_x_quadrature:amplitude_ratio=1.0,quadrature_error_rad=0.0",50,0,0,0.0,0.0,0.0,,1.7599501061741306e-11,1.750569704896132e-11,1.7045119045162885e-12,1.5247757780295217e-11,2.044682035277466e-11,4.8685884756923127e-11,0.0003494972392061457,
kasa,"grid:amplitude_x_quadrature:amplitude_ratio=1.0,quadrature_error_rad=0.0",50,0,0,0.0,0.0,0.0,,1.8095556370768976e-11,1.78991532683153e-11,1.6994084636065938e-12,1.5806920722982516e-11,2.0777587216441337e-11,4.9549350246474463e-11,0.0003593480844312756,
koning_wimmer_witkovsky,"grid:amplitude_x_quadrature:amplitude_ratio=1.0,quadrature_error_rad=0.0",50,0,0,0.0,0.0,0.0,1.0,1.857867782224269e-11,1.8624270469763326e-11,1.8560583928658717e-12,1.5981870036667915e-11,2.1741419918767203e-11,5.1783274059585733e-11,0.0003689420844486046,
raw_atan2,"grid:amplitude_x_quadrature:amplitude_ratio=1.0,quadrature_error_rad=0.0",50,0,0,0.0,0.0,0.0,,1.007748996289241e-09,1.008093302761441e-09,2.3653196844885566e-12,1.0030993472048328e-09,1.0113988429806426e-09,1.4436199937307868e-09,0.02001224300508702,
taubin,"grid:amplitude_x_quadrature:amplitude_ratio=1.0,quadrature_error_rad=0.0",50,0,0,0.0,0.0,0.0,,1.8095557198389297e-11,1.7899153860084106e-11,1.6994086605226518e-12,1.5806921597551473e-11,2.0777587886285686e-11,4.9549352110951086e-11,0.0003593481008664584,
fitzgibbon,"grid:amplitude_x_quadrature:amplitude_ratio=1.0,quadrature_error_rad=0.02",50,0,0,0.0,0.0,0.0,,1.8352702355380678e-11,1.7848881899574063e-11,2.1058920698025165e-12,1.5444910003462653e-11,2.141766903243595e-11,5.0900994865016466e-11,0.00036445458213137826,
halir_flusser,"grid:amplitude_x_quadrature:amplitude_ratio=1.0,quadrature_error_rad=0.02",50,0,0,0.0,0.0,0.0,,1.8352702355389942e-11,1.7848881899579775e-11,2.1058920698178605e-12,1.544491000353174e-11,2.141766903244517e-11,5.0900994865094286e-11,0.0003644545821315621,
heydemann,"grid:amplitude_x_quadrature:amplitude_ratio=1.0,quadrature_error_rad=0.02",50,0,0,0.0,0.0,0.0,,1.7421519793559386e-11,1.7320333210801405e-11,2.007751333263448e-12,1.4569641328967242e-11,2.0928853545115968e-11,4.838928089631525e-11,0.00034596282299504,
kasa,"grid:amplitude_x_quadrature:amplitude_ratio=1.0,quadrature_error_rad=0.02",50,0,0,0.0,0.0,0.0,,6.170190856678398e-10,6.17129844886348e-10,2.032081766792618e-12,6.137035922320889e-10,6.197482814893026e-10,1.023256106230258e-09,0.0122529875262881,
koning_wimmer_witkovsky,"grid:amplitude_x_quadrature:amplitude_ratio=1.0,quadrature_error_rad=0.02",50,0,0,0.0,0.0,0.0,1.0,1.8351623468308242e-11,1.7847569023303352e-11,2.1047977071953565e-12,1.543154485778149e-11,2.14058072592304e-11,5.0896429574713916e-11,0.0003644331572028016,
raw_atan2,"grid:amplitude_x_quadrature:amplitude_ratio=1.0,quadrature_error_rad=0.02",50,0,0,0.0,0.0,0.0,,1.1769850472773203e-09,1.176522313772505e-09,2.2188910773729516e-12,1.1739288623684377e-09,1.1807855657346197e-09,2.177521066600556e-09,0.023372993539263368,
taubin,"grid:amplitude_x_quadrature:amplitude_ratio=1.0,quadrature_error_rad=0.02",50,0,0,0.0,0.0,0.0,,6.170190953911517e-10,6.171298579773059e-10,2.0320844963547024e-12,6.137036006521881e-10,6.197482895645773e-10,1.0232568141744514e-09,0.012252987719377129,
fitzgibbon,"grid:amplitude_x_quadrature:amplitude_ratio=1.0,quadrature_error_rad=0.05",50,0,0,0.0,0.0,0.0,,1.8981058348918417e-11,1.9143447990012542e-11,1.6127133193744816e-12,1.6871474014542097e-11,2.1144899293891796e-11,4.9571460089122455e-11,0.00037693270206271364,
halir_flusser,"grid:amplitude_x_quadrature:amplitude_ratio=1.0,quadrature_error_rad=0.05",50,0,0,0.0,0.0,0.0,,1.898105834891994e-11,1.9143447990082626e-11,1.6127133193725968e-12,1.687147401454584e-11,2.1144899293714185e-11,4.957146008909561e-11,0.0003769327020627438,
heydemann,"grid:amplitude_x_quadrature:amplitude_ratio=1.0,quadrature_error_rad=0.05",50,0,0,0.0,0.0,0.0,,1.796976373234022e-11,1.8099263055731703e-11,1.532080514123263e-12,1.5602306086541138e-11,1.999697716443799e-11,4.776160024916589e-11,0.00035685004885122843,
kasa,"grid:amplitude_x_quadrature:amplitude_ratio=1.0,quadrature_error_rad=0.05",50,0,0,0.0,0.0,0.0,,1.5418048580564102e-09,1.5418898787715305e-09,2.135182689387486e-12,1.5387985066979215e-09,1.5452239326637216e-09,2.529984930213821e-09,0.030617716911119294,
koning_wimmer_witkovsky,"grid:amplitude_x_quadrature:amplitude_ratio=1.0,quadrature_error_rad=0.05",50,0,0,0.0,0.0,0.0,1.0,1.8973999775068022e-11,1.9137921366119257e-11,1.6118400576067494e-12,1.6868974510534198e-11,2.1131583137275297e-11,4.952898678504436e-11,0.0003767925303575732,
raw_atan2,"grid:amplitude_x_quadrature:amplitude_ratio=1.0,quadrature_error_rad=0.05",50,0,0,0.0,0.0,0.0,,1.834950764288686e-09,1.835117362916404e-09,2.2301326932958815e-12,1.8319987982630098e-09,1.8388863973658106e-09,3.59284855559559e-09,0.0364391140378528,
taubin,"grid:amplitude_x_quadrature:amplitude_ratio=1.0,quadrature_error_rad=0.05",50,0,0,0.0,0.0,0.0,,1.5418048786740675e-09,1.5418898975242032e-09,2.1351837020879653e-12,1.5387985294816108e-09,1.5452239636112539e-09,2.5299861208312776e-09,0.030617717320552167,
fitzgibbon,"grid:amplitude_x_quadrature:amplitude_ratio=1.0,quadrature_error_rad=0.1",50,0,0,0.0,0.0,0.0,,1.887106362818706e-11,1.8713358402058755e-11,1.9156382247003723e-12,1.6232858158481143e-11,2.2235028170485803e-11,5.1875899952397376e-11,0.00037474838722969666,
halir_flusser,"grid:amplitude_x_quadrature:amplitude_ratio=1.0,quadrature_error_rad=0.1",50,0,0,0.0,0.0,0.0,,1.8871063628184824e-11,1.8713358402022766e-11,1.9156382247042295e-12,1.6232858158461527e-11,2.2235028170581707e-11,5.187589995243316e-11,0.0003747483872296523,
heydemann,"grid:amplitude_x_quadrature:amplitude_ratio=1.0,quadrature_error_rad=0.1",50,0,0,0.0,0.0,0.0,,1.7763692142401986e-11,1.7743723185945202e-11,1.7751034034627183e-12,1.4989688910516273e-11,2.0385502939815514e-11,4.941743594070391e-11,0.00035275780490013156,
kasa,"grid:amplitude_x_quadrature:amplitude_ratio=1.0,quadrature_error_rad=0.1",50,0,0,0.0,0.0,0.0,,3.0852622836942597e-09,3.0854029509854966e-09,2.6563781537331253e-12,3.081252289348861e-09,3.0884842346961844e-09,5.0432947402042366e-09,0.06126825110525635,
koning_wimmer_witkovsky,"grid:amplitude_x_quadrature:amplitude_ratio=1.0,quadrature_error_rad=0.1",50,0,0,0.0,0.0,0.0,1.0,1.8878673327900373e-11,1.873318549968857e-11,1.9244172255156146e-12,1.6200829049643484e-11,2.22365246262072e-11,5.1872717599472307e-11,0.0003748995033909823,
raw_atan2,"grid:amplitude_x_quadrature:amplitude_ratio=1.0,quadrature_error_rad=0.1",50,0,0,0.0,0.0,0.0,,3.2385427119480783e-09,3.2386601294078152e-09,2.5553523555485464e-12,3.2350010162280416e-09,3.242276229439885e-09,6.0604631890943025e-09,0.0643121491289055,
taubin,"grid:amplitude_x_quadrature:amplitude_ratio=1.0,quadrature_error_rad=0.1",50,0,0,0.0,0.0,0.0,,3.0852623301119593e-09,3.0854029907817684e-09,2.656378896197003e-12,3.081252373165989e-09,3.088484298251509e-09,5.043307044877785e-09,0.06126825202703576,
fitzgibbon,"grid:amplitude_x_quadrature:amplitude_ratio=1.0,quadrature_error_rad=0.15",50,0,0,0.0,0.0,0.0,,1.8409699707599633e-11,1.8395728629952435e-11,1.6877168254727717e-12,1.5746815754993954e-11,2.154853195097632e-11,5.1677169020864465e-11,0.00036558645610739046,
halir_flusser,"grid:amplitude_x_quadrature:amplitude_ratio=1.0,quadrature_error_rad=0.15",50,0,0,0.0,0.0,0.0,,1.8409699707588282e-11,1.8395728629877827e-11,1.6877168254717866e-12,1.5746815754954084e-11,2.1548531950901168e-11,5.1677169020805884e-11,0.00036558645610716505,
heydemann,"grid:amplitude_x_quadrature:amplitude_ratio=1.0,quadrature_error_rad=0.15",50,0,0,0.0,0.0,0.0,,1.7494653329472972e-11,1.7601950702112497e-11,1.695696210104704e-12,1.4550271815220733e-11,1.9825218359575716e-11,4.933060930821726e-11,0.0003474151351262484,
kasa,"grid:amplitude_x_quadrature:amplitude_ratio=1.0,quadrature_error_rad=0.15",50,0,0,0.0,0.0,0.0,,4.6300148624112145e-09,4.629718538008834e-09,2.169388433889091e-12,4.626517406574573e-09,4.633346044727717e-09,7.574590768224155e-09,0.09194450491632508,
koning_wimmer_witkovsky,"grid:amplitude_x_quadrature:amplitude_ratio=1.0,quadrature_error_rad=0.15",50,0,0,0.0,0.0,0.0,1.0,1.8391508302609282e-11,1.8403607890364132e-11,1.6761525041048389e-12,1.5832876064784683e-11,2.1486552862095846e-11,5.165316356574733e-11,0.0003652252046265045,
raw_atan2,"grid:amplitude_x_quadrature:amplitude_ratio=1.0,quadrature_error_rad=0.15",50,0,0,0.0,0.0,0.0,,4.731419021790134e-09,4.731263078968534e-09,2.234900297096129e-12,4.727547264474754e-09,4.734516362520445e-09,8.566188397582979e-09,0.09395822528388681,
taubin,"grid:amplitude_x_quadrature:amplitude_ratio=1.0,quadrature_error_rad=0.15",50,0,0,0.0,0.0,0.0,,4.630014920198168e-09,4.6297185597480964e-09,2.16938462525921e-12,4.626517433713046e-09,4.633346049071305e-09,7.57461371239518e-09,0.09194450606387926,
fitzgibbon,"grid:amplitude_x_quadrature:amplitude_ratio=1.0,quadrature_error_rad=0.2",50,0,0,0.0,0.0,0.0,,1.850617188628163e-11,1.8606358318303005e-11,1.9032957105310724e-12,1.5543982021121324e-11,2.145905810027954e-11,5.1649671487727365e-11,0.0003675022354235925,
halir_flusser,"grid:amplitude_x_quadrature:amplitude_ratio=1.0,quadrature_error_rad=0.2",50,0,0,0.0,0.0,0.0,,1.8506171886272352e-11,1.8606358318341627e-11,1.9032957105284285e-12,1.5543982021133592e-11,2.145905810029269e-11,5.1649671487734067e-11,0.0003675022354234083,
heydemann,"grid:amplitude_x_quadrature:amplitude_ratio=1.0,quadrature_error_rad=0.2",50,0,0,0.0,0.0,0.0,,1.747367796681546e-11,1.7500098747617098e-11,1.748595174845003e-12,1.468979229604857e-11,2.0162050752959482e-11,4.937784437379561e-11,0.00034699859880999546,
kasa,"grid:amplitude_x_quadrature:amplitude_ratio=1.0,quadrature_error_rad=0.2",50,0,0,0.0,0.0,0.0,,6.176694284085362e-09,6.176693891509773e-09,2.423035949565287e-12,6.172559277383817e-09,6.180082288197251e-09,1.0090584784658024e-08,0.12265902266973853,
koning_wimmer_witkovsky,"grid:amplitude_x_quadrature:amplitude_ratio=1.0,quadrature_error_rad=0.2",50,0,0,0.0,0.0,0.0,1.0,1.847874832263121e-11,1.852687769726872e-11,1.9018327105884023e-12,1.5511608253070006e-11,2.144625667355377e-11,5.180455025324547e-11,0.00036695764840652926,
raw_atan2,"grid:amplitude_x_quadrature:amplitude_ratio=1.0,quadrature_error_rad=0.2",50,0,0,0.0,0.0,0.0,,6.251567127798255e-09,6.251701264751559e-09,2.4305495284706456e-12,6.2471909507693815e-09,6.255359147459231e-09,1.1079245676899416e-08,0.12414587460249331,
taubin,"grid:amplitude_x_quadrature:amplitude_ratio=1.0,quadrature_error_rad=0.2",50,0,0,0.0,0.0,0.0,,6.176694375372953e-09,6.1766940257403e-09,2.423033602954946e-12,6.172559447185372e-09,6.180082397164854e-09,1.0090636180690412e-08,0.12265902448256043,
fitzgibbon,"grid:amplitude_x_quadrature:amplitude_ratio=1.0,quadrature_error_rad=0.25",50,0,0,0.0,0.0,0.0,,1.9597404422050415e-11,1.9502876674033095e-11,2.282877339925318e-12,1.6247421102740094e-11,2.3478424082826604e-11,5.308921705904812e-11,0.00038917232466334826,
halir_flusser,"grid:amplitude_x_quadrature:amplitude_ratio=1.0,quadrature_error_rad=0.25",50,0,0,0.0,0.0,0.0,,1.9597404422059915e-11,1.9502876674007743e-11,2.2828773399404814e-12,1.6247421102803166e-11,2.3478424082878936e-11,5.308921705907049e-11,0.00038917232466353696,
heydemann,"grid:amplitude_x_quadrature:amplitude_ratio=1.0,quadrature_error_rad=0.25",50,0,0,0.0,0.0,0.0,,1.8527159713132143e-11,1.848855353565226e-11,1.8317148180032213e-12,1.577173543780414e-11,2.1628518137261276e-11,5.041487376309532e-11,0.00036791901925828515,
kasa,"grid:amplitude_x_quadrature:amplitude_ratio=1.0,quadrature_error_rad=0.25",50,0,0,0.0,0.0,0.0,,7.727697109210281e-09,7.727732110617499e-09,2.5280250312626277e-12,7.723474191647754e-09,7.731513242777951e-09,1.2645101550703383e-08,0.15345939612807905,
koning_wimmer_witkovsky,"grid:amplitude_x_quadrature:amplitude_ratio=1.0,quadrature_error_rad=0.25",50,0,0,0.0,0.0,0.0,1.0,1.95339722996023e-11,1.9450310488198514e-11,2.2511876086265794e-12,1.6194983084327792e-11,2.317859717330144e-11,5.289166956628663e-11,0.000387912666699476,
raw_atan2,"grid:amplitude_x_quadrature:amplitude_ratio=1.0,quadrature_error_rad=0.25",50,0,0,0.0,0.0,0.0,,7.786684868388755e-09,7.786512681794361e-09,2.5012591234531974e-12,7.782277225926129e-09,7.7909014138335e-09,1.3599825050546233e-08,0.15463079632331805,
taubin,"grid:amplitude_x_quadrature:amplitude_ratio=1.0,quadrature_error_rad=0.25",50,0,0,0.0,0.0,0.0,,7.727697230431706e-09,7.727732168700057e-09,2.5280310274062477e-12,7.7234744035432e-09,7.73151335412767e-09,1.2645169517763202e-08,0.15345939853533777,
fitzgibbon,"grid:amplitude_x_quadrature:amplitude_ratio=1.0,quadrature_error_rad=0.3",50,0,0,0.0,0.0,0.0,,1.9938043539481766e-11,1.9880340417508405e-11,1.9739807067964997e-12,1.7250733849377987e-11,2.3315090060951113e-11,5.5027983598067805e-11,0.00039593685910612733,
halir_flusser,"grid:amplitude_x_quadrature:amplitude_ratio=1.0,quadrature_error_rad=0.3",50,0,0,0.0,0.0,0.0,,1.9938043539480723e-11,1.9880340417528806e-11,1.9739807067884876e-12,1.7250733849380614e-11,2.3315090060969676e-11,5.5027983598053484e-11,0.0003959368591061066,
heydemann,"grid:amplitude_x_quadrature:amplitude_ratio=1.0,quadrature_error_rad=0.3",50,0,0,0.0,0.0,0.0,,1.887471109322566e-11,1.856954592314824e-11,1.960252564499296e-12,1.6199841253400103e-11,2.2191603590415434e-11,5.335008184903617e-11,0.00037482081990586287,
kasa,"grid:amplitude_x_quadrature:amplitude_ratio=1.0,quadrature_error_rad=0.3",50,0,0,0.0,0.0,0.0,,9.283638413932917e-09,9.283740184929953e-09,2.3592710559111685e-12,9.279434352827e-09,9.286812883792477e-09,1.5199504260402467e-08,0.18435783969529487,
koning_wimmer_witkovsky,"grid:amplitude_x_quadrature:amplitude_ratio=1.0,quadrature_error_rad=0.3",50,0,0,0.0,0.0,0.0,1.0,1.9882122558803728e-11,1.9820294909493747e-11,1.9950031902047292e-12,1.715429158895874e-11,2.3184498888703376e-11,5.477611424901572e-11,0.00039482636010435945,
raw_atan2,"grid:amplitude_x_quadrature:amplitude_ratio=1.0,quadrature_error_rad=0.3",50,0,0,0.0,0.0,0.0,,9.332095421085085e-09,9.33225501967447e-09,2.38632732788167e-12,9.328099541646801e-09,9.335307964093307e-09,1.6127512968839336e-08,0.18532011641896237,
taubin,"grid:amplitude_x_quadrature:amplitude_ratio=1.0,quadrature_error_rad=0.3",50,0,0,0.0,0.0,0.0,,9.283638567959738e-09,9.283740218756902e-09,2.3592568061047585e-12,9.27943471678594e-09,9.286812995360283e-09,1.519960892916544e-08,0.184357842754015,
fitzgibbon,"grid:amplitude_x_quadrature:amplitude_ratio=1.0,quadrature_error_rad=0.4",50,0,0,0.0,0.0,0.0,,2.0152952830213132e-11,1.9959608613419566e-11,2.221075580329178e-12,1.702324769019276e-11,2.4330796765254478e-11,5.762846904148443e-11,0.0004002046053068217,
halir_flusser,"grid:amplitude_x_quadrature:amplitude_ratio=1.0,quadrature_error_rad=0.4",50,0,0,0.0,0.0,0.0,,2.015295283021596e-11,1.995960861339313e-11,2.2210755803061285e-12,1.7023247690206266e-11,2.433079676524854e-11,5.7628469041527815e-11,0.00040020460530687795,
heydemann,"grid:amplitude_x_quadrature:amplitude_ratio=1.0,quadrature_error_rad=0.4",50,0,0,0.0,0.0,0.0,,1.8894781285901805e-11,1.8631511385092636e-11,1.967185826694924e-12,1.63271891323334e-11,2.177083157544669e-11,5.38212437569183e-11,0.00037521938103018336,
kasa,"grid:amplitude_x_quadrature:amplitude_ratio=1.0,quadrature_error_rad=0.4",50,0,0,0.0,0.0,0.0,,1.2413149019409503e-08,1.2412841292080392e-08,1.8703316440146535e-12,1.241029034538386e-08,1.241585183048208e-08,2.036312630370381e-08,0.24650478993231498,
koning_wimmer_witkovsky,"grid:amplitude_x_quadrature:amplitude_ratio=1.0,quadrature_error_rad=0.4",50,0,0,0.0,0.0,0.0,1.0,1.999137454841478e-11,1.9618953574872634e-11,2.2260672253379276e-12,1.7039399233270263e-11,2.4004831215799442e-11,5.697048859910084e-11,0.00039699592551492943,
raw_atan2,"grid:amplitude_x_quadrature:amplitude_ratio=1.0,quadrature_error_rad=0.4",50,0,0,0.0,0.0,0.0,,1.2448439942897666e-08,1.2448266857014958e-08,1.8499638036580028e-12,1.244552422801973e-08,1.2451069422092556e-08,2.128177289611713e-08,0.2472056098183379,
taubin,"grid:amplitude_x_quadrature:amplitude_ratio=1.0,quadrature_error_rad=0.4",50,0,0,0.0,0.0,0.0,,1.2413149423997777e-08,1.2412841397531408e-08,1.870365517936228e-12,1.241029053077493e-08,1.2415852131075124e-08,2.0363392081643608e-08,0.24650479796677488,
fitzgibbon,"grid:amplitude_x_quadrature:amplitude_ratio=1.0,quadrature_error_rad=0.5",50,0,0,0.0,0.0,0.0,,2.115545927765503e-11,2.1340951909999232e-11,2.174425267895035e-12,1.7768026117316805e-11,2.50376926526849e-11,6.45907292827094e-11,0.0004201127398862141,
halir_flusser,"grid:amplitude_x_quadrature:amplitude_ratio=1.0,quadrature_error_rad=0.5",50,0,0,0.0,0.0,0.0,,2.115545927763305e-11,2.1340951910032025e-11,2.174425267896152e-12,1.776802611734293e-11,2.503769265281383e-11,6.459072928264588e-11,0.0004201127398857775,
heydemann,"grid:amplitude_x_quadrature:amplitude_ratio=1.0,quadrature_error_rad=0.5",50,0,0,0.0,0.0,0.0,,2.0008719073449623e-11,2.003843629012512e-11,1.9301145683261957e-12,1.7063954107007634e-11,2.2662881052610343e-11,6.089962179065091e-11,0.0003973403593482384,
kasa,"grid:amplitude_x_quadrature:amplitude_ratio=1.0,quadrature_error_rad=0.5",50,0,0,0.0,0.0,0.0,,1.557373755732486e-08,1.5573440456182195e-08,2.5325952331126655e-12,1.557024108460112e-08,1.5577735898420637e-08,2.5558947224206773e-08,0.30926889695971693,
koning_wimmer_witkovsky,"grid:amplitude_x_quadrature:amplitude_ratio=1.0,quadrature_error_rad=0.5",50,0,0,0.0,0.0,0.0,1.0,2.1013750697649774e-11,2.114989876859285e-11,2.1125239518263783e-12,1.7717227346457158e-11,2.4348537911737923e-11,6.412174083507311e-11,0.00041729863979838135,
raw_atan2,"grid:amplitude_x_quadrature:amplitude_ratio=1.0,quadrature_error_rad=0.5",50,0,0,0.0,0.0,0.0,,1.560136255122716e-08,1.5601081229866158e-08,2.5088147491323986e-12,1.5598020425936832e-08,1.5605215725600043e-08,2.65224372051114e-08,0.3098174840513664,
taubin,"grid:amplitude_x_quadrature:amplitude_ratio=1.0,quadrature_error_rad=0.5",50,0,0,0.0,0.0,0.0,,1.5573737997343172e-08,1.557344057537053e-08,2.5325399935906193e-12,1.5570241590998717e-08,1.557773620316463e-08,2.5559533364351055e-08,0.30926890569775933,
fitzgibbon,"grid:amplitude_x_quadrature:amplitude_ratio=1.02,quadrature_error_rad=0.0",50,0,0,0.0,0.0,0.0,,1.882390720931553e-11,1.895998467020308e-11,2.338799655830536e-12,1.5114453627248705e-11,2.1759611178787764e-11,4.94058895171617e-11,0.00037381193805715305,
halir_flusser,"grid:amplitude_x_quadrature:amplitude_ratio=1.02,quadrature_error_rad=0.0",50,0,0,0.0,0.0,0.0,,1.8823907209306024e-11,1.895998467019888e-11,2.3387996558225242e-12,1.5114453627304045e-11,2.1759611178851793e-11,4.9405889517169765e-11,0.0003738119380569641,
heydemann,"grid:amplitude_x_quadrature:amplitude_ratio=1.02,quadrature_error_rad=0.0",50,0,0,0.0,0.0,0.0,,1.7708935351644277e-11,1.781521013023869e-11,2.1433869187353913e-12,1.421090329281035e-11,2.0296777847279235e-11,4.6511742393409794e-11,0.0003516704248016577,
kasa,"grid:amplitude_x_quadrature:amplitude_ratio=1.02,quadrature_error_rad=0.0",50,0,0,0.0,0.0,0.0,,3.534932249859049e-10,3.5375760441789026e-10,2.469429651537772e-12,3.504531255367625e-10,3.5771572916711813e-10,5.227088388688932e-10,0.007019795946330484,
koning_wimmer_witkovsky,"grid:amplitude_x_quadrature:amplitude_ratio=1.02,quadrature_error_rad=0.0",50,0,0,0.0,0.0,0.0,1.0,1.882268458620979e-11,1.895710351714694e-11,2.3368379909024354e-12,1.5113341635401802e-11,2.1745217699492885e-11,4.941091105451779e-11,0.0003737876587665898,
raw_atan2,"grid:amplitude_x_quadrature:amplitude_ratio=1.02,quadrature_error_rad=0.0",50,0,0,0.0,0.0,0.0,,1.0580350629834342e-09,1.0581386127675048e-09,2.578535575270055e-12,1.0540983083055543e-09,1.0624884202326341e-09,1.916690734911255e-09,0.02101084185277605,
taubin,"grid:amplitude_x_quadrature:amplitude_ratio=1.02,quadrature_error_rad=0.0",50,0,0,0.0,0.0,0.0,,3.534932429843561e-10,3.5375761067717175e-10,2.4694352694874217e-12,3.504531545640532e-10,3.5771576242469293e-10,5.227094635278055e-10,0.0070197963037502194,
fitzgibbon,"grid:amplitude_x_quadrature:amplitude_ratio=1.02,quadrature_error_rad=0.02",50,0,0,0.0,0.0,0.0,,1.8666441543220306e-11,1.878305226935838e-11,2.1291771635867784e-12,1.5727968168898665e-11,2.184386222100448e-11,4.973337372759179e-11,0.000370684928071076,
halir_flusser,"grid:amplitude_x_quadrature:amplitude_ratio=1.02,quadrature_error_rad=0.02",50,0,0,0.0,0.0,0.0,,1.86664415432078e-11,1.8783052269292264e-11,2.1291771635832992e-12,1.572796816901614e-11,2.184386222103729e-11,4.973337372755556e-11,0.00037068492807082785,
heydemann,"grid:amplitude_x_quadrature:amplitude_ratio=1.02,quadrature_error_rad=0.02",50,0,0,0.0,0.0,0.0,,1.7741973555753857e-11,1.805260351913027e-11,2.0569902998281006e-12,1.5073127332807827e-11,2.08974650374633e-11,4.7602840710523964e-11,0.0003523265093738351,
kasa,"grid:amplitude_x_quadrature:amplitude_ratio=1.02,quadrature_error_rad=0.02",50,0,0,0.0,0.0,0.0,,7.142066170666834e-10,7.146106950451847e-10,2.206010359355064e-12,7.106306143450192e-10,7.173800229292332e-10,1.2357303339551966e-09,0.014182972574727629,
koning_wimmer_witkovsky,"grid:amplitude_x_quadrature:amplitude_ratio=1.02,quadrature_error_rad=0.02",50,0,0,0.0,0.0,0.0,1.0,1.8667201468918862e-11,1.8805983913413386e-11,2.128970279170467e-12,1.572605415699806e-11,2.1850047254924317e-11,4.973532840869661e-11,0.0003707000189496592,
raw_atan2,"grid:amplitude_x_quadrature:amplitude_ratio=1.02,quadrature_error_rad=0.02",50,0,0,0.0,0.0,0.0,,1.2225228777185267e-09,1.2224693089892207e-09,1.9217159775002e-12,1.2197154556154515e-09,1.2259631389034045e-09,1.9980158386584844e-09,0.024277300199026405,
taubin,"grid:amplitude_x_quadrature:amplitude_ratio=1.02,quadrature_error_rad=0.02",50,0,0,0.0,0.0,0.0,,7.142066318467729e-10,7.146107010741945e-10,2.2060103637642923e-12,7.1063063964026e-10,7.173800376548667e-10,1.2357318421700963e-09,0.014182972868235978,
fitzgibbon,"grid:amplitude_x_quadrature:amplitude_ratio=1.02,quadrature_error_rad=0.05",50,0,0,0.0,0.0,0.0,,1.8319408831852437e-11,1.8361853759801225e-11,2.0976652152454447e-12,1.4922901113927052e-11,2.1378424638548617e-11,4.871034338806494e-11,0.0003637934273341062,
halir_flusser,"grid:amplitude_x_quadrature:amplitude_ratio=1.02,quadrature_error_rad=0.05",50,0,0,0.0,0.0,0.0,,1.831940883185568e-11,1.836185375982376e-11,2.0976652152484663e-12,1.492290111392439e-11,2.1378424638632453e-11,4.871034338810832e-11,0.00036379342733417044,
heydemann,"grid:amplitude_x_quadrature:amplitude_ratio=1.02,quadrature_error_rad=0.05",50,0,0,0.0,0.0,0.0,,1.7229539241311397e-11,1.7264296562049612e-11,1.9378335226940467e-12,1.3912526895729158e-11,2.036780321891467e-11,4.6279300677037364e-11,0.0003421504039522183,
kasa,"grid:amplitude_x_quadrature:amplitude_ratio=1.02,quadrature_error_rad=0.05",50,0,0,0.0,0.0,0.0,,1.5924112496023516e-09,1.592284985752418e-09,2.400151696256172e-12,1.5887952943721862e-09,1.596075941624562e-09,2.634085202605455e-09,0.03162267688523698,
koning_wimmer_witkovsky,"grid:amplitude_x_quadrature:amplitude_ratio=1.02,quadrature_error_rad=0.05",50,0,0,0.0,0.0,0.0,1.0,1.8316292043240834e-11,1.8362252856858977e-11,2.0908686583553057e-12,1.4933954511691883e-11,2.1400814288274615e-11,4.8720103501641513e-11,0.0003637315330218115,
raw_atan2,"grid:amplitude_x_quadrature:amplitude_ratio=1.02,quadrature_error_rad=0.05",50,0,0,0.0,0.0,0.0,,1.8723548486282743e-09,1.8720468003280393e-09,2.0532285225465577e-12,1.8697010754911205e-09,1.8759316056306807e-09,3.5082005549406416e-09,0.03718189783415813,
taubin,"grid:amplitude_x_quadrature:amplitude_ratio=1.02,quadrature_error_rad=0.05",50,0,0,0.0,0.0,0.0,,1.592411281456856e-09,1.5922850165771422e-09,2.400162424846251e-12,1.5887953214447576e-09,1.5960760170502795e-09,2.6340876474162807e-09,0.031622677517815216,
fitzgibbon,"grid:amplitude_x_quadrature:amplitude_ratio=1.02,quadrature_error_rad=0.1",50,0,0,0.0,0.0,0.0,,1.8941850545844485e-11,1.8875678819803758e-11,1.6604570514432624e-12,1.593578374099343e-11,2.1677975729429187e-11,5.1304311480379254e-11,0.0003761540993692847,
halir_flusser,"grid:amplitude_x_quadrature:amplitude_ratio=1.02,quadrature_error_rad=0.1",50,0,0,0.0,0.0,0.0,,1.894185054584531e-11,1.887567881977292e-11,1.660457051464233e-12,1.59357837409812e-11,2.1677975729476246e-11,5.13043114804119e-11,0.0003761540993693011,
heydemann,"grid:amplitude_x_quadrature:amplitude_ratio=1.02,quadrature_error_rad=0.1",50,0,0,0.0,0.0,0.0,,1.7727387619812146e-11,1.7887198163631486e-11,1.4813711810585873e-12,1.564116120571276e-11,2.0064803168232155e-11,4.8143172729273225e-11,0.0003520368565976011,
kasa,"grid:amplitude_x_quadrature:amplitude_ratio=1.02,quadrature_error_rad=0.1",50,0,0,0.0,0.0,0.0,,3.1247975288077124e-09,3.1243565622941413e-09,2.607233276824119e-12,3.121009682571672e-09,3.1292292369119754e-09,5.119243371206636e-09,0.06205335626079551,
koning_wimmer_witkovsky,"grid:amplitude_x_quadrature:amplitude_ratio=1.02,quadrature_error_rad=0.1",50,0,0,0.0,0.0,0.0,1.0,1.8939634035236266e-11,1.8913929204467172e-11,1.681652626134953e-12,1.5924801887238356e-11,2.1642997475062534e-11,5.135379512990884e-11,0.0003761100831022596,
raw_atan2,"grid:amplitude_x_quadrature:amplitude_ratio=1.02,quadrature_error_rad=0.1",50,0,0,0.0,0.0,0.0,,3.2731154550555238e-09,3.272423245347476e-09,2.660856012921901e-12,3.269617771792506e-09,3.2776380658760494e-09,6.025925910795098e-09,0.06499870712992191,
taubin,"grid:amplitude_x_quadrature:amplitude_ratio=1.02,quadrature_error_rad=0.1",50,0,0,0.0,0.0,0.0,,3.1247975806954845e-09,3.124356601097855e-09,2.60723193472301e-12,3.1210098263322704e-09,3.1292293359195796e-09,5.119245555325002e-09,0.062053357291201594,
fitzgibbon,"grid:amplitude_x_quadrature:amplitude_ratio=1.02,quadrature_error_rad=0.15",50,0,0,0.0,0.0,0.0,,1.8370394048618398e-11,1.8350935603777137e-11,1.9399854003357423e-12,1.587654783702868e-11,2.1906189118034944e-11,4.924700870270214e-11,0.0003648059101560633,
halir_flusser,"grid:amplitude_x_quadrature:amplitude_ratio=1.02,quadrature_error_rad=0.15",50,0,0,0.0,0.0,0.0,,1.8370394048624234e-11,1.835093560379132e-11,1.9399854003259656e-12,1.5876547837048963e-11,2.190618911800419e-11,4.9247008702686036e-11,0.00036480591015617916,
heydemann,"grid:amplitude_x_quadrature:amplitude_ratio=1.02,quadrature_error_rad=0.15",50,0,0,0.0,0.0,0.0,,1.724793675419613e-11,1.70678372246315e-11,1.7183462659360017e-12,1.4840585233767224e-11,2.0552037582936453e-11,4.612991853738751e-11,0.00034251574839800215,
kasa,"grid:amplitude_x_quadrature:amplitude_ratio=1.02,quadrature_error_rad=0.15",50,0,0,0.0,0.0,0.0,,4.673111274294385e-09,4.6730750868460885e-09,2.5435001530945367e-12,4.669316170705045e-09,4.676963483678394e-09,7.631847547643728e-09,0.09280032900588417,
koning_wimmer_witkovsky,"grid:amplitude_x_quadrature:amplitude_ratio=1.02,quadrature_error_rad=0.15",50,0,0,0.0,0.0,0.0,1.0,1.834537758085341e-11,1.823413174058764e-11,1.9312437956078296e-12,1.581125681409875e-11,2.1862905637669798e-11,4.9155676699647185e-11,0.0003643091241171933,
raw_atan2,"grid:amplitude_x_quadrature:amplitude_ratio=1.02,quadrature_error_rad=0.15",50,0,0,0.0,0.0,0.0,,4.7715497960206476e-09,4.7715526336671055e-09,2.5562862672988205e-12,4.767954352029509e-09,4.775466504964329e-09,8.550770568120647e-09,0.09475515667140545,
taubin,"grid:amplitude_x_quadrature:amplitude_ratio=1.02,quadrature_error_rad=0.15",50,0,0,0.0,0.0,0.0,,4.67311134823502e-09,4.673075149479587e-09,2.5434815710856255e-12,4.6693162065154736e-09,4.676963528128706e-09,7.631880994490253e-09,0.09280033047422397,
fitzgibbon,"grid:amplitude_x_quadrature:amplitude_ratio=1.02,quadrature_error_rad=0.2",50,0,0,0.0,0.0,0.0,,1.8649696854386002e-11,1.8590829425159087e-11,1.6969278306132784e-12,1.5866923022125046e-11,2.1690067518878806e-11,5.3309864124856516e-11,0.00037035240600136367,
halir_flusser,"grid:amplitude_x_quadrature:amplitude_ratio=1.02,quadrature_error_rad=0.2",50,0,0,0.0,0.0,0.0,,1.8649696854370528e-11,1.859082942517142e-11,1.6969278306016773e-12,1.5866923022168715e-11,2.169006751888114e-11,5.330986412474829e-11,0.0003703524060010564,
heydemann,"grid:amplitude_x_quadrature:amplitude_ratio=1.02,quadrature_error_rad=0.2",50,0,0,0.0,0.0,0.0,,1.767875965116223e-11,1.7765989929437228e-11,1.5186496199405996e-12,1.4963696698579247e-11,2.0136963107802332e-11,5.124957767648145e-11,0.0003510711848588554,
kasa,"grid:amplitude_x_quadrature:amplitude_ratio=1.02,quadrature_error_rad=0.2",50,0,0,0.0,0.0,0.0,,6.22794861183912e-09,6.227940369139106e-09,2.323019839094132e-12,6.224232433281743e-09,6.231457508999693e-09,1.018287187308928e-08,0.12367684959474419,
koning_wimmer_witkovsky,"grid:amplitude_x_quadrature:amplitude_ratio=1.02,quadrature_error_rad=0.2",50,0,0,0.0,0.0,0.0,1.0,1.8645857022140547e-11,1.8673086967515206e-11,1.7052877505129192e-12,1.5881708913662438e-11,2.1673095201942228e-11,5.3429309054218314e-11,0.00037027615322782805,
raw_atan2,"grid:amplitude_x_quadrature:amplitude_ratio=1.02,quadrature_error_rad=0.2",50,0,0,0.0,0.0,0.0,,6.300870109667944e-09,6.300784675968082e-09,2.187457877310137e-12,6.297497098287721e-09,6.304195726196918e-09,1.1077580926074753e-08,0.12512495099719548,
taubin,"grid:amplitude_x_quadrature:amplitude_ratio=1.02,quadrature_error_rad=0.2",50,0,0,0.0,0.0,0.0,,6.227948706587433e-09,6.2279404348879425e-09,2.3230145049083536e-12,6.224232538254258e-09,6.23145752356794e-09,1.0182915137561205e-08,0.12367685147629036,
fitzgibbon,"grid:amplitude_x_quadrature:amplitude_ratio=1.02,quadrature_error_rad=0.25",50,0,0,0.0,0.0,0.0,,1.881076861381382e-11,1.8734532859607988e-11,2.460562855331241e-12,1.4450264219655966e-11,2.257946550348043e-11,5.313049319565082e-11,0.0003735510270893486,
halir_flusser,"grid:amplitude_x_quadrature:amplitude_ratio=1.02,quadrature_error_rad=0.25",50,0,0,0.0,0.0,0.0,,1.881076861381347e-11,1.87345328595893e-11,2.4605628553280026e-12,1.4450264219756146e-11,2.2579465503473706e-11,5.313049319569421e-11,0.00037355102708934174,
heydemann,"grid:amplitude_x_quadrature:amplitude_ratio=1.02,quadrature_error_rad=0.25",50,0,0,0.0,0.0,0.0,,1.7809066280872403e-11,1.7879860878312482e-11,2.1660331868066534e-12,1.3973361249239843e-11,2.079603661862044e-11,5.041761418408737e-11,0.00035365886090570433,
kasa,"grid:amplitude_x_quadrature:amplitude_ratio=1.02,quadrature_error_rad=0.25",50,0,0,0.0,0.0,0.0,,7.78659149476209e-09,7.786552314479661e-09,2.513724861800753e-12,7.783069894918947e-09,7.790134623438873e-09,1.2708436386101027e-08,0.15462894207616532,
koning_wimmer_witkovsky,"grid:amplitude_x_quadrature:amplitude_ratio=1.02,quadrature_error_rad=0.25",50,0,0,0.0,0.0,0.0,1.0,1.8786687591600806e-11,1.8738642118755968e-11,2.4434643920730905e-12,1.443148199136557e-11,2.272934774112653e-11,5.316256072398644e-11,0.00037307281746561073,
raw_atan2,"grid:amplitude_x_quadrature:amplitude_ratio=1.02,quadrature_error_rad=0.25",50,0,0,0.0,0.0,0.0,,7.843972963454e-09,7.844029661237306e-09,2.400449523504257e-12,7.840607098669191e-09,7.847266514363768e-09,1.363682300075859e-08,0.15576844397562606,
taubin,"grid:amplitude_x_quadrature:amplitude_ratio=1.02,quadrature_error_rad=0.25",50,0,0,0.0,0.0,0.0,,7.786591607209168e-09,7.786552374906639e-09,2.513724214253352e-12,7.783069938466183e-09,7.790134672243576e-09,1.2708542334326723e-08,0.15462894430917992,
fitzgibbon,"grid:amplitude_x_quadrature:amplitude_ratio=1.02,quadrature_error_rad=0.3",50,0,0,0.0,0.0,0.0,,1.897188747987589e-11,1.8682938856400635e-11,2.3325214656932426e-12,1.536570156406716e-11,2.2953663097047958e-11,5.425217477683019e-11,0.00037675058363786517,
halir_flusser,"grid:amplitude_x_quadrature:amplitude_ratio=1.02,quadrature_error_rad=0.3",50,0,0,0.0,0.0,0.0,,1.8971887479888626e-11,1.8682938856407253e-11,2.3325214656933347e-12,1.5365701564055116e-11,2.2953663097058397e-11,5.4252174776854784e-11,0.0003767505836381181,
heydemann,"grid:amplitude_x_quadrature:amplitude_ratio=1.02,quadrature_error_rad=0.3",50,0,0,0.0,0.0,0.0,,1.788473967606519e-11,1.779711664355403e-11,2.1459982453279217e-12,1.4776451732437606e-11,2.1335587026938542e-11,5.1353121372744684e-11,0.0003551616104784596,
kasa,"grid:amplitude_x_quadrature:amplitude_ratio=1.02,quadrature_error_rad=0.3",50,0,0,0.0,0.0,0.0,,9.351828061214004e-09,9.351628166898292e-09,2.1384358975336313e-12,9.348562642230973e-09,9.355696896945175e-09,1.5292743237055125e-08,0.18571197430306444,
koning_wimmer_witkovsky,"grid:amplitude_x_quadrature:amplitude_ratio=1.02,quadrature_error_rad=0.3",50,0,0,0.0,0.0,0.0,1.0,1.8942558058503475e-11,1.8613064847905156e-11,2.3027547441598173e-12,1.5252283705222003e-11,2.3109755169942094e-11,5.431727901425263e-11,0.00037616814941082585,
raw_atan2,"grid:amplitude_x_quadrature:amplitude_ratio=1.02,quadrature_error_rad=0.3",50,0,0,0.0,0.0,0.0,,9.398957267562041e-09,9.398758075190556e-09,2.1260311358781236e-12,9.395694938860886e-09,9.402672092568114e-09,1.618182843072247e-08,0.18664788307950253,
taubin,"grid:amplitude_x_quadrature:amplitude_ratio=1.02,quadrature_error_rad=0.3",50,0,0,0.0,0.0,0.0,,9.351828271853327e-09,9.351628356500514e-09,2.1384266928450177e-12,9.348562881382384e-09,9.355696984819908e-09,1.529295982104069e-08,0.18571197848601606,
fitzgibbon,"grid:amplitude_x_quadrature:amplitude_ratio=1.02,quadrature_error_rad=0.4",50,0,0,0.0,0.0,0.0,,1.9821282452086483e-11,1.986161102108978e-11,2.169334907203396e-12,1.6246751352180467e-11,2.3731454868055986e-11,5.919191497282734e-11,0.00039361817532366096,
halir_flusser,"grid:amplitude_x_quadrature:amplitude_ratio=1.02,quadrature_error_rad=0.4",50,0,0,0.0,0.0,0.0,,1.9821282452075145e-11,1.9861611021075834e-11,2.169334907197865e-12,1.6246751352191915e-11,2.3731454868003712e-11,5.919191497276742e-11,0.00039361817532343577,
heydemann,"grid:amplitude_x_quadrature:amplitude_ratio=1.02,quadrature_error_rad=0.4",50,0,0,0.0,0.0,0.0,,1.8684843038484608e-11,1.8512751542779834e-11,1.9405507677425834e-12,1.5527860445651063e-11,2.1711179301885465e-11,5.603450448879446e-11,0.0003710503516003896,
kasa,"grid:amplitude_x_quadrature:amplitude_ratio=1.02,quadrature_error_rad=0.4",50,0,0,0.0,0.0,0.0,,1.2499940605986962e-08,1.2500157737038327e-08,2.3255128513475546e-12,1.2496147225739282e-08,1.2503877836498507e-08,2.0450575459443776e-08,0.2482283285592755,
koning_wimmer_witkovsky,"grid:amplitude_x_quadrature:amplitude_ratio=1.02,quadrature_error_rad=0.4",50,0,0,0.0,0.0,0.0,1.0,1.9714406062948683e-11,1.9695064527127244e-11,2.149991180091585e-12,1.6280151829522165e-11,2.3653509256246333e-11,5.934575388946199e-11,0.0003914957854440307,
raw_atan2,"grid:amplitude_x_quadrature:amplitude_ratio=1.02,quadrature_error_rad=0.4",50,0,0,0.0,0.0,0.0,,1.2534352197804482e-08,1.2534561415200822e-08,2.3037052037875612e-12,1.2530553812426465e-08,1.2538241498977213e-08,2.1370753184892255e-08,0.24891168635985864,
taubin,"grid:amplitude_x_quadrature:amplitude_ratio=1.02,quadrature_error_rad=0.4",50,0,0,0.0,0.0,0.0,,1.2499940824629396e-08,1.2500157877343958e-08,2.3255907499082637e-12,1.2496147293260987e-08,1.2503878248338832e-08,2.0450795469367995e-08,0.24822833290115578,
fitzgibbon,"grid:amplitude_x_quadrature:amplitude_ratio=1.02,quadrature_error_rad=0.5",50,0,0,0.0,0.0,0.0,,2.0902763865040943e-11,2.1120110295253705e-11,2.4115810258468632e-12,1.740897545513464e-11,2.5178528687155877e-11,6.192560380960725e-11,0.00041509462324990407,
halir_flusser,"grid:amplitude_x_quadrature:amplitude_ratio=1.02,quadrature_error_rad=0.5",50,0,0,0.0,0.0,0.0,,2.0902763865033204e-11,2.112011029533367e-11,2.411581025855297e-12,1.740897545500686e-11,2.5178528687126893e-11,6.192560380960233e-11,0.0004150946232497503,
heydemann,"grid:amplitude_x_quadrature:amplitude_ratio=1.02,quadrature_error_rad=0.5",50,0,0,0.0,0.0,0.0,,1.96584231094675e-11,1.953841803238276e-11,2.2276059304447214e-12,1.6019720772380223e-11,2.3569610885454986e-11,5.828496124853941e-11,0.0003903840557639882,
kasa,"grid:amplitude_x_quadrature:amplitude_ratio=1.02,quadrature_error_rad=0.5",50,0,0,0.0,0.0,0.0,,1.5681034770858938e-08,1.5681392337805546e-08,2.1733787900876543e-12,1.5677579861723054e-08,1.5684500775216545e-08,2.5683368712012614e-08,0.31139964372197565,
koning_wimmer_witkovsky,"grid:amplitude_x_quadrature:amplitude_ratio=1.02,quadrature_error_rad=0.5",50,0,0,0.0,0.0,0.0,1.0,2.0745109740690708e-11,2.098788241113468e-11,2.39617629565224e-12,1.715191577367973e-11,2.5026363173828307e-11,6.131240489951559e-11,0.0004119638707918331,
raw_atan2,"grid:amplitude_x_quadrature:amplitude_ratio=1.02,quadrature_error_rad=0.5",50,0,0,0.0,0.0,0.0,,1.570794852105726e-08,1.570828284438823e-08,2.1782988433272817e-12,1.570445515718432e-08,1.5711411058455805e-08,2.660762773940783e-08,0.31193410667964694,
taubin,"grid:amplitude_x_quadrature:amplitude_ratio=1.02,quadrature_error_rad=0.5",50,0,0,0.0,0.0,0.0,,1.568103547525981e-08,1.5681392959171215e-08,2.1734110463556703e-12,1.5677579922067948e-08,1.568450113190439e-08,2.568431558495522e-08,0.31139965771022216,
fitzgibbon,"grid:amplitude_x_quadrature:amplitude_ratio=1.05,quadrature_error_rad=0.0",50,0,0,0.0,0.0,0.0,,1.8380547554875086e-11,1.8404191498824733e-11,1.7233632197412714e-12,1.5849867654054114e-11,2.208678754113242e-11,4.98833603497697e-11,0.00036500754214509106,
halir_flusser,"grid:amplitude_x_quadrature:amplitude_ratio=1.05,quadrature_error_rad=0.0",50,0,0,0.0,0.0,0.0,,1.8380547554884618e-11,1.8404191498788932e-11,1.723363219740595e-12,1.5849867653963072e-11,2.2086787541110468e-11,4.9883360349740623e-11,0.0003650075421452803,
heydemann,"grid:amplitude_x_quadrature:amplitude_ratio=1.05,quadrature_error_rad=0.0",50,0,0,0.0,0.0,0.0,,1.7386204208112513e-11,1.711956799369725e-11,1.6344145172184374e-12,1.51819142666712e-11,2.1061828948422115e-11,4.7314473924354223e-11,0.00034526151336294696,
kasa,"grid:amplitude_x_quadrature:amplitude_ratio=1.05,quadrature_error_rad=0.0",50,0,0,0.0,0.0,0.0,,8.688466105230771e-10,8.688790153623188e-10,2.1367938905070564e-12,8.652362737653114e-10,8.724073142851572e-10,1.2501681260562504e-09,0.01725386933448604,
koning_wimmer_witkovsky,"grid:amplitude_x_quadrature:amplitude_ratio=1.05,quadrature_error_rad=0.0",50,0,0,0.0,0.0,0.0,1.0,1.8377535983930354e-11,1.8401827708733086e-11,1.7282214978693794e-12,1.5851675013677816e-11,2.2104476298793844e-11,4.9891160829933404e-11,0.000364947737283171,
raw_atan2,"grid:amplitude_x_quadrature:amplitude_ratio=1.05,quadrature_error_rad=0.0",50,0,0,0.0,0.0,0.0,,1.3118252324576246e-09,1.311765143830206e-09,1.990629934562042e-12,1.308673771933383e-09,1.3149004513440475e-09,2.623295823084686e-09,0.026050698565629565,
taubin,"grid:amplitude_x_quadrature:amplitude_ratio=1.05,quadrature_error_rad=0.0",50,0,0,0.0,0.0,0.0,,8.688466597900678e-10,8.688790270585211e-10,2.1367953649249948e-12,8.652363411673997e-10,8.724073687264067e-10,1.250171725020737e-09,0.017253870312847707,
fitzgibbon,"grid:amplitude_x_quadrature:amplitude_ratio=1.05,quadrature_error_rad=0.02",50,0,0,0.0,0.0,0.0,,1.798729937724348e-11,1.785183868855438e-11,1.610550121591955e-12,1.562521822465717e-11,2.0925578229593416e-11,4.750517013976498e-11,0.0003571982780118102,
halir_flusser,"grid:amplitude_x_quadrature:amplitude_ratio=1.05,quadrature_error_rad=0.02",50,0,0,0.0,0.0,0.0,,1.798729937724558e-11,1.78518386885075e-11,1.610550121588915e-12,1.5625218224595153e-11,2.0925578229617363e-11,4.750517013975514e-11,0.00035719827801185185,
heydemann,"grid:amplitude_x_quadrature:amplitude_ratio=1.05,quadrature_error_rad=0.02",50,0,0,0.0,0.0,0.0,,1.704780825494912e-11,1.6871020004068588e-11,1.530102466802454e-12,1.4923979420045095e-11,1.9767979011837387e-11,4.539776903560568e-11,0.00033854152448518064,
kasa,"grid:amplitude_x_quadrature:amplitude_ratio=1.05,quadrature_error_rad=0.02",50,0,0,0.0,0.0,0.0,,1.0716074392706438e-09,1.071261383305324e-09,2.232291797312241e-12,1.0684018346684283e-09,1.0752688735692853e-09,1.8551128966831727e-09,0.021280366995858568,
koning_wimmer_witkovsky,"grid:amplitude_x_quadrature:amplitude_ratio=1.05,quadrature_error_rad=0.02",50,0,0,0.0,0.0,0.0,1.0,1.79760010169761e-11,1.7863514080740437e-11,1.607995410022899e-12,1.5605478011735956e-11,2.0881107044079717e-11,4.747451684897564e-11,0.0003569739110989555,
raw_atan2,"grid:amplitude_x_quadrature:amplitude_ratio=1.05,quadrature_error_rad=0.02",50,0,0,0.0,0.0,0.0,,1.4510000101427915e-09,1.4505449859386875e-09,2.0748634582560354e-12,1.4478201299255163e-09,1.4542471646214328e-09,2.2607153376028777e-09,0.028814481493194113,
taubin,"grid:amplitude_x_quadrature:amplitude_ratio=1.05,quadrature_error_rad=0.02",50,0,0,0.0,0.0,0.0,,1.0716074799839747e-09,1.071261411128021e-09,2.2322925784876704e-12,1.0684018438939658e-09,1.0752688877849102e-09,1.855118232401603e-09,0.021280367804358574,
fitzgibbon,"grid:amplitude_x_quadrature:amplitude_ratio=1.05,quadrature_error_rad=0.05",50,0,0,0.0,0.0,0.0,,1.8556016459056895e-11,1.8509335544547838e-11,1.920720096547495e-12,1.596159130469439e-11,2.1711373921097978e-11,5.251757811407843e-11,0.00036849206692581807,
halir_flusser,"grid:amplitude_x_quadrature:amplitude_ratio=1.05,quadrature_error_rad=0.05",50,0,0,0.0,0.0,0.0,,1.8556016459040284e-11,1.8509335544581865e-11,1.9207200965365095e-12,1.5961591304736785e-11,2.1711373921055485e-11,5.251757811401626e-11,0.0003684920669254882,
heydemann,"grid:amplitude_x_quadrature:amplitude_ratio=1.05,quadrature_error_rad=0.05",50,0,0,0.0,0.0,0.0,,1.7554418723519625e-11,1.7648817766901096e-11,1.761167149161877e-12,1.506442724082052e-11,2.0606036598516704e-11,4.9445375825120985e-11,0.0003486019778751477,
kasa,"grid:amplitude_x_quadrature:amplitude_ratio=1.05,quadrature_error_rad=0.05",50,0,0,0.0,0.0,0.0,,1.792083062556554e-09,1.792015794110348e-09,2.1384895144532164e-12,1.7889942243165213e-09,1.7953689604662074e-09,3.0585518013657555e-09,0.03558783175695555,
koning_wimmer_witkovsky,"grid:amplitude_x_quadrature:amplitude_ratio=1.05,quadrature_error_rad=0.05",50,0,0,0.0,0.0,0.0,1.0,1.8555308664797233e-11,1.849419923808685e-11,1.9231775416703386e-12,1.5953167758472157e-11,2.1704591773797637e-11,5.252021899321159e-11,0.0003684780112921494,
raw_atan2,"grid:amplitude_x_quadrature:amplitude_ratio=1.05,quadrature_error_rad=0.05",50,0,0,0.0,0.0,0.0,,2.037988735224822e-09,2.0379481031920492e-09,1.870885380798527e-12,2.0349850739209957e-09,2.0411817407082098e-09,3.6694267789278353e-09,0.04047111528875509,
taubin,"grid:amplitude_x_quadrature:amplitude_ratio=1.05,quadrature_error_rad=0.05",50,0,0,0.0,0.0,0.0,,1.7920831220933924e-09,1.7920158480061997e-09,2.138488366225932e-12,1.7889943408371588e-09,1.7953689910037086e-09,3.058561202080226e-09,0.03558783293925956,
fitzgibbon,"grid:amplitude_x_quadrature:amplitude_ratio=1.05,quadrature_error_rad=0.1",50,0,0,0.0,0.0,0.0,,1.8190269894668855e-11,1.823960642830691e-11,1.722452757714384e-12,1.4965393832777615e-11,2.104182114197112e-11,4.8887715957377113e-11,0.0003612289397465693,
halir_flusser,"grid:amplitude_x_quadrature:amplitude_ratio=1.05,quadrature_error_rad=0.1",50,0,0,0.0,0.0,0.0,,1.819026989467843e-11,1.8239606428360552e-11,1.7224527577249557e-12,1.496539383281474e-11,2.1041821142050683e-11,4.888771595739456e-11,0.0003612289397467594,
heydemann,"grid:amplitude_x_quadrature:amplitude_ratio=1.05,quadrature_error_rad=0.1",50,0,0,0.0,0.0,0.0,,1.72119514417171e-11,1.7199998361228466e-11,1.5408303383857804e-12,1.455199859812626e-11,1.9662835323857206e-11,4.597380850153695e-11,0.00034180113908497284,
kasa,"grid:amplitude_x_quadrature:amplitude_ratio=1.05,quadrature_error_rad=0.1",50,0,0,0.0,0.0,0.0,,3.2538611940544534e-09,3.2536968358714655e-09,2.2466847425083142e-12,3.25019285648559e-09,3.257016181489426e-09,5.392966442897278e-09,0.06461634907106435,
koning_wimmer_witkovsky,"grid:amplitude_x_quadrature:amplitude_ratio=1.05,quadrature_error_rad=0.1",50,0,0,0.0,0.0,0.0,1.0,1.8176058293518e-11,1.823826119553319e-11,1.7133031465967764e-12,1.4946400828104464e-11,2.101482160945226e-11,4.8899098321610824e-11,0.000360946720645613,
raw_atan2,"grid:amplitude_x_quadrature:amplitude_ratio=1.05,quadrature_error_rad=0.1",50,0,0,0.0,0.0,0.0,,3.3927662690301185e-09,3.3927215519236225e-09,2.1161355062374937e-12,3.389356624022786e-09,3.395811988269981e-09,6.14111215899458e-09,0.06737477614495747,
taubin,"grid:amplitude_x_quadrature:amplitude_ratio=1.05,quadrature_error_rad=0.1",50,0,0,0.0,0.0,0.0,,3.2538612440093323e-09,3.2536968790312815e-09,2.2466771013035977e-12,3.2501929022840872e-09,3.2570161964638323e-09,5.392979825935748e-09,0.06461635006308637,
fitzgibbon,"grid:amplitude_x_quadrature:amplitude_ratio=1.05,quadrature_error_rad=0.15",50,0,0,0.0,0.0,0.0,,1.8819143289900276e-11,1.8604628016165793e-11,1.953157764542488e-12,1.588863281319931e-11,2.2227911826369594e-11,5.360071500039931e-11,0.0003737173344273347,
halir_flusser,"grid:amplitude_x_quadrature:amplitude_ratio=1.05,quadrature_error_rad=0.15",50,0,0,0.0,0.0,0.0,,1.881914328990912e-11,1.86046280161721e-11,1.9531577645416983e-12,1.588863281319278e-11,2.2227911826409008e-11,5.360071500049725e-11,0.0003737173344275105,
heydemann,"grid:amplitude_x_quadrature:amplitude_ratio=1.05,quadrature_error_rad=0.15",50,0,0,0.0,0.0,0.0,,1.761888401395352e-11,1.7694853733905658e-11,1.78963317188467e-12,1.470027613826231e-11,2.038248654530719e-11,5.1193951681135736e-11,0.00034988215286148566,
kasa,"grid:amplitude_x_quadrature:amplitude_ratio=1.05,quadrature_error_rad=0.15",50,0,0,0.0,0.0,0.0,,4.784850500733724e-09,4.78483193938019e-09,2.6562803166460456e-12,4.781166996645906e-09,4.789160573791838e-09,7.851124589374488e-09,0.09501928686239258,
koning_wimmer_witkovsky,"grid:amplitude_x_quadrature:amplitude_ratio=1.05,quadrature_error_rad=0.15",50,0,0,0.0,0.0,0.0,1.0,1.8803886948695768e-11,1.8575980731441017e-11,1.9560228141660403e-12,1.5870693311236152e-11,2.2186865869418687e-11,5.3544493402587485e-11,0.0003734143685016158,
raw_atan2,"grid:amplitude_x_quadrature:amplitude_ratio=1.05,quadrature_error_rad=0.15",50,0,0,0.0,0.0,0.0,,4.878398643454222e-09,4.878130800880097e-09,2.706339891801511e-12,4.8741723871516516e-09,4.882981741519233e-09,8.65252695364395e-09,0.09687699961794055,
taubin,"grid:amplitude_x_quadrature:amplitude_ratio=1.05,quadrature_error_rad=0.15",50,0,0,0.0,0.0,0.0,,4.784850585209652e-09,4.784832039320633e-09,2.6563020794550695e-12,4.781167059246892e-09,4.789160736161416e-09,7.851149342476947e-09,0.09501928853994608,
fitzgibbon,"grid:amplitude_x_quadrature:amplitude_ratio=1.05,quadrature_error_rad=0.2",50,0,0,0.0,0.0,0.0,,1.8480188139721225e-11,1.8531797647357237e-11,2.002512268305614e-12,1.5395012307741292e-11,2.1866735768269704e-11,5.172524582596964e-11,0.00036698624081356145,
halir_flusser,"grid:amplitude_x_quadrature:amplitude_ratio=1.05,quadrature_error_rad=0.2",50,0,0,0.0,0.0,0.0,,1.848018813971733e-11,1.8531797647386696e-11,2.002512268294329e-12,1.5395012307726432e-11,2.186673576819167e-11,5.172524582600945e-11,0.00036698624081348425,
heydemann,"grid:amplitude_x_quadrature:amplitude_ratio=1.05,quadrature_error_rad=0.2",50,0,0,0.0,0.0,0.0,,1.7585889080147028e-11,1.775659289813954e-11,1.820393002939158e-12,1.4398046235164774e-11,2.0752656078928645e-11,4.919671281634676e-11,0.0003492269275665921,
kasa,"grid:amplitude_x_quadrature:amplitude_ratio=1.05,quadrature_error_rad=0.2",50,0,0,0.0,0.0,0.0,,6.338146388258171e-09,6.338390361584046e-09,1.962450340159515e-12,6.33488017608007e-09,6.341342692485404e-09,1.036626135626206e-08,0.12586519678083788,
koning_wimmer_witkovsky,"grid:amplitude_x_quadrature:amplitude_ratio=1.05,quadrature_error_rad=0.2",50,0,0,0.0,0.0,0.0,1.0,1.8486392467767334e-11,1.8528790234144467e-11,2.0359057778128595e-12,1.5389988568198228e-11,2.1817068969855874e-11,5.185314989262434e-11,0.0003671094485974435,
raw_atan2,"grid:amplitude_x_quadrature:amplitude_ratio=1.05,quadrature_error_rad=0.2",50,0,0,0.0,0.0,0.0,,6.4077522806845384e-09,6.407871058802591e-09,1.956353821032246e-12,6.404342045914808e-09,6.411007377797995e-09,1.1193965436951043e-08,0.1272474556954601,
taubin,"grid:amplitude_x_quadrature:amplitude_ratio=1.05,quadrature_error_rad=0.2",50,0,0,0.0,0.0,0.0,,6.338146492146648e-09,6.338390432731157e-09,1.9624246277650203e-12,6.334880266447825e-09,6.341342710156722e-09,1.0366309175443452e-08,0.12586519884389272,
fitzgibbon,"grid:amplitude_x_quadrature:amplitude_ratio=1.05,quadrature_error_rad=0.25",50,0,0,0.0,0.0,0.0,,1.884260416747574e-11,1.8742972154767943e-11,1.854377824716805e-12,1.637573937107801e-11,2.241877522487412e-11,5.421831243675577e-11,0.0003741832289952099,
halir_flusser,"grid:amplitude_x_quadrature:amplitude_ratio=1.05,quadrature_error_rad=0.25",50,0,0,0.0,0.0,0.0,,1.8842604167488035e-11,1.8742972154806898e-11,1.8543778247286258e-12,1.637573937107068e-11,2.241877522492745e-11,5.4218312436746817e-11,0.00037418322899545405,
heydemann,"grid:amplitude_x_quadrature:amplitude_ratio=1.05,quadrature_error_rad=0.25",50,0,0,0.0,0.0,0.0,,1.7852256174066723e-11,1.760303660214823e-11,1.813930781276767e-12,1.5081417165930336e-11,2.0962468765421157e-11,5.139938816240513e-11,0.00035451654138085375,
kasa,"grid:amplitude_x_quadrature:amplitude_ratio=1.05,quadrature_error_rad=0.25",50,0,0,0.0,0.0,0.0,,7.902430167841873e-09,7.902339091326638e-09,2.769710603777191e-12,7.898157774441391e-09,7.906631456302228e-09,1.2922405502048213e-08,0.15692930822249296,
koning_wimmer_witkovsky,"grid:amplitude_x_quadrature:amplitude_ratio=1.05,quadrature_error_rad=0.25",50,0,0,0.0,0.0,0.0,1.0,1.8807976531651148e-11,1.864806319169749e-11,1.892722019507702e-12,1.6465543996793517e-11,2.242754974284537e-11,5.404351618529464e-11,0.0003734955809148198,
raw_atan2,"grid:amplitude_x_quadrature:amplitude_ratio=1.05,quadrature_error_rad=0.25",50,0,0,0.0,0.0,0.0,,7.957388681501048e-09,7.957466008647501e-09,2.763590449558457e-12,7.953184571054837e-09,7.961852033032097e-09,1.3737269791432274e-08,0.15802069420709394,
taubin,"grid:amplitude_x_quadrature:amplitude_ratio=1.05,quadrature_error_rad=0.25",50,0,0,0.0,0.0,0.0,,7.902430300905773e-09,7.902339221675084e-09,2.7696979373409364e-12,7.898157935380683e-09,7.906631558626473e-09,1.292245302282368e-08,0.15692931086492382,
fitzgibbon,"grid:amplitude_x_quadrature:amplitude_ratio=1.05,quadrature_error_rad=0.3",50,0,0,0.0,0.0,0.0,,1.9385019072619518e-11,1.904864895862631e-11,2.1122721119061015e-12,1.6464086597601836e-11,2.2125225158078576e-11,5.7212068312483536e-11,0.0003849546997992383,
halir_flusser,"grid:amplitude_x_quadrature:amplitude_ratio=1.05,quadrature_error_rad=0.3",50,0,0,0.0,0.0,0.0,,1.938501907261024e-11,1.904864895862908e-11,2.112272111888584e-12,1.6464086597645822e-11,2.21252251580541e-11,5.721206831238826e-11,0.00038495469979905433,
heydemann,"grid:amplitude_x_quadrature:amplitude_ratio=1.05,quadrature_error_rad=0.3",50,0,0,0.0,0.0,0.0,,1.821813401027934e-11,1.7832229468510374e-11,1.8975365245097703e-12,1.5768755563981984e-11,2.1355496838815123e-11,5.410390340879421e-11,0.0003617822754033372,
kasa,"grid:amplitude_x_quadrature:amplitude_ratio=1.05,quadrature_error_rad=0.3",50,0,0,0.0,0.0,0.0,,9.475401269113535e-09,9.474911237991865e-09,2.3726640392619262e-12,9.47228347952126e-09,9.478927200344594e-09,1.5460276942307378e-08,0.18816593563124204,
koning_wimmer_witkovsky,"grid:amplitude_x_quadrature:amplitude_ratio=1.05,quadrature_error_rad=0.3",50,0,0,0.0,0.0,0.0,1.0,1.934010409052379e-11,1.890389665715845e-11,2.1417145737266596e-12,1.635325319771039e-11,2.1994454207680862e-11,5.714885244173249e-11,0.00038406276188654524,
raw_atan2,"grid:amplitude_x_quadrature:amplitude_ratio=1.05,quadrature_error_rad=0.3",50,0,0,0.0,0.0,0.0,,9.520563047789509e-09,9.52017642802139e-09,2.346939076774374e-12,9.51773900526315e-09,9.524162724497383e-09,1.632210158245069e-08,0.1890627745194309,
taubin,"grid:amplitude_x_quadrature:amplitude_ratio=1.05,quadrature_error_rad=0.3",50,0,0,0.0,0.0,0.0,,9.47540148539581e-09,9.47491141707391e-09,2.3726389198687915e-12,9.47228383158432e-09,9.478927311965894e-09,1.546042212262043e-08,0.18816593992625336,
fitzgibbon,"grid:amplitude_x_quadrature:amplitude_ratio=1.05,quadrature_error_rad=0.4",50,0,0,0.0,0.0,0.0,,2.0377800532232248e-11,2.020646741376558e-11,2.257513068949329e-12,1.6677723067897927e-11,2.4439419447953084e-11,6.17875845708243e-11,0.00040466971206307845,
halir_flusser,"grid:amplitude_x_quadrature:amplitude_ratio=1.05,quadrature_error_rad=0.4",50,0,0,0.0,0.0,0.0,,2.0377800532230322e-11,2.0206467413784752e-11,2.2575130689540467e-12,1.6677723067889286e-11,2.4439419447916207e-11,6.17875845708337e-11,0.0004046697120630401,
heydemann,"grid:amplitude_x_quadrature:amplitude_ratio=1.05,quadrature_error_rad=0.4",50,0,0,0.0,0.0,0.0,,1.940360701321111e-11,1.9187963602393235e-11,2.0799661787164343e-12,1.605206133229809e-11,2.2726424936259003e-11,5.894214695577702e-11,0.0003853238258271012,
kasa,"grid:amplitude_x_quadrature:amplitude_ratio=1.05,quadrature_error_rad=0.4",50,0,0,0.0,0.0,0.0,,1.2646136555887815e-08,1.2645925711841399e-08,2.3040881447923106e-12,1.264274140442957e-08,1.2650248647690783e-08,2.0658283242572537e-08,0.2511315404568299,
koning_wimmer_witkovsky,"grid:amplitude_x_quadrature:amplitude_ratio=1.05,quadrature_error_rad=0.4",50,0,0,0.0,0.0,0.0,1.0,2.0244754922210382e-11,2.010463885015754e-11,2.2226361528047244e-12,1.6514034791471118e-11,2.371830169820491e-11,6.171769122313008e-11,0.0004020276443574079,
raw_atan2,"grid:amplitude_x_quadrature:amplitude_ratio=1.05,quadrature_error_rad=0.4",50,0,0,0.0,0.0,0.0,,1.2679147715249006e-08,1.2679023651050717e-08,2.2810594042104124e-12,1.2675734667425404e-08,1.268319607314514e-08,2.1501742292725547e-08,0.2517870879646403,
taubin,"grid:amplitude_x_quadrature:amplitude_ratio=1.05,quadrature_error_rad=0.4",50,0,0,0.0,0.0,0.0,,1.2646136815702519e-08,1.2645925814491975e-08,2.3040859491609467e-12,1.2642741623706152e-08,1.2650249001661939e-08,2.0658568709357957e-08,0.251131545616324,
fitzgibbon,"grid:amplitude_x_quadrature:amplitude_ratio=1.05,quadrature_error_rad=0.5",50,0,0,0.0,0.0,0.0,,2.0181310217747162e-11,1.986859897163911e-11,2.1543706162447013e-12,1.6644131848282856e-11,2.3790166927860854e-11,5.862228649483261e-11,0.0004007677365353421,
halir_flusser,"grid:amplitude_x_quadrature:amplitude_ratio=1.05,quadrature_error_rad=0.5",50,0,0,0.0,0.0,0.0,,2.0181310217747065e-11,1.9868598971772326e-11,2.154370616233919e-12,1.6644131848271757e-11,2.3790166927817895e-11,5.862228649487556e-11,0.00040076773653534016,
heydemann,"grid:amplitude_x_quadrature:amplitude_ratio=1.05,quadrature_error_rad=0.5",50,0,0,0.0,0.0,0.0,,1.8841682935451635e-11,1.8920027955822928e-11,1.8687376997258646e-12,1.5904981630251437e-11,2.2228022982690405e-11,5.5440568575828894e-11,0.00037416493483744,
kasa,"grid:amplitude_x_quadrature:amplitude_ratio=1.05,quadrature_error_rad=0.5",50,0,0,0.0,0.0,0.0,,1.585261489047831e-08,1.5852686424398985e-08,2.391774108361724e-12,1.5849047623594212e-08,1.585593004320783e-08,2.5964075128914968e-08,0.31480694361640216,
koning_wimmer_witkovsky,"grid:amplitude_x_quadrature:amplitude_ratio=1.05,quadrature_error_rad=0.5",50,0,0,0.0,0.0,0.0,1.0,1.9977888739710603e-11,1.970709377149785e-11,2.0862731094453976e-12,1.655247850571626e-11,2.3369688139820378e-11,5.8197081912879863e-11,0.00039672811946213056,
raw_atan2,"grid:amplitude_x_quadrature:amplitude_ratio=1.05,quadrature_error_rad=0.5",50,0,0,0.0,0.0,0.0,,1.5878481225233578e-08,1.5878482774262143e-08,2.326262816800172e-12,1.5875146180810308e-08,1.5881781304557085e-08,2.675028173785378e-08,0.3153206066204632,
taubin,"grid:amplitude_x_quadrature:amplitude_ratio=1.05,quadrature_error_rad=0.5",50,0,0,0.0,0.0,0.0,,1.5852615476061083e-08,1.5852687010142057e-08,2.3917352561194322e-12,1.584904816645993e-08,1.5855930531597488e-08,2.596469008158074e-08,0.31480695524511604,
fitzgibbon,"grid:amplitude_x_quadrature:amplitude_ratio=1.1,quadrature_error_rad=0.0",50,0,0,0.0,0.0,0.0,,1.8157801681713224e-11,1.8072473350759232e-11,1.768034589560288e-12,1.5074872941290915e-11,2.0758795804275523e-11,4.877699279586295e-11,0.0003605841742642898,
halir_flusser,"grid:amplitude_x_quadrature:amplitude_ratio=1.1,quadrature_error_rad=0.0",50,0,0,0.0,0.0,0.0,,1.815780168171845e-11,1.807247335081953e-11,1.7680345895888533e-12,1.5074872941285875e-11,2.075879580438232e-11,4.8776992795870095e-11,0.0003605841742643937,
heydemann,"grid:amplitude_x_quadrature:amplitude_ratio=1.1,quadrature_error_rad=0.0",50,0,0,0.0,0.0,0.0,,1.7234770126904265e-11,1.7180538846544064e-11,1.5541226273622943e-12,1.4525519124419343e-11,1.9540767386464464e-11,4.7057828547150575e-11,0.00034225428076479944,
kasa,"grid:amplitude_x_quadrature:amplitude_ratio=1.1,quadrature_error_rad=0.0",50,0,0,0.0,0.0,0.0,,1.6961060807449456e-09,1.69657346888234e-09,1.9322118446325362e-12,1.6928376792154326e-09,1.698370418920849e-09,2.414747254857028e-09,0.03368188623879455,
koning_wimmer_witkovsky,"grid:amplitude_x_quadrature:amplitude_ratio=1.1,quadrature_error_rad=0.0",50,0,0,0.0,0.0,0.0,1.0,1.8158509193662744e-11,1.802813379315929e-11,1.7667771490849472e-12,1.5078539191312566e-11,2.0738911709283454e-11,4.8773106321478775e-11,0.0003605982242917421,
raw_atan2,"grid:amplitude_x_quadrature:amplitude_ratio=1.1,quadrature_error_rad=0.0",50,0,0,0.0,0.0,0.0,,1.9492565697684454e-09,1.9492811703955683e-09,1.8933215724401466e-12,1.9465345416610108e-09,1.952071336972724e-09,3.7523485640660795e-09,0.03870903994656251,
taubin,"grid:amplitude_x_quadrature:amplitude_ratio=1.1,quadrature_error_rad=0.0",50,0,0,0.0,0.0,0.0,,1.6961061923764868e-09,1.6965735095684412e-09,1.932194580940367e-12,1.6928378386064439e-09,1.6983705583901841e-09,2.414760087804729e-09,0.033681888455613956,
fitzgibbon,"grid:amplitude_x_quadrature:amplitude_ratio=1.1,quadrature_error_rad=0.02",50,0,0,0.0,0.0,0.0,,1.7826957993383363e-11,1.7631434475273732e-11,1.6348062067301105e-12,1.5264469915352575e-11,2.037209413150935e-11,4.692500635763272e-11,0.00035401416098525295,
halir_flusser,"grid:amplitude_x_quadrature:amplitude_ratio=1.1,quadrature_error_rad=0.02",50,0,0,0.0,0.0,0.0,,1.7826957993399364e-11,1.7631434475330307e-11,1.634806206757523e-12,1.5264469915278264e-11,2.037209413158459e-11,4.692500635766133e-11,0.0003540141609855706,
heydemann,"grid:amplitude_x_quadrature:amplitude_ratio=1.1,quadrature_error_rad=0.02",50,0,0,0.0,0.0,0.0,,1.688510767521582e-11,1.7026617960391113e-11,1.3323246247987463e-12,1.439888846658831e-11,1.8937992128529655e-11,4.390109877409836e-11,0.0003353105576961483,
kasa,"grid:amplitude_x_quadrature:amplitude_ratio=1.1,quadrature_error_rad=0.02",50,0,0,0.0,0.0,0.0,,1.812004074396501e-09,1.811779253279982e-09,2.254097796748344e-12,1.8090377034678855e-09,1.816417320722386e-09,2.9874512790274395e-09,0.035983430394429965,
koning_wimmer_witkovsky,"grid:amplitude_x_quadrature:amplitude_ratio=1.1,quadrature_error_rad=0.02",50,0,0,0.0,0.0,0.0,1.0,1.7828279816022928e-11,1.7612838711490565e-11,1.6303008040403202e-12,1.5316864871999185e-11,2.03908612767107e-11,4.68497357225576e-11,0.0003540404102159344,
raw_atan2,"grid:amplitude_x_quadrature:amplitude_ratio=1.1,quadrature_error_rad=0.02",50,0,0,0.0,0.0,0.0,,2.0487158473286238e-09,2.0485786112287464e-09,1.99194077999751e-12,2.0463244120015223e-09,2.0517159026578715e-09,3.2674246678398366e-09,0.04068413814956127,
taubin,"grid:amplitude_x_quadrature:amplitude_ratio=1.1,quadrature_error_rad=0.02",50,0,0,0.0,0.0,0.0,,1.8120041937568643e-09,1.8117793548283388e-09,2.2541028395084764e-12,1.8090377661438682e-09,1.8164173598370219e-09,2.9874697301810658e-09,0.03598343276473111,
fitzgibbon,"grid:amplitude_x_quadrature:amplitude_ratio=1.1,quadrature_error_rad=0.05",50,0,0,0.0,0.0,0.0,,1.746123763421465e-11,1.7324464494768955e-11,1.6230562132311337e-12,1.4680717230224567e-11,2.0457955217324276e-11,4.832045088448036e-11,0.0003467515541987002,
halir_flusser,"grid:amplitude_x_quadrature:amplitude_ratio=1.1,quadrature_error_rad=0.05",50,0,0,0.0,0.0,0.0,,1.746123763421207e-11,1.732446449475895e-11,1.6230562132439104e-12,1.468071723015266e-11,2.045795521732693e-11,4.832045088445398e-11,0.0003467515541986489,
heydemann,"grid:amplitude_x_quadrature:amplitude_ratio=1.1,quadrature_error_rad=0.05",50,0,0,0.0,0.0,0.0,,1.6649698189858732e-11,1.6685997915557855e-11,1.4836946169076183e-12,1.4288681983860877e-11,1.9299763474920688e-11,4.6094632768886957e-11,0.0003306357112373419,
kasa,"grid:amplitude_x_quadrature:amplitude_ratio=1.1,quadrature_error_rad=0.05",50,0,0,0.0,0.0,0.0,,2.32628745602969e-09,2.32619301984779e-09,2.161868816042987e-12,2.3231144054681507e-09,2.3300487863337867e-09,4.036090778456077e-09,0.046196255259171703,
koning_wimmer_witkovsky,"grid:amplitude_x_quadrature:amplitude_ratio=1.1,quadrature_error_rad=0.05",50,0,0,0.0,0.0,0.0,1.0,1.744847838240821e-11,1.7322777558756664e-11,1.6409191416857517e-12,1.4698597804144307e-11,2.0511342856435737e-11,4.832421790288507e-11,0.00034649817637480375,
raw_atan2,"grid:amplitude_x_quadrature:amplitude_ratio=1.1,quadrature_error_rad=0.05",50,0,0,0.0,0.0,0.0,,2.5122944791686317e-09,2.5124004501515518e-09,2.223015561314833e-12,2.5088821575537765e-09,2.5162816992973093e-09,4.3889236159215394e-09,0.049890049806639504,
taubin,"grid:amplitude_x_quadrature:amplitude_ratio=1.1,quadrature_error_rad=0.05",50,0,0,0.0,0.0,0.0,,2.3262875344987477e-09,2.326193127031536e-09,2.161860298848415e-12,2.3231144441277336e-09,2.3300488121489645e-09,4.036112681268476e-09,0.04619625681743855,
fitzgibbon,"grid:amplitude_x_quadrature:amplitude_ratio=1.1,quadrature_error_rad=0.1",50,0,0,0.0,0.0,0.0,,1.8134433964725923e-11,1.7649805390999567e-11,2.134885246396808e-12,1.553344211028006e-11,2.2445192294558025e-11,4.908450182299657e-11,0.0003601201297129722,
halir_flusser,"grid:amplitude_x_quadrature:amplitude_ratio=1.1,quadrature_error_rad=0.1",50,0,0,0.0,0.0,0.0,,1.8134433964742706e-11,1.7649805390969194e-11,2.1348852463950266e-12,1.5533442110306147e-11,2.2445192294544687e-11,4.9084501823097656e-11,0.0003601201297133055,
heydemann,"grid:amplitude_x_quadrature:amplitude_ratio=1.1,quadrature_error_rad=0.1",50,0,0,0.0,0.0,0.0,,1.7063115899853343e-11,1.6790839539793763e-11,1.928744465374225e-12,1.4563840421611993e-11,2.049999825174157e-11,4.645866639928453e-11,0.00033884550921827085,
kasa,"grid:amplitude_x_quadrature:amplitude_ratio=1.1,quadrature_error_rad=0.1",50,0,0,0.0,0.0,0.0,,3.607950658056869e-09,3.607706567104581e-09,1.942405398601186e-12,3.605177943231878e-09,3.610709645134935e-09,6.1290363861455245e-09,0.07164798534681364,
koning_wimmer_witkovsky,"grid:amplitude_x_quadrature:amplitude_ratio=1.1,quadrature_error_rad=0.1",50,0,0,0.0,0.0,0.0,1.0,1.8110881440482404e-11,1.7596802821377758e-11,2.1321356094349438e-12,1.5537003835452028e-11,2.252494120337621e-11,4.90804512768639e-11,0.00035965241519251103,
raw_atan2,"grid:amplitude_x_quadrature:amplitude_ratio=1.1,quadrature_error_rad=0.1",50,0,0,0.0,0.0,0.0,,3.728052788002415e-09,3.727874067259683e-09,2.0120956436471105e-12,3.7244857156595883e-09,3.731487196589772e-09,6.663008490787541e-09,0.07403301675716394,
taubin,"grid:amplitude_x_quadrature:amplitude_ratio=1.1,quadrature_error_rad=0.1",50,0,0,0.0,0.0,0.0,,3.607950797016105e-09,3.6077065906427674e-09,1.9423995052597305e-12,3.6051781404186028e-09,3.610709694083035e-09,6.129070434059781e-09,0.07164798810631628,
fitzgibbon,"grid:amplitude_x_quadrature:amplitude_ratio=1.1,quadrature_error_rad=0.15",50,0,0,0.0,0.0,0.0,,1.8058067748635938e-11,1.802283272171093e-11,2.139317485057456e-12,1.5135536967252677e-11,2.107116569263942e-11,4.8368401307355776e-11,0.00035860362185298,
halir_flusser,"grid:amplitude_x_quadrature:amplitude_ratio=1.1,quadrature_error_rad=0.15",50,0,0,0.0,0.0,0.0,,1.8058067748618606e-11,1.802283272172261e-11,2.139317485083146e-12,1.513553696724e-11,2.1071165692676206e-11,4.8368401307324466e-11,0.0003586036218526359,
heydemann,"grid:amplitude_x_quadrature:amplitude_ratio=1.1,quadrature_error_rad=0.15",50,0,0,0.0,0.0,0.0,,1.7047545049461333e-11,1.6821508736915922e-11,1.6592802960445507e-12,1.4422854920944459e-11,1.9664139104367916e-11,4.614152753875819e-11,0.00033853629765568126,
kasa,"grid:amplitude_x_quadrature:amplitude_ratio=1.1,quadrature_error_rad=0.15",50,0,0,0.0,0.0,0.0,,5.070963309471906e-09,5.070750361172797e-09,2.6030892365268413e-12,5.066976003423124e-09,5.074895180330575e-09,8.435095337505916e-09,0.10070101820265691,
koning_wimmer_witkovsky,"grid:amplitude_x_quadrature:amplitude_ratio=1.1,quadrature_error_rad=0.15",50,0,0,0.0,0.0,0.0,1.0,1.8057972670390113e-11,1.813583219586162e-11,2.1550711580581947e-12,1.5187969412332234e-11,2.105192857480399e-11,4.837115657281539e-11,0.0003586017337548852,
raw_atan2,"grid:amplitude_x_quadrature:amplitude_ratio=1.1,quadrature_error_rad=0.15",50,0,0,0.0,0.0,0.0,,5.1553803999559875e-09,5.15511841448383e-09,2.6015738667556455e-12,5.151049705889581e-09,5.159591009576898e-09,9.077590705950225e-09,0.10237740322985169,
taubin,"grid:amplitude_x_quadrature:amplitude_ratio=1.1,quadrature_error_rad=0.15",50,0,0,0.0,0.0,0.0,,5.070963445920697e-09,5.070750552023416e-09,2.603097590061428e-12,5.066976226012098e-09,5.0748952300794995e-09,8.435197558186701e-09,0.10070102091230623,
fitzgibbon,"grid:amplitude_x_quadrature:amplitude_ratio=1.1,quadrature_error_rad=0.2",50,0,0,0.0,0.0,0.0,,1.8601701487395075e-11,1.8783740849447687e-11,1.937197542109692e-12,1.5705585451299416e-11,2.1898438493400873e-11,5.0772033224141525e-11,0.00036939929669450503,
halir_flusser,"grid:amplitude_x_quadrature:amplitude_ratio=1.1,quadrature_error_rad=0.2",50,0,0,0.0,0.0,0.0,,1.8601701487393052e-11,1.8783740849385497e-11,1.93719754211008e-12,1.5705585451230508e-11,2.1898438493414857e-11,5.077203322414556e-11,0.00036939929669446486,
heydemann,"grid:amplitude_x_quadrature:amplitude_ratio=1.1,quadrature_error_rad=0.2",50,0,0,0.0,0.0,0.0,,1.749104404203648e-11,1.7464311000251024e-11,1.7654002364580655e-12,1.4870432548245087e-11,2.0661497456599282e-11,4.82747237949869e-11,0.0003473434605946733,
kasa,"grid:amplitude_x_quadrature:amplitude_ratio=1.1,quadrature_error_rad=0.2",50,0,0,0.0,0.0,0.0,,6.597317150038876e-09,6.5969201310665964e-09,2.239323814171188e-12,6.59392943262506e-09,6.601169951358013e-09,1.0870581560334282e-08,0.1310119032361826,
koning_wimmer_witkovsky,"grid:amplitude_x_quadrature:amplitude_ratio=1.1,quadrature_error_rad=0.2",50,0,0,0.0,0.0,0.0,1.0,1.8562855869475635e-11,1.8639293376520025e-11,1.9089089786624597e-12,1.577941815718202e-11,2.1895438505488693e-11,5.0627394112525216e-11,0.00036862788640449327,
raw_atan2,"grid:amplitude_x_quadrature:amplitude_ratio=1.1,quadrature_error_rad=0.2",50,0,0,0.0,0.0,0.0,,6.6611350498011765e-09,6.6609293808102385e-09,2.2326421652589027e-12,6.657707854845411e-09,6.664897922740665e-09,1.1567948598230773e-08,0.1322792221050876,
taubin,"grid:amplitude_x_quadrature:amplitude_ratio=1.1,quadrature_error_rad=0.2",50,0,0,0.0,0.0,0.0,,6.5973173227191e-09,6.5969204844632954e-09,2.2393198350813195e-12,6.5939296806881345e-09,6.601170215618699e-09,1.0870663057031938e-08,0.13101190666532872,
fitzgibbon,"grid:amplitude_x_quadrature:amplitude_ratio=1.1,quadrature_error_rad=0.25",50,0,0,0.0,0.0,0.0,,1.8772182010050328e-11,1.844227843308086e-11,1.8166458045652546e-12,1.6327213129399987e-11,2.2128298178157894e-11,5.1506353162886325e-11,0.0003727847603958571,
halir_flusser,"grid:amplitude_x_quadrature:amplitude_ratio=1.1,quadrature_error_rad=0.25",50,0,0,0.0,0.0,0.0,,1.8772182010021125e-11,1.8442278432898395e-11,1.8166458045587785e-12,1.6327213129413684e-11,2.2128298178120587e-11,5.150635316287604e-11,0.0003727847603952771,
heydemann,"grid:amplitude_x_quadrature:amplitude_ratio=1.1,quadrature_error_rad=0.25",50,0,0,0.0,0.0,0.0,,1.759442738676234e-11,1.7255688385290693e-11,1.688602410688673e-12,1.528932549483575e-11,2.036274823811706e-11,4.867695760691889e-11,0.0003493964843386323,
kasa,"grid:amplitude_x_quadrature:amplitude_ratio=1.1,quadrature_error_rad=0.25",50,0,0,0.0,0.0,0.0,,8.155316721071542e-09,8.154888708410237e-09,2.480048085980859e-12,8.151677588537471e-09,8.159877646006862e-09,1.3390459485660884e-08,0.16195122059808065,
koning_wimmer_witkovsky,"grid:amplitude_x_quadrature:amplitude_ratio=1.1,quadrature_error_rad=0.25",50,0,0,0.0,0.0,0.0,1.0,1.8739733218053555e-11,1.851158141148333e-11,1.8274442623495377e-12,1.626571664632038e-11,2.203561651696811e-11,5.1420680745802435e-11,0.0003721403805819826,
raw_atan2,"grid:amplitude_x_quadrature:amplitude_ratio=1.1,quadrature_error_rad=0.25",50,0,0,0.0,0.0,0.0,,8.206145689953914e-09,8.205961600234302e-09,2.4320581321968584e-12,8.202502785476193e-09,8.210616555048522e-09,1.4081839344559344e-08,0.16296060059321596,
taubin,"grid:amplitude_x_quadrature:amplitude_ratio=1.1,quadrature_error_rad=0.25",50,0,0,0.0,0.0,0.0,,8.155316900228528e-09,8.15488892352779e-09,2.4800638951146483e-12,8.151677720208142e-09,8.15987772515057e-09,1.3390596332209607e-08,0.16195122415584468,
fitzgibbon,"grid:amplitude_x_quadrature:amplitude_ratio=1.1,quadrature_error_rad=0.3",50,0,0,0.0,0.0,0.0,,1.9086713768502486e-11,1.914938280862236e-11,1.5551528674485393e-12,1.65817719978457e-11,2.136740731538667e-11,5.6497811395010966e-11,0.0003790308454886129,
halir_flusser,"grid:amplitude_x_quadrature:amplitude_ratio=1.1,quadrature_error_rad=0.3",50,0,0,0.0,0.0,0.0,,1.908671376850461e-11,1.914938280862428e-11,1.555152867459309e-12,1.658177199786335e-11,2.1367407315371693e-11,5.649781139505659e-11,0.00037903084548865503,
heydemann,"grid:amplitude_x_quadrature:amplitude_ratio=1.1,quadrature_error_rad=0.3",50,0,0,0.0,0.0,0.0,,1.797457714169195e-11,1.8028345578169575e-11,1.4894053413021441e-12,1.553321916112485e-11,2.0194491327116862e-11,5.34487275177655e-11,0.0003569456352700534,
kasa,"grid:amplitude_x_quadrature:amplitude_ratio=1.1,quadrature_error_rad=0.3",50,0,0,0.0,0.0,0.0,,9.730868732738163e-09,9.730400973833115e-09,2.623769707135425e-12,9.726811618409066e-09,9.735235353867849e-09,1.592915472967953e-08,0.19323910065623792,
koning_wimmer_witkovsky,"grid:amplitude_x_quadrature:amplitude_ratio=1.1,quadrature_error_rad=0.3",50,0,0,0.0,0.0,0.0,1.0,1.8993368798806873e-11,1.9142405512285093e-11,1.5691118205434041e-12,1.643635665186893e-11,2.1292448863360264e-11,5.609814397834944e-11,0.00037717716741626593,
raw_atan2,"grid:amplitude_x_quadrature:amplitude_ratio=1.1,quadrature_error_rad=0.3",50,0,0,0.0,0.0,0.0,,9.772923334418219e-09,9.772596547940546e-09,2.6122379707702053e-12,9.768687403031408e-09,9.777432431522299e-09,1.6661322694850696e-08,0.19407423610306287,
taubin,"grid:amplitude_x_quadrature:amplitude_ratio=1.1,quadrature_error_rad=0.3",50,0,0,0.0,0.0,0.0,,9.730868999014892e-09,9.730401181636578e-09,2.623739465772837e-12,9.726811806496398e-09,9.735235635105477e-09,1.5929192834724945e-08,0.19323910594405713,
fitzgibbon,"grid:amplitude_x_quadrature:amplitude_ratio=1.1,quadrature_error_rad=0.4",50,0,0,0.0,0.0,0.0,,1.9720721764825745e-11,1.9497523462896073e-11,2.224048131124176e-12,1.6608077693729247e-11,2.317262835764778e-11,5.836553870826758e-11,0.00039162120492961373,
halir_flusser,"grid:amplitude_x_quadrature:amplitude_ratio=1.1,quadrature_error_rad=0.4",50,0,0,0.0,0.0,0.0,,1.9720721764814203e-11,1.9497523462849444e-11,2.2240481311275707e-12,1.66080776937646e-11,2.317262835759604e-11,5.836553870830919e-11,0.0003916212049293844,
heydemann,"grid:amplitude_x_quadrature:amplitude_ratio=1.1,quadrature_error_rad=0.4",50,0,0,0.0,0.0,0.0,,1.8505223660519482e-11,1.808713184137278e-11,2.1041518502618797e-12,1.529603965384839e-11,2.1622323164823882e-11,5.61066074543062e-11,0.0003674834052144376,
kasa,"grid:amplitude_x_quadrature:amplitude_ratio=1.1,quadrature_error_rad=0.4",50,0,0,0.0,0.0,0.0,,1.2924865151022552e-08,1.2924763481516028e-08,2.0395126222680514e-12,1.2921686023851034e-08,1.2928028183984672e-08,2.112723329439603e-08,0.2566666334202982,
koning_wimmer_witkovsky,"grid:amplitude_x_quadrature:amplitude_ratio=1.1,quadrature_error_rad=0.4",50,0,0,0.0,0.0,0.0,1.0,1.958763895334844e-11,1.9473540374435576e-11,2.1672893416437182e-12,1.6761577563420217e-11,2.2993729718965562e-11,5.792519633294465e-11,0.0003889783984640249,
raw_atan2,"grid:amplitude_x_quadrature:amplitude_ratio=1.1,quadrature_error_rad=0.4",50,0,0,0.0,0.0,0.0,,1.2955695868189035e-08,1.295565393712877e-08,2.029071549460735e-12,1.2952720222684648e-08,1.2958957994417252e-08,2.187145465211832e-08,0.25727888092064677,
taubin,"grid:amplitude_x_quadrature:amplitude_ratio=1.1,quadrature_error_rad=0.4",50,0,0,0.0,0.0,0.0,,1.2924865494289645e-08,1.2924764051521653e-08,2.0394030467664202e-12,1.2921686881017998e-08,1.2928028221997195e-08,2.1127437724572972e-08,0.25666664023701996,
fitzgibbon,"grid:amplitude_x_quadrature:amplitude_ratio=1.1,quadrature_error_rad=0.5",50,0,0,0.0,0.0,0.0,,2.0682401128395595e-11,2.0677069829664114e-11,2.4616461454521698e-12,1.6539930768744736e-11,2.5114345911978502e-11,6.38429701124404e-11,0.00041071858055350736,
halir_flusser,"grid:amplitude_x_quadrature:amplitude_ratio=1.1,quadrature_error_rad=0.5",50,0,0,0.0,0.0,0.0,,2.0682401128409964e-11,2.0677069829703492e-11,2.4616461454603063e-12,1.653993076873858e-11,2.5114345911945673e-11,6.384297011238717e-11,0.0004107185805537925,
heydemann,"grid:amplitude_x_quadrature:amplitude_ratio=1.1,quadrature_error_rad=0.5",50,0,0,0.0,0.0,0.0,,1.9458773078091962e-11,1.966242582002034e-11,2.4392968138698964e-12,1.5456344483242252e-11,2.372362968821917e-11,6.057933092193323e-11,0.0003864193334387139,
kasa,"grid:amplitude_x_quadrature:amplitude_ratio=1.1,quadrature_error_rad=0.5",50,0,0,0.0,0.0,0.0,,1.6164551126082696e-08,1.6164632002166774e-08,2.3111822625236804e-12,1.6160857124409273e-08,1.616859243298212e-08,2.643214868248358e-08,0.321001485880392,
koning_wimmer_witkovsky,"grid:amplitude_x_quadrature:amplitude_ratio=1.1,quadrature_error_rad=0.5",50,0,0,0.0,0.0,0.0,1.0,2.0551063814335896e-11,2.0472441472511398e-11,2.4270771284860494e-12,1.6687614005102317e-11,2.4855505164268756e-11,6.349179678551605e-11,0.0004081104368051369,
raw_atan2,"grid:amplitude_x_quadrature:amplitude_ratio=1.1,quadrature_error_rad=0.5",50,0,0,0.0,0.0,0.0,,1.618877443603808e-08,1.6188974551129318e-08,2.310546427666234e-12,1.6185225881870593e-08,1.6192851299580092e-08,2.7197682912804954e-08,0.32148252110543285,
taubin,"grid:amplitude_x_quadrature:amplitude_ratio=1.1,quadrature_error_rad=0.5",50,0,0,0.0,0.0,0.0,,1.6164552184304058e-08,1.6164632621889262e-08,2.311431392691573e-12,1.6160857196099687e-08,1.6168592684012284e-08,2.6433281751870678e-08,0.32100150689493345,
fitzgibbon,"grid:amplitude_x_quadrature:amplitude_ratio=1.15,quadrature_error_rad=0.0",50,0,0,0.0,0.0,0.0,,6.588827991001516e-11,6.556442455312686e-11,2.7010732654189033e-12,6.178424525262234e-11,7.07569484382898e-11,1.3077274797633652e-10,0.0013084332245447,
halir_flusser,"grid:amplitude_x_quadrature:amplitude_ratio=1.15,quadrature_error_rad=0.0",50,0,0,0.0,0.0,0.0,,6.588827991000371e-11,6.556442455307625e-11,2.701073265430221e-12,6.17842452525386e-11,7.075694843844204e-11,1.3077274797626052e-10,0.001308433224544473,
heydemann,"grid:amplitude_x_quadrature:amplitude_ratio=1.15,quadrature_error_rad=0.0",50,0,0,0.0,0.0,0.0,,3.734732647724328e-11,3.7442692061540226e-11,1.5608428301120362e-12,3.51547304012154e-11,3.995455451216801e-11,7.986106638959627e-11,0.0007416566782056074,
kasa,"grid:amplitude_x_quadrature:amplitude_ratio=1.15,quadrature_error_rad=0.0",50,0,0,0.0,0.0,0.0,,2.4860486961244745e-09,2.4857697028716023e-09,2.1081628931095126e-12,2.482512922449231e-09,2.489273616399524e-09,3.570624095419361e-09,0.049368851581612735,
koning_wimmer_witkovsky,"grid:amplitude_x_quadrature:amplitude_ratio=1.15,quadrature_error_rad=0.0",50,0,0,0.0,0.0,0.0,1.0,7.119240857059531e-11,7.088598380833743e-11,2.617647774521855e-12,6.711810309888736e-11,7.58129589508037e-11,1.396405060936259e-10,0.0014137645243789208,
raw_atan2,"grid:amplitude_x_quadrature:amplitude_ratio=1.15,quadrature_error_rad=0.0",50,0,0,0.0,0.0,0.0,,2.6573926362227797e-09,2.6571502405591976e-09,2.2717710165710452e-12,2.6543077703935046e-09,2.6610908276081602e-09,4.8446621664399255e-09,0.0527714613379336,
taubin,"grid:amplitude_x_quadrature:amplitude_ratio=1.15,quadrature_error_rad=0.0",50,0,0,0.0,0.0,0.0,,2.486074700546523e-09,2.4857953072445065e-09,2.107358932944333e-12,2.482539634801156e-09,2.4892971149573995e-09,3.5719492790947786e-09,0.04936936798680404,
fitzgibbon,"grid:amplitude_x_quadrature:amplitude_ratio=1.15,quadrature_error_rad=0.02",50,0,0,0.0,0.0,0.0,,6.439336284492559e-11,6.459352655475153e-11,2.6385533960675586e-12,6.006890029087085e-11,6.889549048044635e-11,1.279264797722683e-10,0.0012787466223360313,
halir_flusser,"grid:amplitude_x_quadrature:amplitude_ratio=1.15,quadrature_error_rad=0.02",50,0,0,0.0,0.0,0.0,,6.439336284491872e-11,6.459352655470329e-11,2.638553396078059e-12,6.006890029081255e-11,6.889549048042034e-11,1.2792647977227012e-10,0.0012787466223358951,
heydemann,"grid:amplitude_x_quadrature:amplitude_ratio=1.15,quadrature_error_rad=0.02",50,0,0,0.0,0.0,0.0,,3.6893902385280216e-11,3.6870825845531526e-11,1.4783745488275065e-12,3.4595509774987294e-11,3.90862997298232e-11,7.952636478894894e-11,0.0007326524190635604,
kasa,"grid:amplitude_x_quadrature:amplitude_ratio=1.15,quadrature_error_rad=0.02",50,0,0,0.0,0.0,0.0,,2.568671800423918e-09,2.5685654051723613e-09,2.1226481540326733e-12,2.5649327778931583e-09,2.5722202195399066e-09,4.136614022879696e-09,0.05100961098416591,
koning_wimmer_witkovsky,"grid:amplitude_x_quadrature:amplitude_ratio=1.15,quadrature_error_rad=0.02",50,0,0,0.0,0.0,0.0,1.0,6.965082126493367e-11,6.986979703787291e-11,2.5947565061893847e-12,6.542633270632316e-11,7.402810093747941e-11,1.3712909563292159e-10,0.0013831511277017153,
raw_atan2,"grid:amplitude_x_quadrature:amplitude_ratio=1.15,quadrature_error_rad=0.02",50,0,0,0.0,0.0,0.0,,2.7331082135300635e-09,2.732863990342279e-09,2.0704329614284107e-12,2.7294850847548594e-09,2.736364067099322e-09,4.3277896189757796e-09,0.054275048578331056,
taubin,"grid:amplitude_x_quadrature:amplitude_ratio=1.15,quadrature_error_rad=0.02",50,0,0,0.0,0.0,0.0,,2.568696749722697e-09,2.568587850126155e-09,2.1227042342441536e-12,2.5649564813719707e-09,2.572245050306327e-09,4.1381476241972335e-09,0.051010106436338847,
fitzgibbon,"grid:amplitude_x_quadrature:amplitude_ratio=1.15,quadrature_error_rad=0.05",50,0,0,0.0,0.0,0.0,,6.53101241252002e-11,6.566653652230237e-11,2.471813655821785e-12,6.136028711769457e-11,6.91236888822156e-11,1.2990081606848028e-10,0.0012969519984624934,
halir_flusser,"grid:amplitude_x_quadrature:amplitude_ratio=1.15,quadrature_error_rad=0.05",50,0,0,0.0,0.0,0.0,,6.531012412519598e-11,6.566653652242111e-11,2.471813655834454e-12,6.13602871177063e-11,6.91236888822211e-11,1.2990081606842479e-10,0.0012969519984624095,
heydemann,"grid:amplitude_x_quadrature:amplitude_ratio=1.15,quadrature_error_rad=0.05",50,0,0,0.0,0.0,0.0,,3.73383116265247e-11,3.739036302544597e-11,1.589412639314702e-12,3.4493197037007465e-11,4.0281078503206295e-11,8.417667136051849e-11,0.0007414776580489023,
kasa,"grid:amplitude_x_quadrature:amplitude_ratio=1.15,quadrature_error_rad=0.05",50,0,0,0.0,0.0,0.0,,2.964416170833078e-09,2.9641101905841862e-09,2.24514779298253e-12,2.961000758649575e-09,2.9679560237647924e-09,5.1340210371636185e-09,0.05886844541385578,
koning_wimmer_witkovsky,"grid:amplitude_x_quadrature:amplitude_ratio=1.15,quadrature_error_rad=0.05",50,0,0,0.0,0.0,0.0,1.0,7.054473116939014e-11,7.09782360267408e-11,2.420693001968735e-12,6.668435901190264e-11,7.415078104994356e-11,1.3942439414940155e-10,0.0014009027129660114,
raw_atan2,"grid:amplitude_x_quadrature:amplitude_ratio=1.15,quadrature_error_rad=0.05",50,0,0,0.0,0.0,0.0,,3.105782606758233e-09,3.105390910260953e-09,2.2058620923006857e-12,3.1027917951248286e-09,3.1097047044020385e-09,5.304467229851733e-09,0.06167575108115439,
taubin,"grid:amplitude_x_quadrature:amplitude_ratio=1.15,quadrature_error_rad=0.05",50,0,0,0.0,0.0,0.0,,2.9644398990215137e-09,2.9641383007666628e-09,2.2445769945371046e-12,2.961028435504606e-09,2.967977944249604e-09,5.1357878870683445e-09,0.05886891661677912,
fitzgibbon,"grid:amplitude_x_quadrature:amplitude_ratio=1.15,quadrature_error_rad=0.1",50,0,0,0.0,0.0,0.0,,6.6914146309421e-11,6.701283498450701e-11,2.8173187077656883e-12,6.235565406533741e-11,7.149131183798347e-11,1.345084855372269e-10,0.0013288052494747763,
halir_flusser,"grid:amplitude_x_quadrature:amplitude_ratio=1.15,quadrature_error_rad=0.1",50,0,0,0.0,0.0,0.0,,6.691414630942957e-11,6.701283498464931e-11,2.817318707762962e-12,6.235565406529529e-11,7.149131183800471e-11,1.3450848553726183e-10,0.0013288052494749463,
heydemann,"grid:amplitude_x_quadrature:amplitude_ratio=1.15,quadrature_error_rad=0.1",50,0,0,0.0,0.0,0.0,,3.9169126050356686e-11,3.8954179260915365e-11,1.7316846194661278e-12,3.651941234268748e-11,4.197194632482446e-11,9.484619927431578e-11,0.0007778346311462272,
kasa,"grid:amplitude_x_quadrature:amplitude_ratio=1.15,quadrature_error_rad=0.1",50,0,0,0.0,0.0,0.0,,4.075801622077236e-09,4.075773982539445e-09,2.140104494468601e-12,4.072679717817931e-09,4.079732915492828e-09,7.069891486342298e-09,0.08093873851711259,
koning_wimmer_witkovsky,"grid:amplitude_x_quadrature:amplitude_ratio=1.15,quadrature_error_rad=0.1",50,0,0,0.0,0.0,0.0,1.0,7.203783627385928e-11,7.201677635338185e-11,2.7272912055637086e-12,6.752671450574046e-11,7.651925432667577e-11,1.443183286975142e-10,0.0014305533326072104,
raw_atan2,"grid:amplitude_x_quadrature:amplitude_ratio=1.15,quadrature_error_rad=0.1",50,0,0,0.0,0.0,0.0,,4.177340278643463e-09,4.177462038785466e-09,2.038767817748731e-12,4.174290118270953e-09,4.18080448073829e-09,7.413206495870672e-09,0.0829551297783252,
taubin,"grid:amplitude_x_quadrature:amplitude_ratio=1.15,quadrature_error_rad=0.1",50,0,0,0.0,0.0,0.0,,4.07582398337708e-09,4.075793551800124e-09,2.1393371468160267e-12,4.072701063042613e-09,4.079755571840187e-09,7.0723759079239315e-09,0.08093918257586927,
fitzgibbon,"grid:amplitude_x_quadrature:amplitude_ratio=1.15,quadrature_error_rad=0.15",50,0,0,0.0,0.0,0.0,,6.964514581828092e-11,6.993721077783422e-11,2.27747395698938e-12,6.579709742903312e-11,7.265317204117727e-11,1.4003349115953156e-10,0.0013830384226352797,
halir_flusser,"grid:amplitude_x_quadrature:amplitude_ratio=1.15,quadrature_error_rad=0.15",50,0,0,0.0,0.0,0.0,,6.964514581830191e-11,6.993721077785001e-11,2.277473956976845e-12,6.579709742908613e-11,7.265317204118129e-11,1.400334911595915e-10,0.0013830384226356965,
heydemann,"grid:amplitude_x_quadrature:amplitude_ratio=1.15,quadrature_error_rad=0.15",50,0,0,0.0,0.0,0.0,,4.1697627746098904e-11,4.180402974769664e-11,1.4414837260136512e-12,3.911669426676671e-11,4.369739297855406e-11,1.3476835606904807e-10,0.0008280465297045903,
kasa,"grid:amplitude_x_quadrature:amplitude_ratio=1.15,quadrature_error_rad=0.15",50,0,0,0.0,0.0,0.0,,5.448688050230222e-09,5.448715650753902e-09,2.4957151882388797e-12,5.444582891360157e-09,5.453062625728778e-09,9.267166871267757e-09,0.10820201232810214,
koning_wimmer_witkovsky,"grid:amplitude_x_quadrature:amplitude_ratio=1.15,quadrature_error_rad=0.15",50,0,0,0.0,0.0,0.0,1.0,7.424127598067223e-11,7.45104314139072e-11,2.2064167933562885e-12,7.054432698479486e-11,7.742729017798794e-11,1.4787317237942994e-10,0.001474310032958358,
raw_atan2,"grid:amplitude_x_quadrature:amplitude_ratio=1.15,quadrature_error_rad=0.15",50,0,0,0.0,0.0,0.0,,5.523309943084997e-09,5.523105042592224e-09,2.4316016960069383e-12,5.519575406956279e-09,5.527363208585129e-09,9.704974270506842e-09,0.10968388078821295,
taubin,"grid:amplitude_x_quadrature:amplitude_ratio=1.15,quadrature_error_rad=0.15",50,0,0,0.0,0.0,0.0,,5.4487112211927654e-09,5.448739111906346e-09,2.4958925391235342e-12,5.444604472485025e-09,5.453089112951567e-09,9.270899230774581e-09,0.10820247246543274,
fitzgibbon,"grid:amplitude_x_quadrature:amplitude_ratio=1.15,quadrature_error_rad=0.2",50,0,0,0.0,0.0,0.0,,7.305445147700598e-11,7.327337683165057e-11,2.5210496183912512e-12,6.926425077492558e-11,7.676794693682981e-11,1.5547115926534882e-10,0.0014507416439456004,
halir_flusser,"grid:amplitude_x_quadrature:amplitude_ratio=1.15,quadrature_error_rad=0.2",50,0,0,0.0,0.0,0.0,,7.305445147704376e-11,7.32733768318295e-11,2.521049618428619e-12,6.926425077493772e-11,7.676794693701902e-11,1.5547115926542394e-10,0.0014507416439463502,
heydemann,"grid:amplitude_x_quadrature:amplitude_ratio=1.15,quadrature_error_rad=0.2",50,0,0,0.0,0.0,0.0,,4.562622003412841e-11,4.58948268346206e-11,1.9404788693729116e-12,4.2775072520630675e-11,4.847125601709717e-11,1.583504730472015e-10,0.0009060619321762908,
kasa,"grid:amplitude_x_quadrature:amplitude_ratio=1.15,quadrature_error_rad=0.2",50,0,0,0.0,0.0,0.0,,6.9298322485717595e-09,6.929653019833837e-09,1.833851862934065e-12,6.926891099930903e-09,6.9325775953150005e-09,1.1615371852955235e-08,0.13761510798181212,
koning_wimmer_witkovsky,"grid:amplitude_x_quadrature:amplitude_ratio=1.15,quadrature_error_rad=0.2",50,0,0,0.0,0.0,0.0,1.0,7.722229856070006e-11,7.745866184024813e-11,2.389597621710627e-12,7.346972019795912e-11,8.082858062597773e-11,1.562978911019887e-10,0.001533508254434975,
raw_atan2,"grid:amplitude_x_quadrature:amplitude_ratio=1.15,quadrature_error_rad=0.2",50,0,0,0.0,0.0,0.0,,6.9874562213482675e-09,6.987338594215015e-09,1.860245853531977e-12,6.98461850839863e-09,6.990088412570296e-09,1.2120277308047446e-08,0.13875942561484206,
taubin,"grid:amplitude_x_quadrature:amplitude_ratio=1.15,quadrature_error_rad=0.2",50,0,0,0.0,0.0,0.0,,6.929857353917058e-09,6.929675966838372e-09,1.8326749498221482e-12,6.926915739154047e-09,6.93260081118229e-09,1.162057635756815e-08,0.13761560653281307,
fitzgibbon,"grid:amplitude_x_quadrature:amplitude_ratio=1.15,quadrature_error_rad=0.25",50,0,0,0.0,0.0,0.0,,7.675174352173029e-11,7.720906391408976e-11,2.47161652027521e-12,7.276414191640654e-11,8.088657252112635e-11,1.8994273603253022e-10,0.0015241638027691266,
halir_flusser,"grid:amplitude_x_quadrature:amplitude_ratio=1.15,quadrature_error_rad=0.25",50,0,0,0.0,0.0,0.0,,7.675174352179764e-11,7.720906391409812e-11,2.471616520258786e-12,7.27641419167864e-11,8.088657252117567e-11,1.8994273603251414e-10,0.0015241638027704645,
heydemann,"grid:amplitude_x_quadrature:amplitude_ratio=1.15,quadrature_error_rad=0.25",50,0,0,0.0,0.0,0.0,,4.953308830606435e-11,4.959367730819817e-11,1.5969416798257333e-12,4.712935643162733e-11,5.2340674778434864e-11,2.0181092833479765e-10,0.0009836459313018095,
kasa,"grid:amplitude_x_quadrature:amplitude_ratio=1.15,quadrature_error_rad=0.25",50,0,0,0.0,0.0,0.0,,8.465855089404858e-09,8.465766645955997e-09,2.085024129398461e-12,8.463267404249924e-09,8.468850352216426e-09,1.4035098962567172e-08,0.16811800350967177,
koning_wimmer_witkovsky,"grid:amplitude_x_quadrature:amplitude_ratio=1.15,quadrature_error_rad=0.25",50,0,0,0.0,0.0,0.0,1.0,8.037764576188917e-11,8.047959131062593e-11,2.3164015332355473e-12,7.68494040257982e-11,8.446751363694519e-11,1.7859950335385614e-10,0.0015961682771074193,
raw_atan2,"grid:amplitude_x_quadrature:amplitude_ratio=1.15,quadrature_error_rad=0.25",50,0,0,0.0,0.0,0.0,,8.512214077223153e-09,8.512104389541016e-09,2.056083803732179e-12,8.509581072016535e-09,8.515174593389442e-09,1.4606914623763439e-08,0.16903861700877296,
taubin,"grid:amplitude_x_quadrature:amplitude_ratio=1.15,quadrature_error_rad=0.25",50,0,0,0.0,0.0,0.0,,8.465885407051079e-09,8.465797600305788e-09,2.0839000759691904e-12,8.463297932393475e-09,8.468876734082243e-09,1.4042553262890337e-08,0.16811860556842415,
fitzgibbon,"grid:amplitude_x_quadrature:amplitude_ratio=1.15,quadrature_error_rad=0.3",50,0,0,0.0,0.0,0.0,,8.263416933415183e-11,8.278921684462905e-11,3.057041151321414e-12,7.757691808565763e-11,8.737684326988497e-11,2.3260693884015687e-10,0.001640979136002948,
halir_flusser,"grid:amplitude_x_quadrature:amplitude_ratio=1.15,quadrature_error_rad=0.3",50,0,0,0.0,0.0,0.0,,8.263416933430349e-11,8.278921684480702e-11,3.0570411513362783e-12,7.757691808581621e-11,8.737684326997016e-11,2.3260693884018192e-10,0.0016409791360059594,
heydemann,"grid:amplitude_x_quadrature:amplitude_ratio=1.15,quadrature_error_rad=0.3",50,0,0,0.0,0.0,0.0,,5.533821947942709e-11,5.5553143250442504e-11,2.071184568153764e-12,5.207595347105929e-11,5.840084608219319e-11,2.3895397716106995e-10,0.0010989263197174952,
kasa,"grid:amplitude_x_quadrature:amplitude_ratio=1.15,quadrature_error_rad=0.3",50,0,0,0.0,0.0,0.0,,1.0034415942041944e-08,1.0034132858595494e-08,2.5379909901463135e-12,1.003071870954609e-08,1.0038762572770692e-08,1.6562736482056697e-08,0.19926705061051375,
koning_wimmer_witkovsky,"grid:amplitude_x_quadrature:amplitude_ratio=1.15,quadrature_error_rad=0.3",50,0,0,0.0,0.0,0.0,1.0,8.579255336646292e-11,8.587187385602223e-11,2.787320433192036e-12,8.12330387545155e-11,8.977759613460911e-11,2.1775840130074287e-10,0.001703699465163023,
raw_atan2,"grid:amplitude_x_quadrature:amplitude_ratio=1.15,quadrature_error_rad=0.3",50,0,0,0.0,0.0,0.0,,1.007290250145213e-08,1.0072719328387457e-08,2.569704569960757e-12,1.0069247171576812e-08,1.0077594985632545e-08,1.7116936407790714e-08,0.20003133058715716,
taubin,"grid:amplitude_x_quadrature:amplitude_ratio=1.15,quadrature_error_rad=0.3",50,0,0,0.0,0.0,0.0,,1.0034450205675205e-08,1.0034166386550542e-08,2.5358788969067917e-12,1.0030755694950038e-08,1.0038786865912246e-08,1.657267709911123e-08,0.19926773103009993,
fitzgibbon,"grid:amplitude_x_quadrature:amplitude_ratio=1.15,quadrature_error_rad=0.4",50,0,0,0.0,0.0,0.0,,9.396467215671315e-11,9.417139018917835e-11,2.9283339546383403e-12,9.00542165421692e-11,9.804378115345829e-11,3.2121851795391517e-10,0.0018659843473103886,
halir_flusser,"grid:amplitude_x_quadrature:amplitude_ratio=1.15,quadrature_error_rad=0.4",50,0,0,0.0,0.0,0.0,,9.39646721569787e-11,9.417139018937094e-11,2.9283339545615188e-12,9.005421654288897e-11,9.804378115336885e-11,3.2121851795391434e-10,0.0018659843473156617,
heydemann,"grid:amplitude_x_quadrature:amplitude_ratio=1.15,quadrature_error_rad=0.4",50,0,0,0.0,0.0,0.0,,6.732336866952017e-11,6.75606721213713e-11,2.071078988082583e-12,6.34990867351471e-11,7.039993399921162e-11,3.262834493408349e-10,0.0013369317346844612,
kasa,"grid:amplitude_x_quadrature:amplitude_ratio=1.15,quadrature_error_rad=0.4",50,0,0,0.0,0.0,0.0,,1.3234292211301153e-08,1.3234698974250879e-08,2.1981521573627636e-12,1.323033790721033e-08,1.3237073502637538e-08,2.1694026641064846e-08,0.2628113475757543,
koning_wimmer_witkovsky,"grid:amplitude_x_quadrature:amplitude_ratio=1.15,quadrature_error_rad=0.4",50,0,0,0.0,0.0,0.0,1.0,9.640312426126287e-11,9.668056614198025e-11,2.645979036480136e-12,9.2160915901803e-11,1.0004989489074466e-10,2.9840888897755304e-10,0.0019144080086111717,
raw_atan2,"grid:amplitude_x_quadrature:amplitude_ratio=1.15,quadrature_error_rad=0.4",50,0,0,0.0,0.0,0.0,,1.3262680306494504e-08,1.3263008624601311e-08,2.2155412259797857e-12,1.3258534428827238e-08,1.3265505609838632e-08,2.2317790316265834e-08,0.26337508860804776,
taubin,"grid:amplitude_x_quadrature:amplitude_ratio=1.15,quadrature_error_rad=0.4",50,0,0,0.0,0.0,0.0,,1.32343524757378e-08,1.3234758401074413e-08,2.1953999658558464e-12,1.3230410032445615e-08,1.3237128832785033e-08,2.1714060610742467e-08,0.26281254432867107,
fitzgibbon,"grid:amplitude_x_quadrature:amplitude_ratio=1.15,quadrature_error_rad=0.5",50,0,0,0.0,0.0,0.0,,1.0697876698019044e-10,1.068228444245348e-10,2.6898913903434967e-12,1.0357360701137955e-10,1.1160372714729889e-10,4.137536578070258e-10,0.0021244229357462747,
halir_flusser,"grid:amplitude_x_quadrature:amplitude_ratio=1.15,quadrature_error_rad=0.5",50,0,0,0.0,0.0,0.0,,1.0697876698017692e-10,1.0682284442461723e-10,2.6898913903610004e-12,1.0357360701121518e-10,1.1160372714733366e-10,4.1375365780703026e-10,0.0021244229357460067,
heydemann,"grid:amplitude_x_quadrature:amplitude_ratio=1.15,quadrature_error_rad=0.5",50,0,0,0.0,0.0,0.0,,8.146789667787481e-11,8.120325661523634e-11,1.6715853396130485e-12,7.899140587440296e-11,8.431495745341652e-11,4.14458660038119e-10,0.0016178188729875085,
kasa,"grid:amplitude_x_quadrature:amplitude_ratio=1.15,quadrature_error_rad=0.5",50,0,0,0.0,0.0,0.0,,1.649749514227167e-08,1.6497244804568536e-08,2.7832876233738027e-12,1.6493658296861734e-08,1.6501088308173944e-08,2.6990825813844926e-08,0.327613208227522,
koning_wimmer_witkovsky,"grid:amplitude_x_quadrature:amplitude_ratio=1.15,quadrature_error_rad=0.5",50,0,0,0.0,0.0,0.0,1.0,1.0945858059752088e-10,1.093259037057675e-10,2.4512918662779786e-12,1.0643673894920476e-10,1.1387333752961694e-10,3.8125832730694455e-10,0.002173667968884563,
raw_atan2,"grid:amplitude_x_quadrature:amplitude_ratio=1.15,quadrature_error_rad=0.5",50,0,0,0.0,0.0,0.0,,1.651976221643454e-08,1.6519336584348345e-08,2.781624609226522e-12,1.6515984343206936e-08,1.652329488420601e-08,2.765556030812292e-08,0.3280553958166939,
taubin,"grid:amplitude_x_quadrature:amplitude_ratio=1.15,quadrature_error_rad=0.5",50,0,0,0.0,0.0,0.0,,1.6497654189215387e-08,1.649738374800504e-08,2.7889472330418153e-12,1.6493815596347732e-08,1.6501261356336905e-08,2.703802579137735e-08,0.32761636663908933,
fitzgibbon,"grid:amplitude_x_quadrature:amplitude_ratio=1.2,quadrature_error_rad=0.0",50,0,0,0.0,0.0,0.0,,3.7960419662271524e-10,3.79924483521343e-10,1.848557129534799e-12,3.768232382188846e-10,3.8215722983572815e-10,6.86351878588711e-10,0.007538317037811488,
halir_flusser,"grid:amplitude_x_quadrature:amplitude_ratio=1.2,quadrature_error_rad=0.0",50,0,0,0.0,0.0,0.0,,3.7960419662271917e-10,3.799244835213659e-10,1.8485571295404048e-12,3.768232382188921e-10,3.8215722983576786e-10,6.86351878588719e-10,0.007538317037811567,
heydemann,"grid:amplitude_x_quadrature:amplitude_ratio=1.2,quadrature_error_rad=0.0",50,0,0,0.0,0.0,0.0,,2.12594865464612e-10,2.1277477134110907e-10,1.0717882034592293e-12,2.1049910881257475e-10,2.1393615639168712e-10,3.789236004592836e-10,0.0042217855090678595,
kasa,"grid:amplitude_x_quadrature:amplitude_ratio=1.2,quadrature_error_rad=0.0",50,0,0,0.0,0.0,0.0,,3.2452815132528577e-09,3.2453640225671147e-09,2.1468623690645673e-12,3.2416016919785386e-09,3.2485725973655403e-09,4.9010959030113505e-09,0.06444597067551168,
koning_wimmer_witkovsky,"grid:amplitude_x_quadrature:amplitude_ratio=1.2,quadrature_error_rad=0.0",50,0,0,0.0,0.0,0.0,1.0,4.2552521183489804e-10,4.25802673964032e-10,1.7213166182570812e-12,4.228315539042273e-10,4.280073533689133e-10,7.797484572616518e-10,0.008450233118949152,
raw_atan2,"grid:amplitude_x_quadrature:amplitude_ratio=1.2,quadrature_error_rad=0.0",50,0,0,0.0,0.0,0.0,,3.3606585633424574e-09,3.3603628793050427e-09,2.1598672947034452e-12,3.3571698257806813e-09,3.3643176934198666e-09,5.885137278792688e-09,0.06673716974601952,
taubin,"grid:amplitude_x_quadrature:amplitude_ratio=1.2,quadrature_error_rad=0.0",50,0,0,0.0,0.0,0.0,,3.2466950923910216e-09,3.2467756000026603e-09,2.1424342789962968e-12,3.2430190648805354e-09,3.2499710103559448e-09,4.915646842902509e-09,0.06447404203983355,
fitzgibbon,"grid:amplitude_x_quadrature:amplitude_ratio=1.2,quadrature_error_rad=0.02",50,0,0,0.0,0.0,0.0,,3.7877736667216273e-10,3.7891742360798105e-10,2.1819822332787524e-12,3.750787103593024e-10,3.8241753378296703e-10,6.918835740560037e-10,0.007521897550463677,
halir_flusser,"grid:amplitude_x_quadrature:amplitude_ratio=1.2,quadrature_error_rad=0.02",50,0,0,0.0,0.0,0.0,,3.7877736667216433e-10,3.7891742360791694e-10,2.1819822332786546e-12,3.750787103593004e-10,3.8241753378289435e-10,6.918835740560003e-10,0.007521897550463711,
heydemann,"grid:amplitude_x_quadrature:amplitude_ratio=1.2,quadrature_error_rad=0.02",50,0,0,0.0,0.0,0.0,,2.1248626567884145e-10,2.1248311050824905e-10,1.0612484415413367e-12,2.1080117034183955e-10,2.1405711128608298e-10,3.769293386770764e-10,0.004219628895356368,
kasa,"grid:amplitude_x_quadrature:amplitude_ratio=1.2,quadrature_error_rad=0.02",50,0,0,0.0,0.0,0.0,,3.3106376185228835e-09,3.3108641693963257e-09,2.2116502229088126e-12,3.3070057566376927e-09,3.3140106980726365e-09,5.484749503079404e-09,0.06574383578413083,
koning_wimmer_witkovsky,"grid:amplitude_x_quadrature:amplitude_ratio=1.2,quadrature_error_rad=0.02",50,0,0,0.0,0.0,0.0,1.0,4.257735523810021e-10,4.259012953835154e-10,2.121647730746145e-12,4.22111039786789e-10,4.2920349490791214e-10,7.952133677264538e-10,0.008455164755075758,
raw_atan2,"grid:amplitude_x_quadrature:amplitude_ratio=1.2,quadrature_error_rad=0.02",50,0,0,0.0,0.0,0.0,,3.421768334182856e-09,3.422139856424073e-09,2.2518716280292755e-12,3.4182105820121706e-09,3.4252108320456356e-09,5.337020437292456e-09,0.06795070961412795,
taubin,"grid:amplitude_x_quadrature:amplitude_ratio=1.2,quadrature_error_rad=0.02",50,0,0,0.0,0.0,0.0,,3.3120234596188186e-09,3.312232596583505e-09,2.2113148392640997e-12,3.308412031306436e-09,3.31539698438526e-09,5.501053054043131e-09,0.06577135631640664,
fitzgibbon,"grid:amplitude_x_quadrature:amplitude_ratio=1.2,quadrature_error_rad=0.05",50,0,0,0.0,0.0,0.0,,3.8244185295523865e-10,3.8273395005966753e-10,2.7623342560520775e-12,3.7796718665570437e-10,3.867771835408611e-10,7.111165108569133e-10,0.007594668240641249,
halir_flusser,"grid:amplitude_x_quadrature:amplitude_ratio=1.2,quadrature_error_rad=0.05",50,0,0,0.0,0.0,0.0,,3.824418529552169e-10,3.827339500597091e-10,2.7623342560689394e-12,3.779671866556306e-10,3.867771835409102e-10,7.111165108568845e-10,0.007594668240640817,
heydemann,"grid:amplitude_x_quadrature:amplitude_ratio=1.2,quadrature_error_rad=0.05",50,0,0,0.0,0.0,0.0,,2.1549082078746165e-10,2.155080994025128e-10,1.6149615128339615e-12,2.1280457005819073e-10,2.180854520744551e-10,3.828188864807375e-10,0.004279294434272593,
kasa,"grid:amplitude_x_quadrature:amplitude_ratio=1.2,quadrature_error_rad=0.05",50,0,0,0.0,0.0,0.0,,3.6345017531321e-09,3.6345156866523525e-09,1.8611954765594427e-12,3.6315916521447685e-09,3.637632918237809e-09,6.470787815051023e-09,0.07217524656826188,
koning_wimmer_witkovsky,"grid:amplitude_x_quadrature:amplitude_ratio=1.2,quadrature_error_rad=0.05",50,0,0,0.0,0.0,0.0,1.0,4.295803603960209e-10,4.296658899367564e-10,2.5255531270520478e-12,4.253792816838276e-10,4.334464263385727e-10,8.120086009774935e-10,0.00853076172153347,
raw_atan2,"grid:amplitude_x_quadrature:amplitude_ratio=1.2,quadrature_error_rad=0.05",50,0,0,0.0,0.0,0.0,,3.73349198205283e-09,3.73358482541e-09,1.7035775933519901e-12,3.73084948669613e-09,3.736098176331714e-09,6.28099285468334e-09,0.07414103023421977,
taubin,"grid:amplitude_x_quadrature:amplitude_ratio=1.2,quadrature_error_rad=0.05",50,0,0,0.0,0.0,0.0,,3.6358378510601034e-09,3.6358408152591724e-09,1.868055090260669e-12,3.6329236793856932e-09,3.638985754665367e-09,6.490109122364066e-09,0.0722017792827694,
fitzgibbon,"grid:amplitude_x_quadrature:amplitude_ratio=1.2,quadrature_error_rad=0.1",50,0,0,0.0,0.0,0.0,,3.8882866174062905e-10,3.885786848486318e-10,2.1844951659102587e-12,3.857978847280521e-10,3.923384289768773e-10,7.478933822721538e-10,0.00772149979285405,
halir_flusser,"grid:amplitude_x_quadrature:amplitude_ratio=1.2,quadrature_error_rad=0.1",50,0,0,0.0,0.0,0.0,,3.88828661740695e-10,3.88578684848719e-10,2.1844951658996573e-12,3.857978847281827e-10,3.923384289769211e-10,7.478933822725759e-10,0.007721499792855361,
heydemann,"grid:amplitude_x_quadrature:amplitude_ratio=1.2,quadrature_error_rad=0.1",50,0,0,0.0,0.0,0.0,,2.2037003214049973e-10,2.2026783069527028e-10,1.2322395234723973e-12,2.186294247371199e-10,2.2272842930603618e-10,4.34980567573368e-10,0.004376187572970546,
kasa,"grid:amplitude_x_quadrature:amplitude_ratio=1.2,quadrature_error_rad=0.1",50,0,0,0.0,0.0,0.0,,4.6079361532903244e-09,4.6082627317582e-09,2.1991412669833143e-12,4.603482660163748e-09,4.611375955348347e-09,8.367383964022767e-09,0.0915060579480891,
koning_wimmer_witkovsky,"grid:amplitude_x_quadrature:amplitude_ratio=1.2,quadrature_error_rad=0.1",50,0,0,0.0,0.0,0.0,1.0,4.3526680824707374e-10,4.3508211158855477e-10,2.065889419915357e-12,4.3237703247449546e-10,4.384772751692037e-10,8.46183856175008e-10,0.008643685253732516,
raw_atan2,"grid:amplitude_x_quadrature:amplitude_ratio=1.2,quadrature_error_rad=0.1",50,0,0,0.0,0.0,0.0,,4.683294730306164e-09,4.683658461548051e-09,2.1872441163370395e-12,4.679361014055684e-09,4.6867399805694355e-09,8.253316240558597e-09,0.09300255574794969,
taubin,"grid:amplitude_x_quadrature:amplitude_ratio=1.2,quadrature_error_rad=0.1",50,0,0,0.0,0.0,0.0,,4.609182015242842e-09,4.609503055230939e-09,2.1981786370422123e-12,4.604718501091741e-09,4.612653289634116e-09,8.391987576089402e-09,0.09153079872405255,
fitzgibbon,"grid:amplitude_x_quadrature:amplitude_ratio=1.2,quadrature_error_rad=0.15",50,0,0,0.0,0.0,0.0,,4.005154472743656e-10,4.002920478391084e-10,2.3470529684862684e-12,3.973315500717146e-10,4.0467132869554195e-10,7.849329946026263e-10,0.007953580194730577,
halir_flusser,"grid:amplitude_x_quadrature:amplitude_ratio=1.2,quadrature_error_rad=0.15",50,0,0,0.0,0.0,0.0,,4.0051544727438547e-10,4.002920478391477e-10,2.3470529685024412e-12,3.9733155007177083e-10,4.0467132869560864e-10,7.849329946026827e-10,0.007953580194730971,
heydemann,"grid:amplitude_x_quadrature:amplitude_ratio=1.2,quadrature_error_rad=0.15",50,0,0,0.0,0.0,0.0,,2.3043630710640102e-10,2.3049408815680145e-10,1.3508218642119621e-12,2.2802091903523707e-10,2.3228838140933603e-10,5.224073413652805e-10,0.0045760872915665655,
kasa,"grid:amplitude_x_quadrature:amplitude_ratio=1.2,quadrature_error_rad=0.15",50,0,0,0.0,0.0,0.0,,5.885058180614077e-09,5.885270049440075e-09,1.947614845560715e-12,5.881750076719849e-09,5.8879117080424566e-09,1.0474310728620679e-08,0.11686760775073131,
koning_wimmer_witkovsky,"grid:amplitude_x_quadrature:amplitude_ratio=1.2,quadrature_error_rad=0.15",50,0,0,0.0,0.0,0.0,1.0,4.4573438608127536e-10,4.4552277841743506e-10,2.1317073298659207e-12,4.42922058522582e-10,4.4988025088599897e-10,8.836515793607376e-10,0.008851554189413975,
raw_atan2,"grid:amplitude_x_quadrature:amplitude_ratio=1.2,quadrature_error_rad=0.15",50,0,0,0.0,0.0,0.0,,5.941951006110423e-09,5.942166218521702e-09,1.883238893329225e-12,5.9385523222405026e-09,5.944593073552778e-09,1.0446934706252992e-08,0.11799740599738931,
taubin,"grid:amplitude_x_quadrature:amplitude_ratio=1.2,quadrature_error_rad=0.15",50,0,0,0.0,0.0,0.0,,5.886272233425932e-09,5.8864895583005385e-09,1.9457379586139477e-12,5.8829723905708805e-09,5.889128841855885e-09,1.0506518604065434e-08,0.11689171684930778,
fitzgibbon,"grid:amplitude_x_quadrature:amplitude_ratio=1.2,quadrature_error_rad=0.2",50,0,0,0.0,0.0,0.0,,4.150051775896474e-10,4.15060232294259e-10,1.7853317431368314e-12,4.1180773987646265e-10,4.1746172910197936e-10,8.178558255942616e-10,0.008241322484939091,
halir_flusser,"grid:amplitude_x_quadrature:amplitude_ratio=1.2,quadrature_error_rad=0.2",50,0,0,0.0,0.0,0.0,,4.1500517758961734e-10,4.1506023229416527e-10,1.7853317431146064e-12,4.118077398765709e-10,4.174617291020079e-10,8.17855825594172e-10,0.008241322484938491,
heydemann,"grid:amplitude_x_quadrature:amplitude_ratio=1.2,quadrature_error_rad=0.2",50,0,0,0.0,0.0,0.0,,2.426027389879541e-10,2.425341131504104e-10,1.0421026030955876e-12,2.410851873320326e-10,2.4422607319733153e-10,6.42543402914442e-10,0.004817692683598728,
kasa,"grid:amplitude_x_quadrature:amplitude_ratio=1.2,quadrature_error_rad=0.2",50,0,0,0.0,0.0,0.0,,7.311281026255458e-09,7.311344456401096e-09,2.1726074419562765e-12,7.307713847279702e-09,7.314736151997056e-09,1.2754132571419585e-08,0.1451900553755663,
koning_wimmer_witkovsky,"grid:amplitude_x_quadrature:amplitude_ratio=1.2,quadrature_error_rad=0.2",50,0,0,0.0,0.0,0.0,1.0,4.571333992884823e-10,4.5728705349824284e-10,1.6894526741195129e-12,4.5420226383650197e-10,4.595088321898601e-10,9.167009404994094e-10,0.009077919904647444,
raw_atan2,"grid:amplitude_x_quadrature:amplitude_ratio=1.2,quadrature_error_rad=0.2",50,0,0,0.0,0.0,0.0,,7.355467453533136e-09,7.355608117107411e-09,2.1009145687845467e-12,7.352143837016812e-09,7.359005851082994e-09,1.2777923452799493e-08,0.14606752538393505,
taubin,"grid:amplitude_x_quadrature:amplitude_ratio=1.2,quadrature_error_rad=0.2",50,0,0,0.0,0.0,0.0,,7.3125574648368055e-09,7.312673621942006e-09,2.1724116432854185e-12,7.308976548747126e-09,7.3160046883493685e-09,1.2797591821870613e-08,0.14521540335325228,
fitzgibbon,"grid:amplitude_x_quadrature:amplitude_ratio=1.2,quadrature_error_rad=0.25",50,0,0,0.0,0.0,0.0,,4.344949978811013e-10,4.344577144749669e-10,2.5290787375995032e-12,4.3087339102758604e-10,4.3854848285544914e-10,8.527084247148357e-10,0.008628358365137676,
halir_flusser,"grid:amplitude_x_quadrature:amplitude_ratio=1.2,quadrature_error_rad=0.25",50,0,0,0.0,0.0,0.0,,4.3449499788111447e-10,4.3445771447494506e-10,2.5290787376004908e-12,4.3087339102749076e-10,4.385484828554353e-10,8.527084247148749e-10,0.008628358365137938,
heydemann,"grid:amplitude_x_quadrature:amplitude_ratio=1.2,quadrature_error_rad=0.25",50,0,0,0.0,0.0,0.0,,2.5936626867567276e-10,2.5920666327042625e-10,1.588307640022329e-12,2.5712595197744285e-10,2.620193355931584e-10,7.347605932850062e-10,0.005150588901773009,
kasa,"grid:amplitude_x_quadrature:amplitude_ratio=1.2,quadrature_error_rad=0.25",50,0,0,0.0,0.0,0.0,,8.815390467800458e-09,8.815494952703782e-09,2.241428427944662e-12,8.81207997782755e-09,8.819155613248673e-09,1.515236005483086e-08,0.17505920311104556,
koning_wimmer_witkovsky,"grid:amplitude_x_quadrature:amplitude_ratio=1.2,quadrature_error_rad=0.25",50,0,0,0.0,0.0,0.0,1.0,4.738530020275176e-10,4.738837075869878e-10,2.31377908499539e-12,4.70368280490259e-10,4.776746172329745e-10,9.570197692451486e-10,0.00940994380563286,
raw_atan2,"grid:amplitude_x_quadrature:amplitude_ratio=1.2,quadrature_error_rad=0.25",50,0,0,0.0,0.0,0.0,,8.850736773601098e-09,8.85073647057375e-09,2.186128105590372e-12,8.84740143602047e-09,8.85441546986148e-09,1.520133607735777e-08,0.1757611227990028,
taubin,"grid:amplitude_x_quadrature:amplitude_ratio=1.2,quadrature_error_rad=0.25",50,0,0,0.0,0.0,0.0,,8.816778685278067e-09,8.816884872006054e-09,2.241156348552606e-12,8.813485971950438e-09,8.820542775558724e-09,1.5210048156221245e-08,0.17508677083436566,
fitzgibbon,"grid:amplitude_x_quadrature:amplitude_ratio=1.2,quadrature_error_rad=0.3",50,0,0,0.0,0.0,0.0,,4.546005714935744e-10,4.543993413254631e-10,2.801334352835684e-12,4.5009273950953023e-10,4.597763801644646e-10,8.797974989642215e-10,0.009027622096851675,
halir_flusser,"grid:amplitude_x_quadrature:amplitude_ratio=1.2,quadrature_error_rad=0.3",50,0,0,0.0,0.0,0.0,,4.5460057149359564e-10,4.543993413255988e-10,2.8013343528082013e-12,4.500927395096383e-10,4.597763801644023e-10,8.797974989642734e-10,0.009027622096852093,
heydemann,"grid:amplitude_x_quadrature:amplitude_ratio=1.2,quadrature_error_rad=0.3",50,0,0,0.0,0.0,0.0,,2.782803248188102e-10,2.7841852966200937e-10,1.646762577905702e-12,2.7568961735281925e-10,2.8146585276871023e-10,8.57480845526459e-10,0.005526191049869504,
kasa,"grid:amplitude_x_quadrature:amplitude_ratio=1.2,quadrature_error_rad=0.3",50,0,0,0.0,0.0,0.0,,1.0367085290984808e-08,1.0366930732179244e-08,1.6387429008657457e-12,1.0364614544380108e-08,1.0369359848176512e-08,1.762180087551884e-08,0.20587331851641388,
koning_wimmer_witkovsky,"grid:amplitude_x_quadrature:amplitude_ratio=1.2,quadrature_error_rad=0.3",50,0,0,0.0,0.0,0.0,1.0,4.897387970623747e-10,4.895131140163585e-10,2.5248565084492285e-12,4.852558077277679e-10,4.941117359508008e-10,9.87800619901524e-10,0.009725409652522497,
raw_atan2,"grid:amplitude_x_quadrature:amplitude_ratio=1.2,quadrature_error_rad=0.3",50,0,0,0.0,0.0,0.0,,1.0396219610314714e-08,1.0396021136158527e-08,1.6172617530447782e-12,1.039387507818298e-08,1.0398558533385268e-08,1.7727360568708832e-08,0.20645187833673107,
taubin,"grid:amplitude_x_quadrature:amplitude_ratio=1.2,quadrature_error_rad=0.3",50,0,0,0.0,0.0,0.0,,1.0368757178039093e-08,1.0368605153942416e-08,1.6343615793652577e-12,1.0366296212122658e-08,1.0371008617209079e-08,1.7701573161300307e-08,0.20590651945249083,
fitzgibbon,"grid:amplitude_x_quadrature:amplitude_ratio=1.2,quadrature_error_rad=0.4",50,0,0,0.0,0.0,0.0,,5.049372960777459e-10,5.052122017095261e-10,3.08333298617275e-12,4.988647918068752e-10,5.098047236214735e-10,1.03304228156936e-09,0.01002722692718926,
halir_flusser,"grid:amplitude_x_quadrature:amplitude_ratio=1.2,quadrature_error_rad=0.4",50,0,0,0.0,0.0,0.0,,5.04937296077756e-10,5.0521220170945e-10,3.08333298616472e-12,4.98864791806899e-10,5.098047236215531e-10,1.0330422815694112e-09,0.010027226927189459,
heydemann,"grid:amplitude_x_quadrature:amplitude_ratio=1.2,quadrature_error_rad=0.4",50,0,0,0.0,0.0,0.0,,3.255400338494776e-10,3.2594108608285386e-10,1.7993616152225317e-12,3.225490998729246e-10,3.284506748024527e-10,1.0784463378252813e-09,0.006464691395644067,
kasa,"grid:amplitude_x_quadrature:amplitude_ratio=1.2,quadrature_error_rad=0.4",50,0,0,0.0,0.0,0.0,,1.3558989666021236e-08,1.3558961068457696e-08,2.158945173253694e-12,1.3555636910266075e-08,1.3562238317052612e-08,2.2765810022262182e-08,0.26925930673117726,
koning_wimmer_witkovsky,"grid:amplitude_x_quadrature:amplitude_ratio=1.2,quadrature_error_rad=0.4",50,0,0,0.0,0.0,0.0,1.0,5.332571444167267e-10,5.333052547495785e-10,2.737310193218216e-12,5.283510317512719e-10,5.376033216857122e-10,1.0605997481241014e-09,0.01058961268883603,
raw_atan2,"grid:amplitude_x_quadrature:amplitude_ratio=1.2,quadrature_error_rad=0.4",50,0,0,0.0,0.0,0.0,,1.3579752785615593e-08,1.3579690864422011e-08,2.1464966680469753e-12,1.3576291488996096e-08,1.3583025763513126e-08,2.2847783840894805e-08,0.26967162824813823,
taubin,"grid:amplitude_x_quadrature:amplitude_ratio=1.2,quadrature_error_rad=0.4",50,0,0,0.0,0.0,0.0,,1.3561955559665914e-08,1.3561931531401909e-08,2.1438450133815224e-12,1.3558665202746238e-08,1.3565185222745532e-08,2.292206243338391e-08,0.26931820451679955,
fitzgibbon,"grid:amplitude_x_quadrature:amplitude_ratio=1.2,quadrature_error_rad=0.5",50,0,0,0.0,0.0,0.0,,5.613684806411898e-10,5.608367774722823e-10,3.2876214158760323e-12,5.566623059557211e-10,5.666696175970373e-10,1.361692452677444e-09,0.011147857741714446,
halir_flusser,"grid:amplitude_x_quadrature:amplitude_ratio=1.2,quadrature_error_rad=0.5",50,0,0,0.0,0.0,0.0,,5.613684806411978e-10,5.608367774722031e-10,3.2876214158470665e-12,5.566623059557339e-10,5.666696175969936e-10,1.3616924526774315e-09,0.011147857741714609,
heydemann,"grid:amplitude_x_quadrature:amplitude_ratio=1.2,quadrature_error_rad=0.5",50,0,0,0.0,0.0,0.0,,3.833334892970705e-10,3.831404087107486e-10,1.980395154808195e-12,3.797824201259596e-10,3.8663462261182634e-10,1.3640881303763673e-09,0.007612374676679004,
kasa,"grid:amplitude_x_quadrature:amplitude_ratio=1.2,quadrature_error_rad=0.5",50,0,0,0.0,0.0,0.0,,1.683244369135503e-08,1.6832598876746532e-08,1.836591578081793e-12,1.6829166496079693e-08,1.683541359971686e-08,2.8082992835659358e-08,0.33426473731178774,
koning_wimmer_witkovsky,"grid:amplitude_x_quadrature:amplitude_ratio=1.2,quadrature_error_rad=0.5",50,0,0,0.0,0.0,0.0,1.0,5.849135847167002e-10,5.846708500164835e-10,2.7895888375079008e-12,5.810500463411819e-10,5.893101292347539e-10,1.1718559094532408e-09,0.01161542490980314,
raw_atan2,"grid:amplitude_x_quadrature:amplitude_ratio=1.2,quadrature_error_rad=0.5",50,0,0,0.0,0.0,0.0,,1.6848152421969714e-08,1.6848306147219228e-08,1.8224788545984068e-12,1.6844989430207186e-08,1.6851086181475265e-08,2.8142156652673467e-08,0.33457668694956477,
taubin,"grid:amplitude_x_quadrature:amplitude_ratio=1.2,quadrature_error_rad=0.5",50,0,0,0.0,0.0,0.0,,1.6841683296151965e-08,1.6841861034097137e-08,1.8415116263024496e-12,1.6838319902540377e-08,1.6844566108323983e-08,2.8479621850443134e-08,0.3344482207160363,
fitzgibbon,"grid:amplitude_x_quadrature:amplitude_ratio=1.25,quadrature_error_rad=0.0",50,0,0,0.0,0.0,0.0,,7.641535800232742e-10,7.646160640855982e-10,2.184125220896661e-12,7.605356774970772e-10,7.672995142978779e-10,1.3787424721082594e-09,0.015174837378100244,
halir_flusser,"grid:amplitude_x_quadrature:amplitude_ratio=1.25,quadrature_error_rad=0.0",50,0,0,0.0,0.0,0.0,,7.641535800232769e-10,7.646160640856467e-10,2.184125220879818e-12,7.605356774970536e-10,7.672995142978294e-10,1.378742472108193e-09,0.015174837378100292,
heydemann,"grid:amplitude_x_quadrature:amplitude_ratio=1.25,quadrature_error_rad=0.0",50,0,0,0.0,0.0,0.0,,4.4455761844720524e-10,4.4466206773516843e-10,1.3492661124934835e-12,4.4254772882296273e-10,4.465909922943378e-10,7.810953229640732e-10,0.008828185513344591,
kasa,"grid:amplitude_x_quadrature:amplitude_ratio=1.25,quadrature_error_rad=0.0",50,0,0,0.0,0.0,0.0,,3.982193198268345e-09,3.982174793166502e-09,2.0918257977291457e-12,3.978957692990913e-09,3.98545824911297e-09,6.2533789217499125e-09,0.07907982867797139,
koning_wimmer_witkovsky,"grid:amplitude_x_quadrature:amplitude_ratio=1.25,quadrature_error_rad=0.0",50,0,0,0.0,0.0,0.0,1.0,8.709128045007625e-10,8.709448658063894e-10,1.9834828017871325e-12,8.677785120296052e-10,8.737374295305806e-10,1.6224373728526106e-09,0.017294900559651574,
raw_atan2,"grid:amplitude_x_quadrature:amplitude_ratio=1.25,quadrature_error_rad=0.0",50,0,0,0.0,0.0,0.0,,4.035685189341029e-09,4.03541784873763e-09,2.1551573446005506e-12,4.032087193632e-09,4.0389263095209716e-09,6.875825819010219e-09,0.08014209192815996,
taubin,"grid:amplitude_x_quadrature:amplitude_ratio=1.25,quadrature_error_rad=0.0",50,0,0,0.0,0.0,0.0,,3.9776707119435014e-09,3.977663397354752e-09,2.0946080410262368e-12,3.974437356423602e-09,3.980935759602215e-09,6.225453073275249e-09,0.07899001951353342,
fitzgibbon,"grid:amplitude_x_quadrature:amplitude_ratio=1.25,quadrature_error_rad=0.02",50,0,0,0.0,0.0,0.0,,7.644619809685776e-10,7.643668170562043e-10,2.5439765838061877e-12,7.602893274518749e-10,7.693207811427354e-10,1.4025982193886523e-09,0.015180961715294462,
halir_flusser,"grid:amplitude_x_quadrature:amplitude_ratio=1.25,quadrature_error_rad=0.02",50,0,0,0.0,0.0,0.0,,7.644619809685727e-10,7.643668170562043e-10,2.5439765838137757e-12,7.602893274517779e-10,7.693207811427458e-10,1.4025982193887142e-09,0.015180961715294363,
heydemann,"grid:amplitude_x_quadrature:amplitude_ratio=1.25,quadrature_error_rad=0.02",50,0,0,0.0,0.0,0.0,,4.4513055959257344e-10,4.451252899517454e-10,1.533295972754907e-12,4.4249024671870967e-10,4.476603097905777e-10,7.831873231649766e-10,0.008839563185236045,
kasa,"grid:amplitude_x_quadrature:amplitude_ratio=1.25,quadrature_error_rad=0.02",50,0,0,0.0,0.0,0.0,,4.037012117405825e-09,4.036896668607819e-09,1.8349589845967127e-12,4.034411495791572e-09,4.0404508123061065e-09,6.870781131417869e-09,0.08016844254421693,
koning_wimmer_witkovsky,"grid:amplitude_x_quadrature:amplitude_ratio=1.25,quadrature_error_rad=0.02",50,0,0,0.0,0.0,0.0,1.0,8.741413914437795e-10,8.737520371039967e-10,2.3235603688424135e-12,8.703741534026e-10,8.782759153980011e-10,1.6549050251784149e-09,0.017359015003530577,
raw_atan2,"grid:amplitude_x_quadrature:amplitude_ratio=1.25,quadrature_error_rad=0.02",50,0,0,0.0,0.0,0.0,,4.087520869610282e-09,4.087012113886451e-09,1.8858399519929757e-12,4.084777243592511e-09,4.0908390630715754e-09,6.323177479722103e-09,0.08117146356107853,
taubin,"grid:amplitude_x_quadrature:amplitude_ratio=1.25,quadrature_error_rad=0.02",50,0,0,0.0,0.0,0.0,,4.032542154683721e-09,4.032453796406474e-09,1.8334460250139802e-12,4.02994463860499e-09,4.0359728308758276e-09,6.839273311611077e-09,0.08007967641242436,
fitzgibbon,"grid:amplitude_x_quadrature:amplitude_ratio=1.25,quadrature_error_rad=0.05",50,0,0,0.0,0.0,0.0,,7.717600498820444e-10,7.718132181725013e-10,2.3717180359325933e-12,7.673831309982185e-10,7.753723788675368e-10,1.4531268544912515e-09,0.015325889399769428,
halir_flusser,"grid:amplitude_x_quadrature:amplitude_ratio=1.25,quadrature_error_rad=0.05",50,0,0,0.0,0.0,0.0,,7.717600498820638e-10,7.71813218172537e-10,2.3717180359207405e-12,7.673831309982506e-10,7.753723788675388e-10,1.4531268544912964e-09,0.01532588939976981,
heydemann,"grid:amplitude_x_quadrature:amplitude_ratio=1.25,quadrature_error_rad=0.05",50,0,0,0.0,0.0,0.0,,4.496378385274968e-10,4.49655285842172e-10,1.2660828156278593e-12,4.4761475938152086e-10,4.516032582754097e-10,8.069137337397733e-10,0.008929070355840566,
kasa,"grid:amplitude_x_quadrature:amplitude_ratio=1.25,quadrature_error_rad=0.05",50,0,0,0.0,0.0,0.0,,4.312021149951367e-09,4.31221420297989e-09,1.9583864228472956e-12,4.309111438232689e-09,4.314778856892382e-09,7.868780290083145e-09,0.0856296710923579,
koning_wimmer_witkovsky,"grid:amplitude_x_quadrature:amplitude_ratio=1.25,quadrature_error_rad=0.05",50,0,0,0.0,0.0,0.0,1.0,8.81650002740264e-10,8.818098509495473e-10,2.1970714735258314e-12,8.774705930279493e-10,8.848862551217304e-10,1.6975106528847101e-09,0.017508123714577967,
raw_atan2,"grid:amplitude_x_quadrature:amplitude_ratio=1.25,quadrature_error_rad=0.05",50,0,0,0.0,0.0,0.0,,4.3562472387726904e-09,4.356252779139334e-09,1.9094969593337107e-12,4.353021259120333e-09,4.359010573104944e-09,7.248231632924042e-09,0.086507928713964,
taubin,"grid:amplitude_x_quadrature:amplitude_ratio=1.25,quadrature_error_rad=0.05",50,0,0,0.0,0.0,0.0,,4.307669316313994e-09,4.307904860782757e-09,1.9519224874834506e-12,4.304756807129833e-09,4.3103898241196466e-09,7.83211240400794e-09,0.08554325081053228,
fitzgibbon,"grid:amplitude_x_quadrature:amplitude_ratio=1.25,quadrature_error_rad=0.1",50,0,0,0.0,0.0,0.0,,7.8086886009611e-10,7.809883806678805e-10,1.9823125064320976e-12,7.773769924775269e-10,7.838211776526597e-10,1.5144892256700868e-09,0.015506775438021337,
halir_flusser,"grid:amplitude_x_quadrature:amplitude_ratio=1.25,quadrature_error_rad=0.1",50,0,0,0.0,0.0,0.0,,7.808688600961107e-10,7.809883806678498e-10,1.982312506435525e-12,7.773769924775262e-10,7.838211776526611e-10,1.5144892256701164e-09,0.015506775438021347,
heydemann,"grid:amplitude_x_quadrature:amplitude_ratio=1.25,quadrature_error_rad=0.1",50,0,0,0.0,0.0,0.0,,4.568044523126076e-10,4.5679044169136337e-10,1.121472847110265e-12,4.549265499103985e-10,4.5852597278660843e-10,8.327689981915883e-10,0.009071387556968374,
kasa,"grid:amplitude_x_quadrature:amplitude_ratio=1.25,quadrature_error_rad=0.1",50,0,0,0.0,0.0,0.0,,5.178184997672562e-09,5.178266655839522e-09,2.1113934162612148e-12,5.175225430372561e-09,5.181515168706788e-09,9.74220550052656e-09,0.10283026515560684,
koning_wimmer_witkovsky,"grid:amplitude_x_quadrature:amplitude_ratio=1.25,quadrature_error_rad=0.1",50,0,0,0.0,0.0,0.0,1.0,8.911096722992338e-10,8.910616158797201e-10,1.8830746901860116e-12,8.87931080272077e-10,8.93932769020494e-10,1.7533506719216978e-09,0.017695977244235658,
raw_atan2,"grid:amplitude_x_quadrature:amplitude_ratio=1.25,quadrature_error_rad=0.1",50,0,0,0.0,0.0,0.0,,5.211228296232084e-09,5.211540702271143e-09,2.119731769453897e-12,5.207684577402888e-09,5.214144512122141e-09,9.166169011987695e-09,0.10348645089520843,
taubin,"grid:amplitude_x_quadrature:amplitude_ratio=1.25,quadrature_error_rad=0.1",50,0,0,0.0,0.0,0.0,,5.174220913012918e-09,5.174308763459897e-09,2.117178512698519e-12,5.171202208668433e-09,5.1775576834358635e-09,9.698594106108659e-09,0.1027515449328196,
fitzgibbon,"grid:amplitude_x_quadrature:amplitude_ratio=1.25,quadrature_error_rad=0.15",50,0,0,0.0,0.0,0.0,,8.045613375927528e-10,8.044821217097179e-10,1.9892951405077055e-12,8.020087405230749e-10,8.077699913403944e-10,1.596154593675e-09,0.015977269200655935,
halir_flusser,"grid:amplitude_x_quadrature:amplitude_ratio=1.25,quadrature_error_rad=0.15",50,0,0,0.0,0.0,0.0,,8.04561337592753e-10,8.044821217096884e-10,1.989295140500952e-12,8.020087405231458e-10,8.077699913403294e-10,1.5961545936749874e-09,0.015977269200655946,
heydemann,"grid:amplitude_x_quadrature:amplitude_ratio=1.25,quadrature_error_rad=0.15",50,0,0,0.0,0.0,0.0,,4.730378390944974e-10,4.727710554894124e-10,1.2288034321734172e-12,4.715173352053272e-10,4.748768103595312e-10,9.503248295464636e-10,0.009393756006126824,
kasa,"grid:amplitude_x_quadrature:amplitude_ratio=1.25,quadrature_error_rad=0.15",50,0,0,0.0,0.0,0.0,,6.365661101690857e-09,6.365798966904581e-09,1.872914373702396e-12,6.362449112382118e-09,6.368602579358399e-09,1.1814824810151014e-08,0.12641159388314982,
koning_wimmer_witkovsky,"grid:amplitude_x_quadrature:amplitude_ratio=1.25,quadrature_error_rad=0.15",50,0,0,0.0,0.0,0.0,1.0,9.123899459222706e-10,9.12192558799953e-10,1.9055388645904233e-12,9.099927427551894e-10,9.15587545249947e-10,1.832313042166212e-09,0.01811856859240578,
raw_atan2,"grid:amplitude_x_quadrature:amplitude_ratio=1.25,quadrature_error_rad=0.15",50,0,0,0.0,0.0,0.0,,6.389085699422967e-09,6.389251816208264e-09,1.955601174806244e-12,6.385795888497517e-09,6.392193572991732e-09,1.1278976737103212e-08,0.1268767679928116,
taubin,"grid:amplitude_x_quadrature:amplitude_ratio=1.25,quadrature_error_rad=0.15",50,0,0,0.0,0.0,0.0,,6.361963129994878e-09,6.362146657041195e-09,1.8767469518351486e-12,6.358736509959603e-09,6.364900291679822e-09,1.1762065652316835e-08,0.12633815822756658,
fitzgibbon,"grid:amplitude_x_quadrature:amplitude_ratio=1.25,quadrature_error_rad=0.2",50,0,0,0.0,0.0,0.0,,8.274042250303739e-10,8.276282650759969e-10,2.186705085709076e-12,8.240043554462982e-10,8.305389226748259e-10,1.6536241017730372e-09,0.0164308914975005,
halir_flusser,"grid:amplitude_x_quadrature:amplitude_ratio=1.25,quadrature_error_rad=0.2",50,0,0,0.0,0.0,0.0,,8.274042250303892e-10,8.276282650759825e-10,2.1867050857133356e-12,8.240043554464228e-10,8.305389226748004e-10,1.6536241017730924e-09,0.016430891497500804,
heydemann,"grid:amplitude_x_quadrature:amplitude_ratio=1.25,quadrature_error_rad=0.2",50,0,0,0.0,0.0,0.0,,4.920710634999471e-10,4.921745424501753e-10,1.0848545647822927e-12,4.904740526238619e-10,4.935248971323691e-10,1.0812510211222092e-09,0.009771724640553417,
kasa,"grid:amplitude_x_quadrature:amplitude_ratio=1.25,quadrature_error_rad=0.2",50,0,0,0.0,0.0,0.0,,7.731443788304142e-09,7.731254745933563e-09,2.0276779060394538e-12,7.728019518982564e-09,7.734732963945272e-09,1.4046195347697644e-08,0.15353379903273534,
koning_wimmer_witkovsky,"grid:amplitude_x_quadrature:amplitude_ratio=1.25,quadrature_error_rad=0.2",50,0,0,0.0,0.0,0.0,1.0,9.303190238735465e-10,9.306227278856507e-10,2.0631167377030813e-12,9.269949346946928e-10,9.33336858724162e-10,1.8889452663830262e-09,0.01847461068834362,
raw_atan2,"grid:amplitude_x_quadrature:amplitude_ratio=1.25,quadrature_error_rad=0.2",50,0,0,0.0,0.0,0.0,,7.748563871400485e-09,7.748083149626644e-09,2.0627547876823273e-12,7.745657828891374e-09,7.751767690453693e-09,1.3550462707645054e-08,0.1538737758170863,
taubin,"grid:amplitude_x_quadrature:amplitude_ratio=1.25,quadrature_error_rad=0.2",50,0,0,0.0,0.0,0.0,,7.727915111947766e-09,7.72769173259581e-09,2.0364135656964253e-12,7.724480298484145e-09,7.731242629757857e-09,1.3981674909773119e-08,0.15346372530506097,
fitzgibbon,"grid:amplitude_x_quadrature:amplitude_ratio=1.25,quadrature_error_rad=0.25",50,0,0,0.0,0.0,0.0,,8.636760209264738e-10,8.639448195403646e-10,2.264503735236426e-12,8.598788867510759e-10,8.669909563401989e-10,1.7272118029654146e-09,0.017151189901544087,
halir_flusser,"grid:amplitude_x_quadrature:amplitude_ratio=1.25,quadrature_error_rad=0.25",50,0,0,0.0,0.0,0.0,,8.636760209264637e-10,8.639448195403777e-10,2.264503735255677e-12,8.598788867509753e-10,8.669909563401932e-10,1.7272118029653888e-09,0.017151189901543885,
heydemann,"grid:amplitude_x_quadrature:amplitude_ratio=1.25,quadrature_error_rad=0.25",50,0,0,0.0,0.0,0.0,,5.180810659939518e-10,5.182874068282158e-10,1.2723422353680501e-12,5.155109666009736e-10,5.198562728271555e-10,1.2564614811807834e-09,0.010288240650382858,
kasa,"grid:amplitude_x_quadrature:amplitude_ratio=1.25,quadrature_error_rad=0.25",50,0,0,0.0,0.0,0.0,,9.19638485012505e-09,9.196482442162503e-09,1.8840150593867247e-12,9.193197789025401e-09,9.199260814629988e-09,1.6402714069513323e-08,0.18262512695788452,
koning_wimmer_witkovsky,"grid:amplitude_x_quadrature:amplitude_ratio=1.25,quadrature_error_rad=0.25",50,0,0,0.0,0.0,0.0,1.0,9.604898863818969e-10,9.605764604426057e-10,1.99951091822918e-12,9.573723861132219e-10,9.633897561471235e-10,1.966935902442947e-09,0.019073754556919488,
raw_atan2,"grid:amplitude_x_quadrature:amplitude_ratio=1.25,quadrature_error_rad=0.25",50,0,0,0.0,0.0,0.0,,9.208279185948921e-09,9.208438710963064e-09,1.9206395122489865e-12,9.205077359684617e-09,9.211272727362345e-09,1.5923794856259523e-08,0.1828613289682739,
taubin,"grid:amplitude_x_quadrature:amplitude_ratio=1.25,quadrature_error_rad=0.25",50,0,0,0.0,0.0,0.0,,9.192873435680991e-09,9.192955101566477e-09,1.895088703565401e-12,9.189666309698614e-09,9.195791684076416e-09,1.632442611509668e-08,0.18255539602349025,
fitzgibbon,"grid:amplitude_x_quadrature:amplitude_ratio=1.25,quadrature_error_rad=0.3",50,0,0,0.0,0.0,0.0,,8.989482634024195e-10,8.990262904023384e-10,2.468786582811547e-12,8.950583364540286e-10,9.030126601075662e-10,1.777900661448232e-09,0.017851638813289147,
halir_flusser,"grid:amplitude_x_quadrature:amplitude_ratio=1.25,quadrature_error_rad=0.3",50,0,0,0.0,0.0,0.0,,8.989482634024304e-10,8.990262904022777e-10,2.4687865828225833e-12,8.950583364540602e-10,9.030126601076742e-10,1.777900661448259e-09,0.01785163881328937,
heydemann,"grid:amplitude_x_quadrature:amplitude_ratio=1.25,quadrature_error_rad=0.3",50,0,0,0.0,0.0,0.0,,5.49732079862522e-10,5.496171756791386e-10,1.5611297942318233e-12,5.47367255939183e-10,5.525557597154796e-10,1.4472818573036218e-09,0.010916777898474945,
kasa,"grid:amplitude_x_quadrature:amplitude_ratio=1.25,quadrature_error_rad=0.3",50,0,0,0.0,0.0,0.0,,1.072645553904176e-08,1.0726089787529076e-08,2.0206399931766584e-12,1.072305878376595e-08,1.0729394020355007e-08,1.880993624970419e-08,0.21300982250639147,
koning_wimmer_witkovsky,"grid:amplitude_x_quadrature:amplitude_ratio=1.25,quadrature_error_rad=0.3",50,0,0,0.0,0.0,0.0,1.0,9.87360246359616e-10,9.875345393911762e-10,2.2955029459477506e-12,9.837648130786947e-10,9.90803839733118e-10,2.021640013117513e-09,0.019607355855941706,
raw_atan2,"grid:amplitude_x_quadrature:amplitude_ratio=1.25,quadrature_error_rad=0.3",50,0,0,0.0,0.0,0.0,,1.0735028264268776e-08,1.0734838294610997e-08,2.022590871083409e-12,1.0731988841664864e-08,1.073785160595141e-08,1.836269117625884e-08,0.21318006277563573,
taubin,"grid:amplitude_x_quadrature:amplitude_ratio=1.25,quadrature_error_rad=0.3",50,0,0,0.0,0.0,0.0,,1.0722901386763735e-08,1.0722582470749517e-08,2.018920047002675e-12,1.0719500841208076e-08,1.0725829852295783e-08,1.8715257205066212e-08,0.21293924286867735,
fitzgibbon,"grid:amplitude_x_quadrature:amplitude_ratio=1.25,quadrature_error_rad=0.4",50,0,0,0.0,0.0,0.0,,9.864583635589802e-10,9.863452771547912e-10,3.3217931632821097e-12,9.80708041363712e-10,9.918794755919591e-10,1.8821328149090484e-09,0.01958944594202972,
halir_flusser,"grid:amplitude_x_quadrature:amplitude_ratio=1.25,quadrature_error_rad=0.4",50,0,0,0.0,0.0,0.0,,9.864583635589893e-10,9.863452771548305e-10,3.3217931632521854e-12,9.807080413637828e-10,9.918794755919465e-10,1.8821328149090786e-09,0.019589445942029896,
heydemann,"grid:amplitude_x_quadrature:amplitude_ratio=1.25,quadrature_error_rad=0.4",50,0,0,0.0,0.0,0.0,,6.266105570708181e-10,6.266695188978962e-10,1.6377499522560791e-12,6.240777834750306e-10,6.30056984025965e-10,1.830252885732546e-09,0.012443458424497407,
kasa,"grid:amplitude_x_quadrature:amplitude_ratio=1.25,quadrature_error_rad=0.4",50,0,0,0.0,0.0,0.0,,1.3900085852767138e-08,1.3900128460286935e-08,2.4033230383272315e-12,1.3896183125064045e-08,1.3904099187122224e-08,2.396776684073642e-08,0.27603291782124306,
koning_wimmer_witkovsky,"grid:amplitude_x_quadrature:amplitude_ratio=1.25,quadrature_error_rad=0.4",50,0,0,0.0,0.0,0.0,1.0,1.0582261517623939e-09,1.058383601414183e-09,2.81359011931244e-12,1.0541745128859084e-09,1.0628995280905056e-09,2.1568308389267393e-09,0.0210146365626633,
raw_atan2,"grid:amplitude_x_quadrature:amplitude_ratio=1.25,quadrature_error_rad=0.4",50,0,0,0.0,0.0,0.0,,1.3903709760913473e-08,1.3903785458369587e-08,2.3954096128795583e-12,1.3899813757658188e-08,1.3907607589464568e-08,2.3480769846457017e-08,0.2761048826961471,
taubin,"grid:amplitude_x_quadrature:amplitude_ratio=1.25,quadrature_error_rad=0.4",50,0,0,0.0,0.0,0.0,,1.3896148310875026e-08,1.3896208863829942e-08,2.4040685786474705e-12,1.3892222851398463e-08,1.3900186715739347e-08,2.3835374495938768e-08,0.27595472469430593,
fitzgibbon,"grid:amplitude_x_quadrature:amplitude_ratio=1.25,quadrature_error_rad=0.5",50,0,0,0.0,0.0,0.0,,1.0883604768974798e-09,1.0881713208532803e-09,3.010260626322565e-12,1.082491886927415e-09,1.0931510611093361e-09,2.179240925509166e-09,0.021613054858903965,
halir_flusser,"grid:amplitude_x_quadrature:amplitude_ratio=1.25,quadrature_error_rad=0.5",50,0,0,0.0,0.0,0.0,,1.0883604768975001e-09,1.0881713208535342e-09,3.0102606263035212e-12,1.0824918869275625e-09,1.0931510611092346e-09,2.1792409255092164e-09,0.02161305485890436,
heydemann,"grid:amplitude_x_quadrature:amplitude_ratio=1.25,quadrature_error_rad=0.5",50,0,0,0.0,0.0,0.0,,7.233388066857941e-10,7.235585520004137e-10,1.7306438214545431e-12,7.202746879126172e-10,7.25505186606169e-10,2.2303221418647325e-09,0.01436432288963653,
kasa,"grid:amplitude_x_quadrature:amplitude_ratio=1.25,quadrature_error_rad=0.5",50,0,0,0.0,0.0,0.0,,1.717626848636822e-08,1.7176018398300535e-08,2.2231210972241747e-12,1.717221450792959e-08,1.717942638656609e-08,2.9325764508407934e-08,0.34109253408887663,
koning_wimmer_witkovsky,"grid:amplitude_x_quadrature:amplitude_ratio=1.25,quadrature_error_rad=0.5",50,0,0,0.0,0.0,0.0,1.0,1.14526189498836e-09,1.1451040774386504e-09,2.699192732510225e-12,1.1406191603799738e-09,1.1496924392159222e-09,2.2960869725915904e-09,0.022743023740403014,
raw_atan2,"grid:amplitude_x_quadrature:amplitude_ratio=1.25,quadrature_error_rad=0.5",50,0,0,0.0,0.0,0.0,,1.717614380077603e-08,1.717607649865292e-08,2.2425016210155897e-12,1.717236408246262e-08,1.717950382586568e-08,2.8782391895042164e-08,0.3410900580374201,
taubin,"grid:amplitude_x_quadrature:amplitude_ratio=1.25,quadrature_error_rad=0.5",50,0,0,0.0,0.0,0.0,,1.7171492908560653e-08,1.7171334686642192e-08,2.229533336779917e-12,1.7167448845450373e-08,1.7174643088528696e-08,2.91407568702575e-08,0.3409976989424991,
fitzgibbon,"grid:amplitude_x_quadrature:amplitude_ratio=1.3,quadrature_error_rad=0.0",50,0,0,0.0,0.0,0.0,,1.1654984389386076e-09,1.1656307116496483e-09,2.763081691651e-12,1.1612870409972211e-09,1.1701775231532413e-09,2.1142645879818543e-09,0.02314488832831796,
halir_flusser,"grid:amplitude_x_quadrature:amplitude_ratio=1.3,quadrature_error_rad=0.0",50,0,0,0.0,0.0,0.0,,1.1654984389386061e-09,1.1656307116496505e-09,2.763081691656953e-12,1.1612870409972308e-09,1.1701775231532531e-09,2.114264587981777e-09,0.02314488832831793,
heydemann,"grid:amplitude_x_quadrature:amplitude_ratio=1.3,quadrature_error_rad=0.0",50,0,0,0.0,0.0,0.0,,6.993474235332233e-10,6.992858549345469e-10,1.59807589188501e-12,6.971631984462e-10,7.015163061805002e-10,1.2293843980353301e-09,0.01388789335068852,
kasa,"grid:amplitude_x_quadrature:amplitude_ratio=1.3,quadrature_error_rad=0.0",50,0,0,0.0,0.0,0.0,,4.699511842402488e-09,4.69957254335711e-09,2.1136019450015597e-12,4.696000719619809e-09,4.703197741393359e-09,7.608995628454466e-09,0.09332460100853282,
koning_wimmer_witkovsky,"grid:amplitude_x_quadrature:amplitude_ratio=1.3,quadrature_error_rad=0.0",50,0,0,0.0,0.0,0.0,1.0,1.3422146289858394e-09,1.342145776987116e-09,2.399743754426753e-12,1.3380202900791005e-09,1.3458735515788474e-09,2.5339866855930884e-09,0.026654182161584467,
raw_atan2,"grid:amplitude_x_quadrature:amplitude_ratio=1.3,quadrature_error_rad=0.0",50,0,0,0.0,0.0,0.0,,4.680215778547834e-09,4.680014838600133e-09,1.904770367218042e-12,4.677449130311278e-09,4.682991398699997e-09,7.823811712022222e-09,0.09294141281353294,
taubin,"grid:amplitude_x_quadrature:amplitude_ratio=1.3,quadrature_error_rad=0.0",50,0,0,0.0,0.0,0.0,,4.691345822761235e-09,4.691368370696267e-09,2.094484051236343e-12,4.6879066156194e-09,4.695023819942847e-09,7.5670894794457e-09,0.09316243724548587,
fitzgibbon,"grid:amplitude_x_quadrature:amplitude_ratio=1.3,quadrature_error_rad=0.02",50,0,0,0.0,0.0,0.0,,1.1683468216706632e-09,1.1681538882301436e-09,2.099165762487074e-12,1.1649087312376648e-09,1.1713649660926542e-09,2.1546637750927915e-09,0.023201452539858027,
halir_flusser,"grid:amplitude_x_quadrature:amplitude_ratio=1.3,quadrature_error_rad=0.02",50,0,0,0.0,0.0,0.0,,1.1683468216706793e-09,1.1681538882302379e-09,2.0991657624692172e-12,1.164908731237737e-09,1.171364966092587e-09,2.1546637750927816e-09,0.02320145253985835,
heydemann,"grid:amplitude_x_quadrature:amplitude_ratio=1.3,quadrature_error_rad=0.02",50,0,0,0.0,0.0,0.0,,6.996852426856945e-10,6.996988729122803e-10,1.5383059181432202e-12,6.972252785857624e-10,7.020817362327346e-10,1.242994686679634e-09,0.013894601885250123,
kasa,"grid:amplitude_x_quadrature:amplitude_ratio=1.3,quadrature_error_rad=0.02",50,0,0,0.0,0.0,0.0,,4.74568730094645e-09,4.745697390172258e-09,1.984701070957707e-12,4.742451022851163e-09,4.7487657332562016e-09,8.258485611353217e-09,0.09424156991711591,
koning_wimmer_witkovsky,"grid:amplitude_x_quadrature:amplitude_ratio=1.3,quadrature_error_rad=0.02",50,0,0,0.0,0.0,0.0,1.0,1.3466381331753656e-09,1.3464441159673058e-09,2.0241647324513173e-12,1.3432826607434046e-09,1.3500946925138774e-09,2.5749921644233733e-09,0.026742025703082182,
raw_atan2,"grid:amplitude_x_quadrature:amplitude_ratio=1.3,quadrature_error_rad=0.02",50,0,0,0.0,0.0,0.0,,4.723705579839301e-09,4.723805884712848e-09,1.915783248927021e-12,4.7204645846656574e-09,4.726339546657943e-09,7.278192497607873e-09,0.0938050489718348,
taubin,"grid:amplitude_x_quadrature:amplitude_ratio=1.3,quadrature_error_rad=0.02",50,0,0,0.0,0.0,0.0,,4.737498889858651e-09,4.737517976334943e-09,1.973011679908157e-12,4.7342882188465174e-09,4.74059200850754e-09,8.21583977845615e-09,0.09407896149664814,
fitzgibbon,"grid:amplitude_x_quadrature:amplitude_ratio=1.3,quadrature_error_rad=0.05",50,0,0,0.0,0.0,0.0,,1.1776034117747012e-09,1.1774794762994151e-09,1.971098062181186e-12,1.1747452459424343e-09,1.1809314783556143e-09,2.238958371681355e-09,0.023385273244460665,
halir_flusser,"grid:amplitude_x_quadrature:amplitude_ratio=1.3,quadrature_error_rad=0.05",50,0,0,0.0,0.0,0.0,,1.1776034117747103e-09,1.1774794762993847e-09,1.9710980621768758e-12,1.1747452459424322e-09,1.1809314783556902e-09,2.2389583716814794e-09,0.023385273244460845,
heydemann,"grid:amplitude_x_quadrature:amplitude_ratio=1.3,quadrature_error_rad=0.05",50,0,0,0.0,0.0,0.0,,7.039039454467965e-10,7.036466725955856e-10,1.1372491628583735e-12,7.024163892761616e-10,7.057662148135652e-10,1.2797868414468183e-09,0.013978378406122167,
kasa,"grid:amplitude_x_quadrature:amplitude_ratio=1.3,quadrature_error_rad=0.05",50,0,0,0.0,0.0,0.0,,4.98581415185985e-09,4.985566388073905e-09,1.962116184502021e-12,4.982922472505121e-09,4.989475143456162e-09,9.27145818494843e-09,0.09901009552242053,
koning_wimmer_witkovsky,"grid:amplitude_x_quadrature:amplitude_ratio=1.3,quadrature_error_rad=0.05",50,0,0,0.0,0.0,0.0,1.0,1.3578846760764198e-09,1.3579724839846127e-09,1.8603477941544493e-12,1.3549345320652695e-09,1.36093208529434e-09,2.645688760652452e-09,0.026965363607988846,
raw_atan2,"grid:amplitude_x_quadrature:amplitude_ratio=1.3,quadrature_error_rad=0.05",50,0,0,0.0,0.0,0.0,,4.960397943638934e-09,4.960210172083129e-09,2.1009874890589322e-12,4.957304231390708e-09,4.964117254948266e-09,8.183753668586056e-09,0.09850537129341333,
taubin,"grid:amplitude_x_quadrature:amplitude_ratio=1.3,quadrature_error_rad=0.05",50,0,0,0.0,0.0,0.0,,4.977729302320858e-09,4.977467834527047e-09,1.9671000054473086e-12,4.974864027863345e-09,4.981387624448017e-09,9.222306015504607e-09,0.09884954366453766,
fitzgibbon,"grid:amplitude_x_quadrature:amplitude_ratio=1.3,quadrature_error_rad=0.1",50,0,0,0.0,0.0,0.0,,1.1886205455378083e-09,1.1884741766852207e-09,2.3758807371816088e-12,1.185305539703681e-09,1.1929250146475608e-09,2.3272011231545455e-09,0.023604055459971365,
halir_flusser,"grid:amplitude_x_quadrature:amplitude_ratio=1.3,quadrature_error_rad=0.1",50,0,0,0.0,0.0,0.0,,1.1886205455378165e-09,1.1884741766853005e-09,2.3758807371901803e-12,1.1853055397037218e-09,1.1929250146475883e-09,2.327201123154592e-09,0.02360405545997153,
heydemann,"grid:amplitude_x_quadrature:amplitude_ratio=1.3,quadrature_error_rad=0.1",50,0,0,0.0,0.0,0.0,,7.144376708801232e-10,7.144173004011239e-10,1.283961756546075e-12,7.128698540036539e-10,7.161685114958734e-10,1.3190178853216476e-09,0.014187560924682662,
kasa,"grid:amplitude_x_quadrature:amplitude_ratio=1.3,quadrature_error_rad=0.1",50,0,0,0.0,0.0,0.0,,5.767307474148477e-09,5.767141744509785e-09,1.912274771312454e-12,5.764021150321844e-09,5.7703676275030285e-09,1.1125380782327919e-08,0.11452927175586827,
koning_wimmer_witkovsky,"grid:amplitude_x_quadrature:amplitude_ratio=1.3,quadrature_error_rad=0.1",50,0,0,0.0,0.0,0.0,1.0,1.3737581431939106e-09,1.3735791651643102e-09,2.0847181663498e-12,1.3709961989419131e-09,1.3774642149261807e-09,2.7314685863666025e-09,0.027280584642649458,
raw_atan2,"grid:amplitude_x_quadrature:amplitude_ratio=1.3,quadrature_error_rad=0.1",50,0,0,0.0,0.0,0.0,,5.741829409632887e-09,5.7418205062419406e-09,1.995692130658523e-12,5.738412047502237e-09,5.744952415831797e-09,1.0066158828217728e-08,0.11402331916225344,
taubin,"grid:amplitude_x_quadrature:amplitude_ratio=1.3,quadrature_error_rad=0.1",50,0,0,0.0,0.0,0.0,,5.759790166684674e-09,5.75961559089228e-09,1.9202489142334735e-12,5.756487171362812e-09,5.762868250668716e-09,1.106731703398685e-08,0.11437999035319404,
fitzgibbon,"grid:amplitude_x_quadrature:amplitude_ratio=1.3,quadrature_error_rad=0.15",50,0,0,0.0,0.0,0.0,,1.2233773186542791e-09,1.223546326334046e-09,2.5985866740452977e-12,1.218676101372625e-09,1.227525093399381e-09,2.4548906322881794e-09,0.024294267995275995,
halir_flusser,"grid:amplitude_x_quadrature:amplitude_ratio=1.3,quadrature_error_rad=0.15",50,0,0,0.0,0.0,0.0,,1.2233773186542686e-09,1.2235463263340976e-09,2.5985866740300724e-12,1.2186761013726417e-09,1.2275250933993428e-09,2.454890632288129e-09,0.024294267995275776,
heydemann,"grid:amplitude_x_quadrature:amplitude_ratio=1.3,quadrature_error_rad=0.15",50,0,0,0.0,0.0,0.0,,7.344164034372375e-10,7.343099215623578e-10,1.4483387960846413e-12,7.319925689232383e-10,7.364558030533098e-10,1.3827468574363877e-09,0.014584305800975117,
kasa,"grid:amplitude_x_quadrature:amplitude_ratio=1.3,quadrature_error_rad=0.15",50,0,0,0.0,0.0,0.0,,6.874060006843762e-09,6.874182582565316e-09,2.164077590025679e-12,6.870678685596283e-09,6.8771885094213165e-09,1.3188696889425516e-08,0.1365075626917558,
koning_wimmer_witkovsky,"grid:amplitude_x_quadrature:amplitude_ratio=1.3,quadrature_error_rad=0.15",50,0,0,0.0,0.0,0.0,1.0,1.402270728121287e-09,1.4024133306695523e-09,2.4759153647473007e-12,1.3980029860895777e-09,1.406404520923146e-09,2.845880429307866e-09,0.027846797836977532,
raw_atan2,"grid:amplitude_x_quadrature:amplitude_ratio=1.3,quadrature_error_rad=0.15",50,0,0,0.0,0.0,0.0,,6.846952909074937e-09,6.8471921288096875e-09,2.325348723363036e-12,6.8431329486202915e-09,6.850509242196313e-09,1.2124611545739886e-08,0.1359692601683002,
taubin,"grid:amplitude_x_quadrature:amplitude_ratio=1.3,quadrature_error_rad=0.15",50,0,0,0.0,0.0,0.0,,6.866720165239761e-09,6.866834326985574e-09,2.173868311671688e-12,6.86333925805388e-09,6.869868393759435e-09,1.3117070076012568e-08,0.13636180547012725,
fitzgibbon,"grid:amplitude_x_quadrature:amplitude_ratio=1.3,quadrature_error_rad=0.2",50,0,0,0.0,0.0,0.0,,1.254843160593569e-09,1.2544532097272926e-09,2.2150507671453183e-12,1.2519689238542978e-09,1.258182577684576e-09,2.537485723606106e-09,0.024919128032415642,
halir_flusser,"grid:amplitude_x_quadrature:amplitude_ratio=1.3,quadrature_error_rad=0.2",50,0,0,0.0,0.0,0.0,,1.2548431605935662e-09,1.2544532097272587e-09,2.2150507671517612e-12,1.2519689238542461e-09,1.2581825776844553e-09,2.5374857236061014e-09,0.02491912803241558,
heydemann,"grid:amplitude_x_quadrature:amplitude_ratio=1.3,quadrature_error_rad=0.2",50,0,0,0.0,0.0,0.0,,7.596569650336708e-10,7.596680984565844e-10,1.2788078389885796e-12,7.576885373485893e-10,7.618728418559813e-10,1.5117108522022414e-09,0.015085541975967752,
kasa,"grid:amplitude_x_quadrature:amplitude_ratio=1.3,quadrature_error_rad=0.2",50,0,0,0.0,0.0,0.0,,8.17991680458904e-09,8.180201137764571e-09,2.283062102085558e-12,8.176422330865334e-09,8.183271198354635e-09,1.537172725142535e-08,0.1624397379283984,
koning_wimmer_witkovsky,"grid:amplitude_x_quadrature:amplitude_ratio=1.3,quadrature_error_rad=0.2",50,0,0,0.0,0.0,0.0,1.0,1.4300774779623672e-09,1.42977404600623e-09,2.065952060028948e-12,1.427211026343881e-09,1.4336457309509729e-09,2.9283640541205614e-09,0.028398994303608042,
raw_atan2,"grid:amplitude_x_quadrature:amplitude_ratio=1.3,quadrature_error_rad=0.2",50,0,0,0.0,0.0,0.0,,8.154791791937703e-09,8.154953166095075e-09,2.291327262586063e-12,8.151825015172143e-09,8.158142948802945e-09,1.4332512526577285e-08,0.1619407963660293,
taubin,"grid:amplitude_x_quadrature:amplitude_ratio=1.3,quadrature_error_rad=0.2",50,0,0,0.0,0.0,0.0,,8.172888702216094e-09,8.173189281255274e-09,2.290874786343284e-12,8.169449861353533e-09,8.17626501502648e-09,1.528514326837887e-08,0.16230017133684638,
fitzgibbon,"grid:amplitude_x_quadrature:amplitude_ratio=1.3,quadrature_error_rad=0.25",50,0,0,0.0,0.0,0.0,,1.306071376153103e-09,1.3062140502103527e-09,2.3720705543406956e-12,1.3024141117452634e-09,1.3100083346951703e-09,2.6542621905761515e-09,0.025936436412051192,
halir_flusser,"grid:amplitude_x_quadrature:amplitude_ratio=1.3,quadrature_error_rad=0.25",50,0,0,0.0,0.0,0.0,,1.306071376153104e-09,1.3062140502102958e-09,2.372070554344747e-12,1.3024141117452793e-09,1.3100083346952307e-09,2.6542621905761577e-09,0.025936436412051223,
heydemann,"grid:amplitude_x_quadrature:amplitude_ratio=1.3,quadrature_error_rad=0.25",50,0,0,0.0,0.0,0.0,,7.943398198396639e-10,7.944125650629237e-10,1.417535019326028e-12,7.923086690926366e-10,7.968749960803796e-10,1.7597646442991456e-09,0.015774286614804855,
kasa,"grid:amplitude_x_quadrature:amplitude_ratio=1.3,quadrature_error_rad=0.25",50,0,0,0.0,0.0,0.0,,9.603741220468213e-09,9.603769180901578e-09,1.5929934312053605e-12,9.600946264992293e-09,9.605916884622787e-09,1.769475570691544e-08,0.19071455667004053,
koning_wimmer_witkovsky,"grid:amplitude_x_quadrature:amplitude_ratio=1.3,quadrature_error_rad=0.25",50,0,0,0.0,0.0,0.0,1.0,1.4680414321576617e-09,1.4680778040027527e-09,2.1477828468965157e-12,1.4646720591478893e-09,1.4716623240081536e-09,3.0380466251829397e-09,0.029152896197420664,
raw_atan2,"grid:amplitude_x_quadrature:amplitude_ratio=1.3,quadrature_error_rad=0.25",50,0,0,0.0,0.0,0.0,,9.57794991290638e-09,9.578169473545673e-09,1.7649219094743648e-12,9.575160779506112e-09,9.580756159815359e-09,1.663514608310109e-08,0.19020238358304475,
taubin,"grid:amplitude_x_quadrature:amplitude_ratio=1.3,quadrature_error_rad=0.25",50,0,0,0.0,0.0,0.0,,9.596497016717816e-09,9.596560065295912e-09,1.6070292999658728e-12,9.593665814783505e-09,9.59874578860693e-09,1.758700116711148e-08,0.1905706986593999,
fitzgibbon,"grid:amplitude_x_quadrature:amplitude_ratio=1.3,quadrature_error_rad=0.3",50,0,0,0.0,0.0,0.0,,1.355313672590325e-09,1.3559296045587228e-09,2.510083080921672e-12,1.3514748576795886e-09,1.358651459646354e-09,2.7317594529620766e-09,0.02691430769354973,
halir_flusser,"grid:amplitude_x_quadrature:amplitude_ratio=1.3,quadrature_error_rad=0.3",50,0,0,0.0,0.0,0.0,,1.355313672590315e-09,1.355929604558614e-09,2.510083080925825e-12,1.3514748576796794e-09,1.358651459646338e-09,2.731759452962044e-09,0.026914307693549536,
heydemann,"grid:amplitude_x_quadrature:amplitude_ratio=1.3,quadrature_error_rad=0.3",50,0,0,0.0,0.0,0.0,,8.345566022333878e-10,8.348221008760085e-10,1.2071803898385746e-12,8.321772410268444e-10,8.362371381644091e-10,1.974957743393642e-09,0.016572925983446715,
kasa,"grid:amplitude_x_quadrature:amplitude_ratio=1.3,quadrature_error_rad=0.3",50,0,0,0.0,0.0,0.0,,1.110585516410093e-08,1.110612877025274e-08,2.1152117291655677e-12,1.1102275943664776e-08,1.1108989950576912e-08,2.0105583726133358e-08,0.220544077088317,
koning_wimmer_witkovsky,"grid:amplitude_x_quadrature:amplitude_ratio=1.3,quadrature_error_rad=0.3",50,0,0,0.0,0.0,0.0,1.0,1.5073106610311498e-09,1.5076697755742945e-09,2.2314777246808654e-12,1.503889782020137e-09,1.510226329263004e-09,3.12725605142553e-09,0.029932718706529932,
raw_atan2,"grid:amplitude_x_quadrature:amplitude_ratio=1.3,quadrature_error_rad=0.3",50,0,0,0.0,0.0,0.0,,1.1081130521065723e-08,1.1081398493940576e-08,2.061513144798555e-12,1.1077495743430117e-08,1.108421223443498e-08,1.904196128794262e-08,0.2200530862101752,
taubin,"grid:amplitude_x_quadrature:amplitude_ratio=1.3,quadrature_error_rad=0.3",50,0,0,0.0,0.0,0.0,,1.1098516613004628e-08,1.1098809110440733e-08,2.108522330201917e-12,1.1094950136196924e-08,1.1101655679352905e-08,1.998250893192816e-08,0.22039834549405568,
fitzgibbon,"grid:amplitude_x_quadrature:amplitude_ratio=1.3,quadrature_error_rad=0.4",50,0,0,0.0,0.0,0.0,,1.4798244172584588e-09,1.4795773619817905e-09,3.0121145394725656e-12,1.4760603678245352e-09,1.4848711838438723e-09,2.8938254120431036e-09,0.029386886964993503,
halir_flusser,"grid:amplitude_x_quadrature:amplitude_ratio=1.3,quadrature_error_rad=0.4",50,0,0,0.0,0.0,0.0,,1.4798244172584532e-09,1.4795773619819223e-09,3.012114539481042e-12,1.476060367824522e-09,1.4848711838438568e-09,2.893825412043089e-09,0.029386886964993385,
heydemann,"grid:amplitude_x_quadrature:amplitude_ratio=1.3,quadrature_error_rad=0.4",50,0,0,0.0,0.0,0.0,,9.364044891531723e-10,9.362874608991678e-10,1.7563392170102907e-12,9.33137463181479e-10,9.39259666805152e-10,2.486425547491695e-09,0.018595458052541775,
kasa,"grid:amplitude_x_quadrature:amplitude_ratio=1.3,quadrature_error_rad=0.4",50,0,0,0.0,0.0,0.0,,1.425264385910393e-08,1.4252915537064798e-08,1.6350446512802574e-12,1.4249322932782381e-08,1.4254963272556517e-08,2.5234836327630175e-08,0.28303414185836023,
koning_wimmer_witkovsky,"grid:amplitude_x_quadrature:amplitude_ratio=1.3,quadrature_error_rad=0.4",50,0,0,0.0,0.0,0.0,1.0,1.6030222456470762e-09,1.60284779564939e-09,2.646639627330249e-12,1.5996015680876768e-09,1.6075832357324879e-09,3.315017171764249e-09,0.031833393871465665,
raw_atan2,"grid:amplitude_x_quadrature:amplitude_ratio=1.3,quadrature_error_rad=0.4",50,0,0,0.0,0.0,0.0,,1.42274426704417e-08,1.4227784761640182e-08,1.6290776241967775e-12,1.4223968119348663e-08,1.4230020811865323e-08,2.411181379960173e-08,0.28253368756529457,
taubin,"grid:amplitude_x_quadrature:amplitude_ratio=1.3,quadrature_error_rad=0.4",50,0,0,0.0,0.0,0.0,,1.4244273064626109e-08,1.424453023338295e-08,1.638780814529452e-12,1.4240894306267185e-08,1.4246633398581991e-08,2.50503448373876e-08,0.2828679116027582,
fitzgibbon,"grid:amplitude_x_quadrature:amplitude_ratio=1.3,quadrature_error_rad=0.5",50,0,0,0.0,0.0,0.0,,1.6197567805496499e-09,1.6202146804202248e-09,2.6564971644423673e-12,1.6153584383181433e-09,1.6235661118077942e-09,3.0188861003763106e-09,0.03216571430073979,
halir_flusser,"grid:amplitude_x_quadrature:amplitude_ratio=1.3,quadrature_error_rad=0.5",50,0,0,0.0,0.0,0.0,,1.6197567805496749e-09,1.6202146804201886e-09,2.6564971644216224e-12,1.6153584383180533e-09,1.6235661118077812e-09,3.0188861003763685e-09,0.032165714300740285,
heydemann,"grid:amplitude_x_quadrature:amplitude_ratio=1.3,quadrature_error_rad=0.5",50,0,0,0.0,0.0,0.0,,1.0648243490381281e-09,1.0648616469362495e-09,1.6193786123383903e-12,1.0621839277904524e-09,1.066879488461654e-09,3.0351241610815586e-09,0.021145665943752955,
kasa,"grid:amplitude_x_quadrature:amplitude_ratio=1.3,quadrature_error_rad=0.5",50,0,0,0.0,0.0,0.0,,1.7526698443506132e-08,1.7526692031105184e-08,2.047814501422212e-12,1.7523207981090705e-08,1.7529777634701644e-08,3.0631566282332426e-08,0.3480514985575381,
koning_wimmer_witkovsky,"grid:amplitude_x_quadrature:amplitude_ratio=1.3,quadrature_error_rad=0.5",50,0,0,0.0,0.0,0.0,1.0,1.714450409822059e-09,1.7146011099881238e-09,2.3956347762611127e-12,1.7105492243340336e-09,1.7179523188642298e-09,3.5025796115193838e-09,0.03404617454134634,
raw_atan2,"grid:amplitude_x_quadrature:amplitude_ratio=1.3,quadrature_error_rad=0.5",50,0,0,0.0,0.0,0.0,,1.7499687334591084e-08,1.7500083796963494e-08,1.985089020786189e-12,1.7496504929597694e-08,1.7502841929173852e-08,2.9408157748214565e-08,0.3475151022153583,
taubin,"grid:amplitude_x_quadrature:amplitude_ratio=1.3,quadrature_error_rad=0.5",50,0,0,0.0,0.0,0.0,,1.7516303459277963e-08,1.7516383083179174e-08,2.040433020503411e-12,1.7512823462988513e-08,1.751942690246362e-08,3.0368907053852825e-08,0.3478450712118654,
fitzgibbon,"grid:amplitude_x_quadrature:amplitude_ratio=1.4,quadrature_error_rad=0.0",50,0,0,0.0,0.0,0.0,,1.953663093297247e-09,1.953705695533411e-09,1.721857902017893e-12,1.9510494373766837e-09,1.9566411104532062e-09,3.6073726943027217e-09,0.03879654627997562,
halir_flusser,"grid:amplitude_x_quadrature:amplitude_ratio=1.4,quadrature_error_rad=0.0",50,0,0,0.0,0.0,0.0,,1.9536630932972536e-09,1.9537056955334436e-09,1.7218579020292745e-12,1.951049437376629e-09,1.9566411104532732e-09,3.607372694302699e-09,0.038796546279975745,
heydemann,"grid:amplitude_x_quadrature:amplitude_ratio=1.4,quadrature_error_rad=0.0",50,0,0,0.0,0.0,0.0,,1.2203747706334245e-09,1.2203242551139882e-09,1.1067758288920519e-12,1.2189848104594541e-09,1.2222649766635603e-09,2.1901795105671635e-09,0.02423464231383246,
kasa,"grid:amplitude_x_quadrature:amplitude_ratio=1.4,quadrature_error_rad=0.0",50,0,0,0.0,0.0,0.0,,6.065173513397637e-09,6.0652668958747385e-09,1.93011959485986e-12,6.062185381999797e-09,6.068301179565752e-09,1.027770578344542e-08,0.12044440298633004,
koning_wimmer_witkovsky,"grid:amplitude_x_quadrature:amplitude_ratio=1.4,quadrature_error_rad=0.0",50,0,0,0.0,0.0,0.0,1.0,2.272470547752692e-09,2.2726984115373925e-09,1.6827523998964956e-12,2.2695906676921108e-09,2.275093715917945e-09,4.3807112748801745e-09,0.045127539685961005,
raw_atan2,"grid:amplitude_x_quadrature:amplitude_ratio=1.4,quadrature_error_rad=0.0",50,0,0,0.0,0.0,0.0,,5.869437998368918e-09,5.869650449921772e-09,1.6812283964153803e-12,5.866733470872637e-09,5.872010592009605e-09,9.596995375959908e-09,0.11655741653841073,
taubin,"grid:amplitude_x_quadrature:amplitude_ratio=1.4,quadrature_error_rad=0.0",50,0,0,0.0,0.0,0.0,,6.048748569994631e-09,6.048844920248343e-09,1.9128802842492105e-12,6.045781677525685e-09,6.051815554105222e-09,1.0219428638876891e-08,0.12011823053670607,
fitzgibbon,"grid:amplitude_x_quadrature:amplitude_ratio=1.4,quadrature_error_rad=0.02",50,0,0,0.0,0.0,0.0,,1.9599637342223676e-09,1.959824097787082e-09,2.2086299194606235e-12,1.95620242770584e-09,1.96356776423574e-09,3.6961863927149495e-09,0.03892166667974342,
halir_flusser,"grid:amplitude_x_quadrature:amplitude_ratio=1.4,quadrature_error_rad=0.02",50,0,0,0.0,0.0,0.0,,1.9599637342223585e-09,1.959824097787102e-09,2.208629919459517e-12,1.9562024277058673e-09,1.963567764235729e-09,3.696186392715005e-09,0.03892166667974324,
heydemann,"grid:amplitude_x_quadrature:amplitude_ratio=1.4,quadrature_error_rad=0.02",50,0,0,0.0,0.0,0.0,,1.2206831362426387e-09,1.220486088356273e-09,1.4393732147080177e-12,1.2185968326408643e-09,1.2229282717694336e-09,2.228438148479052e-09,0.024240765949309875,
kasa,"grid:amplitude_x_quadrature:amplitude_ratio=1.4,quadrature_error_rad=0.02",50,0,0,0.0,0.0,0.0,,6.1014379173315755e-09,6.101883139246466e-09,2.1655386352601174e-12,6.0979558475457545e-09,6.104874868634118e-09,1.0908200732250639e-08,0.12116455459812317,
koning_wimmer_witkovsky,"grid:amplitude_x_quadrature:amplitude_ratio=1.4,quadrature_error_rad=0.02",50,0,0,0.0,0.0,0.0,1.0,2.2817891029692607e-09,2.2816578250539354e-09,1.9334134066987003e-12,2.2787577775387602e-09,2.285218279237485e-09,4.454437259571977e-09,0.04531259091611551,
raw_atan2,"grid:amplitude_x_quadrature:amplitude_ratio=1.4,quadrature_error_rad=0.02",50,0,0,0.0,0.0,0.0,,5.901843777568313e-09,5.901734746941077e-09,1.9499842332666493e-12,5.8989877002325716e-09,5.904748468190713e-09,9.09976718262472e-09,0.11720094218864252,
taubin,"grid:amplitude_x_quadrature:amplitude_ratio=1.4,quadrature_error_rad=0.02",50,0,0,0.0,0.0,0.0,,6.084896805192447e-09,6.085293522184877e-09,2.142102942724521e-12,6.08153098316264e-09,6.088294260729277e-09,1.0849497376190317e-08,0.12083607522784194,
fitzgibbon,"grid:amplitude_x_quadrature:amplitude_ratio=1.4,quadrature_error_rad=0.05",50,0,0,0.0,0.0,0.0,,1.9704922992499256e-09,1.9704304599267773e-09,2.289276066148252e-12,1.9666231283166482e-09,1.973782406123896e-09,3.82312441750369e-09,0.0391307467211051,
halir_flusser,"grid:amplitude_x_quadrature:amplitude_ratio=1.4,quadrature_error_rad=0.05",50,0,0,0.0,0.0,0.0,,1.9704922992499476e-09,1.9704304599267864e-09,2.2892760661428718e-12,1.966623128316691e-09,1.9737824061239425e-09,3.823124417504035e-09,0.03913074672110553,
heydemann,"grid:amplitude_x_quadrature:amplitude_ratio=1.4,quadrature_error_rad=0.05",50,0,0,0.0,0.0,0.0,,1.2248634263798282e-09,1.2247922361916124e-09,1.493445625172066e-12,1.2226887075732507e-09,1.2270812103310297e-09,2.2877029934879135e-09,0.024323779658443047,
kasa,"grid:amplitude_x_quadrature:amplitude_ratio=1.4,quadrature_error_rad=0.05",50,0,0,0.0,0.0,0.0,,6.296318011541406e-09,6.2964811879087884e-09,1.9375558566566787e-12,6.292973564190588e-09,6.2996174383243504e-09,1.2001570545663557e-08,0.12503455379092018,
koning_wimmer_witkovsky,"grid:amplitude_x_quadrature:amplitude_ratio=1.4,quadrature_error_rad=0.05",50,0,0,0.0,0.0,0.0,1.0,2.2961998108796596e-09,2.296112040242012e-09,1.994724963126502e-12,2.292919692031899e-09,2.2991714144120717e-09,4.562376290327e-09,0.04559876395090904,
raw_atan2,"grid:amplitude_x_quadrature:amplitude_ratio=1.4,quadrature_error_rad=0.05",50,0,0,0.0,0.0,0.0,,6.0973034191820925e-09,6.09743157843997e-09,1.9015936058381114e-12,6.094180722780293e-09,6.10029522359664e-09,1.0030436373424829e-08,0.12108245024279637,
taubin,"grid:amplitude_x_quadrature:amplitude_ratio=1.4,quadrature_error_rad=0.05",50,0,0,0.0,0.0,0.0,,6.279811291297189e-09,6.279976288286553e-09,1.92459879767141e-12,6.276495005898828e-09,6.283073609247047e-09,1.1932512302776091e-08,0.1247067573872913,
fitzgibbon,"grid:amplitude_x_quadrature:amplitude_ratio=1.4,quadrature_error_rad=0.1",50,0,0,0.0,0.0,0.0,,1.9889139658150336e-09,1.9890177928045423e-09,2.440392525194512e-12,1.9843077890907048e-09,1.9922423934606824e-09,3.961997605104797e-09,0.03949657081938463,
halir_flusser,"grid:amplitude_x_quadrature:amplitude_ratio=1.4,quadrature_error_rad=0.1",50,0,0,0.0,0.0,0.0,,1.988913965815025e-09,1.9890177928044836e-09,2.4403925252050557e-12,1.9843077890906134e-09,1.9922423934606493e-09,3.961997605104759e-09,0.03949657081938447,
heydemann,"grid:amplitude_x_quadrature:amplitude_ratio=1.4,quadrature_error_rad=0.1",50,0,0,0.0,0.0,0.0,,1.2415452749287986e-09,1.241663629598795e-09,1.3194396236790881e-12,1.2392654175309447e-09,1.2436131238396364e-09,2.358927276693175e-09,0.02465505382310641,
kasa,"grid:amplitude_x_quadrature:amplitude_ratio=1.4,quadrature_error_rad=0.1",50,0,0,0.0,0.0,0.0,,6.956438805027662e-09,6.956650225935613e-09,2.1119258125101736e-12,6.952984725351699e-09,6.959553114609154e-09,1.387096310265009e-08,0.13814347057535944,
koning_wimmer_witkovsky,"grid:amplitude_x_quadrature:amplitude_ratio=1.4,quadrature_error_rad=0.1",50,0,0,0.0,0.0,0.0,1.0,2.3240781471991718e-09,2.3242371747561978e-09,2.2722221227586146e-12,2.3202233980237397e-09,2.3275811216296744e-09,4.701253072303541e-09,0.046152382007645355,
raw_atan2,"grid:amplitude_x_quadrature:amplitude_ratio=1.4,quadrature_error_rad=0.1",50,0,0,0.0,0.0,0.0,,6.773171446319453e-09,6.773249851209502e-09,1.8243185474932017e-12,6.7707247823682745e-09,6.775874657511209e-09,1.1798677731775811e-08,0.13450408127219565,
taubin,"grid:amplitude_x_quadrature:amplitude_ratio=1.4,quadrature_error_rad=0.1",50,0,0,0.0,0.0,0.0,,6.9404880204843855e-09,6.94069485530488e-09,2.0926338446944296e-12,6.93708571968568e-09,6.943622618443876e-09,1.378845268085704e-08,0.13782671414337364,
fitzgibbon,"grid:amplitude_x_quadrature:amplitude_ratio=1.4,quadrature_error_rad=0.15",50,0,0,0.0,0.0,0.0,,2.0377993438794073e-09,2.0375858807359406e-09,2.073185257826187e-12,2.0350063938340407e-09,2.0413634700529876e-09,4.17739238633921e-09,0.040467354287115335,
halir_flusser,"grid:amplitude_x_quadrature:amplitude_ratio=1.4,quadrature_error_rad=0.15",50,0,0,0.0,0.0,0.0,,2.0377993438794143e-09,2.0375858807359567e-09,2.0731852578354765e-12,2.0350063938340237e-09,2.041363470053015e-09,4.17739238633921e-09,0.040467354287115474,
heydemann,"grid:amplitude_x_quadrature:amplitude_ratio=1.4,quadrature_error_rad=0.15",50,0,0,0.0,0.0,0.0,,1.2670212892128415e-09,1.2671439960120143e-09,1.434758876511906e-12,1.2645943598457857e-09,1.2688087515126417e-09,2.4780140269436224e-09,0.025160965702483766,
kasa,"grid:amplitude_x_quadrature:amplitude_ratio=1.4,quadrature_error_rad=0.15",50,0,0,0.0,0.0,0.0,,7.930480042232454e-09,7.93053608873631e-09,1.7321857192943356e-12,7.92763912908087e-09,7.93291413057887e-09,1.5923057429640957e-08,0.15748633274410836,
koning_wimmer_witkovsky,"grid:amplitude_x_quadrature:amplitude_ratio=1.4,quadrature_error_rad=0.15",50,0,0,0.0,0.0,0.0,1.0,2.3643990200117484e-09,2.3641812132938165e-09,1.9645123044167234e-12,2.361523682317211e-09,2.3678120271589668e-09,4.866082586471032e-09,0.046953088441364185,
raw_atan2,"grid:amplitude_x_quadrature:amplitude_ratio=1.4,quadrature_error_rad=0.15",50,0,0,0.0,0.0,0.0,,7.760119706631522e-09,7.759957337103e-09,1.9687015753319272e-12,7.757078946305834e-09,7.763011015962683e-09,1.3782395898613592e-08,0.15410325576062558,
taubin,"grid:amplitude_x_quadrature:amplitude_ratio=1.4,quadrature_error_rad=0.15",50,0,0,0.0,0.0,0.0,,7.914522151649776e-09,7.914651051446966e-09,1.7371283452072648e-12,7.911680454289874e-09,7.917023242879319e-09,1.5822142005810937e-08,0.15716943519782947,
fitzgibbon,"grid:amplitude_x_quadrature:amplitude_ratio=1.4,quadrature_error_rad=0.2",50,0,0,0.0,0.0,0.0,,2.088072458058343e-09,2.0886642024001615e-09,2.5776707396613186e-12,2.084080195063116e-09,2.0922765226559615e-09,4.309579950754999e-09,0.04146569591908515,
halir_flusser,"grid:amplitude_x_quadrature:amplitude_ratio=1.4,quadrature_error_rad=0.2",50,0,0,0.0,0.0,0.0,,2.088072458058333e-09,2.0886642024002e-09,2.5776707396762297e-12,2.0840801950631075e-09,2.0922765226560368e-09,4.309579950754972e-09,0.04146569591908496,
heydemann,"grid:amplitude_x_quadrature:amplitude_ratio=1.4,quadrature_error_rad=0.2",50,0,0,0.0,0.0,0.0,,1.305100325493931e-09,1.3050697609729233e-09,1.396810565425297e-12,1.3031688130208396e-09,1.307062580589592e-09,2.565996777032888e-09,0.025917152937859553,
kasa,"grid:amplitude_x_quadrature:amplitude_ratio=1.4,quadrature_error_rad=0.2",50,0,0,0.0,0.0,0.0,,9.128597346675225e-09,9.128643975325028e-09,1.857144617214783e-12,9.125647925333806e-09,9.131590235326742e-09,1.8069242352123685e-08,0.18127897826734615,
koning_wimmer_witkovsky,"grid:amplitude_x_quadrature:amplitude_ratio=1.4,quadrature_error_rad=0.2",50,0,0,0.0,0.0,0.0,1.0,2.407764170165446e-09,2.407890969746835e-09,2.396569870423181e-12,2.403952289320242e-09,2.411605868056334e-09,5.000205163719886e-09,0.047814249232417755,
raw_atan2,"grid:amplitude_x_quadrature:amplitude_ratio=1.4,quadrature_error_rad=0.2",50,0,0,0.0,0.0,0.0,,8.976139099449422e-09,8.976164784615557e-09,1.973356347900422e-12,8.973064813492515e-09,8.979475053559776e-09,1.591993687703729e-08,0.17825140741106454,
taubin,"grid:amplitude_x_quadrature:amplitude_ratio=1.4,quadrature_error_rad=0.2",50,0,0,0.0,0.0,0.0,,9.112722430956544e-09,9.112710906017912e-09,1.860951457265427e-12,9.109860380054467e-09,9.115753625742828e-09,1.794573440196759e-08,0.18096372846584066,
fitzgibbon,"grid:amplitude_x_quadrature:amplitude_ratio=1.4,quadrature_error_rad=0.25",50,0,0,0.0,0.0,0.0,,2.1607520587534815e-09,2.1604355688312645e-09,2.2320709599033504e-12,2.1574139649771914e-09,2.16433034696818e-09,4.502220989077907e-09,0.04290899364101743,
halir_flusser,"grid:amplitude_x_quadrature:amplitude_ratio=1.4,quadrature_error_rad=0.25",50,0,0,0.0,0.0,0.0,,2.160752058753471e-09,2.1604355688312314e-09,2.2320709599032163e-12,2.1574139649771467e-09,2.1643303469682166e-09,4.502220989077877e-09,0.042908993641017225,
heydemann,"grid:amplitude_x_quadrature:amplitude_ratio=1.4,quadrature_error_rad=0.25",50,0,0,0.0,0.0,0.0,,1.3496920092453075e-09,1.3497168356247691e-09,1.3349625762865953e-12,1.3476101203227516e-09,1.3518008106172208e-09,2.690859609968146e-09,0.026802670675435545,
kasa,"grid:amplitude_x_quadrature:amplitude_ratio=1.4,quadrature_error_rad=0.25",50,0,0,0.0,0.0,0.0,,1.047018274193996e-08,1.0470412160342747e-08,1.7224790230063305e-12,1.0467459483926008e-08,1.0473118591085731e-08,2.0362700396135464e-08,0.20792066487876873,
koning_wimmer_witkovsky,"grid:amplitude_x_quadrature:amplitude_ratio=1.4,quadrature_error_rad=0.25",50,0,0,0.0,0.0,0.0,1.0,2.4596772818028147e-09,2.459382976029522e-09,2.033001365526184e-12,2.457099956768777e-09,2.4630957382944027e-09,5.165360633817604e-09,0.04884515852536937,
raw_atan2,"grid:amplitude_x_quadrature:amplitude_ratio=1.4,quadrature_error_rad=0.25",50,0,0,0.0,0.0,0.0,,1.0328747398236451e-08,1.0328926836732617e-08,1.9803396612183986e-12,1.0324912856193197e-08,1.0331492115712881e-08,1.819606299366094e-08,0.20511199081595655,
taubin,"grid:amplitude_x_quadrature:amplitude_ratio=1.4,quadrature_error_rad=0.25",50,0,0,0.0,0.0,0.0,,1.0453685395376243e-08,1.0453952546551728e-08,1.7364293846106672e-12,1.045088925658465e-08,1.0456599570814595e-08,2.0220781988494622e-08,0.20759305462106778,
fitzgibbon,"grid:amplitude_x_quadrature:amplitude_ratio=1.4,quadrature_error_rad=0.3",50,0,0,0.0,0.0,0.0,,2.2356718188553146e-09,2.2360339657653534e-09,2.390533498499591e-12,2.23204374141692e-09,2.239372092887132e-09,4.624509803114053e-09,0.04439677725634378,
halir_flusser,"grid:amplitude_x_quadrature:amplitude_ratio=1.4,quadrature_error_rad=0.3",50,0,0,0.0,0.0,0.0,,2.2356718188553064e-09,2.2360339657653062e-09,2.390533498502414e-12,2.232043741416922e-09,2.239372092887114e-09,4.624509803114024e-09,0.04439677725634362,
heydemann,"grid:amplitude_x_quadrature:amplitude_ratio=1.4,quadrature_error_rad=0.3",50,0,0,0.0,0.0,0.0,,1.4090237823418575e-09,1.4091203687832063e-09,1.3470892674008626e-12,1.406884425094237e-09,1.411221539190825e-09,2.920598641723733e-09,0.02798090242312569,
kasa,"grid:amplitude_x_quadrature:amplitude_ratio=1.4,quadrature_error_rad=0.3",50,0,0,0.0,0.0,0.0,,1.1914926096808194e-08,1.1915535626214988e-08,2.0668547292340558e-12,1.1911206200309597e-08,1.1917615800207205e-08,2.280489450514818e-08,0.23661089945510697,
koning_wimmer_witkovsky,"grid:amplitude_x_quadrature:amplitude_ratio=1.4,quadrature_error_rad=0.3",50,0,0,0.0,0.0,0.0,1.0,2.5151511744801272e-09,2.5152717995932433e-09,2.1464981155874657e-12,2.5114589333914425e-09,2.518116929917712e-09,5.280428752027417e-09,0.049946779092379934,
raw_atan2,"grid:amplitude_x_quadrature:amplitude_ratio=1.4,quadrature_error_rad=0.3",50,0,0,0.0,0.0,0.0,,1.1784880895121028e-08,1.178526455844527e-08,1.940316335405246e-12,1.1781385685506706e-08,1.1787375337556755e-08,2.055238705462925e-08,0.23402841494022084,
taubin,"grid:amplitude_x_quadrature:amplitude_ratio=1.4,quadrature_error_rad=0.3",50,0,0,0.0,0.0,0.0,,1.1897689952143893e-08,1.189832138409508e-08,2.054112569470836e-12,1.1893994210027302e-08,1.1900326603495927e-08,2.262910696951781e-08,0.23626861787828285,
fitzgibbon,"grid:amplitude_x_quadrature:amplitude_ratio=1.4,quadrature_error_rad=0.4",50,0,0,0.0,0.0,0.0,,2.42047048720123e-09,2.4200289978299765e-09,2.359461819118387e-12,2.41666127525022e-09,2.4245660871878487e-09,4.892792337041494e-09,0.048066575858548004,
halir_flusser,"grid:amplitude_x_quadrature:amplitude_ratio=1.4,quadrature_error_rad=0.4",50,0,0,0.0,0.0,0.0,,2.42047048720123e-09,2.420028997830181e-09,2.359461819114284e-12,2.416661275250123e-09,2.424566087187815e-09,4.8927923370414914e-09,0.04806657585854798,
heydemann,"grid:amplitude_x_quadrature:amplitude_ratio=1.4,quadrature_error_rad=0.4",50,0,0,0.0,0.0,0.0,,1.5538750068942351e-09,1.55381776735188e-09,1.5886040298642407e-12,1.5510046707939385e-09,1.5563960550290322e-09,3.61539600369029e-09,0.03085741027974537,
kasa,"grid:amplitude_x_quadrature:amplitude_ratio=1.4,quadrature_error_rad=0.4",50,0,0,0.0,0.0,0.0,,1.4998515317944863e-08,1.4998434896322998e-08,1.7754434424144328e-12,1.4995038650506952e-08,1.5001004228948063e-08,2.7852209112433566e-08,0.2978459262807178,
koning_wimmer_witkovsky,"grid:amplitude_x_quadrature:amplitude_ratio=1.4,quadrature_error_rad=0.4",50,0,0,0.0,0.0,0.0,1.0,2.645371812154413e-09,2.6453336877246707e-09,2.1188169542246855e-12,2.641877736548892e-09,2.6489883448404327e-09,5.560541578419573e-09,0.052532747478368017,
raw_atan2,"grid:amplitude_x_quadrature:amplitude_ratio=1.4,quadrature_error_rad=0.4",50,0,0,0.0,0.0,0.0,,1.4880003815669932e-08,1.4879956183380781e-08,1.748924034344677e-12,1.4876315921933134e-08,1.4882421073312221e-08,2.548346721165545e-08,0.29549248212829804,
taubin,"grid:amplitude_x_quadrature:amplitude_ratio=1.4,quadrature_error_rad=0.4",50,0,0,0.0,0.0,0.0,,1.4978137553137036e-08,1.4978077207817844e-08,1.778117820852004e-12,1.4974603177988846e-08,1.4980639974226354e-08,2.758404202949649e-08,0.29744125727808285,
fitzgibbon,"grid:amplitude_x_quadrature:amplitude_ratio=1.4,quadrature_error_rad=0.5",50,0,0,0.0,0.0,0.0,,2.6298531190786865e-09,2.6303031434338685e-09,3.039453276760877e-12,2.6256695234736747e-09,2.6341128604547765e-09,5.0915457952928635e-09,0.05222457167457525,
halir_flusser,"grid:amplitude_x_quadrature:amplitude_ratio=1.4,quadrature_error_rad=0.5",50,0,0,0.0,0.0,0.0,,2.629853119078687e-09,2.6303031434337374e-09,3.0394532767497465e-12,2.625669523473727e-09,2.6341128604547604e-09,5.091545795292887e-09,0.052224571674575275,
heydemann,"grid:amplitude_x_quadrature:amplitude_ratio=1.4,quadrature_error_rad=0.5",50,0,0,0.0,0.0,0.0,,1.7395587531059802e-09,1.7395689109160373e-09,1.8153223786914463e-12,1.7366198040065187e-09,1.742305155552658e-09,4.419467979839517e-09,0.03454478507740562,
kasa,"grid:amplitude_x_quadrature:amplitude_ratio=1.4,quadrature_error_rad=0.5",50,0,0,0.0,0.0,0.0,,1.8254265625256052e-08,1.8254010451991123e-08,1.9536487407076884e-12,1.8251151394041445e-08,1.8257356322538483e-08,3.333576442291177e-08,0.3624997900441283,
koning_wimmer_witkovsky,"grid:amplitude_x_quadrature:amplitude_ratio=1.4,quadrature_error_rad=0.5",50,0,0,0.0,0.0,0.0,1.0,2.7958009862507678e-09,2.7956195513477533e-09,2.8320056224293227e-12,2.7920413141203658e-09,2.800034044827799e-09,5.810310748880533e-09,0.05552002426867578,
raw_atan2,"grid:amplitude_x_quadrature:amplitude_ratio=1.4,quadrature_error_rad=0.5",50,0,0,0.0,0.0,0.0,,1.8138777920488263e-08,1.8138395910903166e-08,1.883460629045591e-12,1.8135948805289838e-08,1.81419328610133e-08,3.0653907880117926e-08,0.3602063935531144,
taubin,"grid:amplitude_x_quadrature:amplitude_ratio=1.4,quadrature_error_rad=0.5",50,0,0,0.0,0.0,0.0,,1.8228072006043378e-08,1.8227709868063425e-08,1.949363744902124e-12,1.8224962981036617e-08,1.823114532057996e-08,3.294330669134648e-08,0.3619796277072797,
fitzgibbon,"grid:amplitude_x_quadrature:amplitude_ratio=1.5,quadrature_error_rad=0.0",50,0,0,0.0,0.0,0.0,,2.6914885523887687e-09,2.6913092574883148e-09,2.6856488608619115e-12,2.6867546002912626e-09,2.6949979237814257e-09,5.0785753853345475e-09,0.05344855033758271,
halir_flusser,"grid:amplitude_x_quadrature:amplitude_ratio=1.5,quadrature_error_rad=0.0",50,0,0,0.0,0.0,0.0,,2.6914885523887708e-09,2.6913092574883053e-09,2.6856488608730372e-12,2.6867546002913213e-09,2.6949979237814766e-09,5.078575385334564e-09,0.05344855033758274,
heydemann,"grid:amplitude_x_quadrature:amplitude_ratio=1.5,quadrature_error_rad=0.0",50,0,0,0.0,0.0,0.0,,1.7231929368457525e-09,1.7230247300100394e-09,1.269184990461509e-12,1.7212136149358757e-09,1.725111003496498e-09,3.180088084235623e-09,0.034219786795906676,
kasa,"grid:amplitude_x_quadrature:amplitude_ratio=1.5,quadrature_error_rad=0.0",50,0,0,0.0,0.0,0.0,,7.3410488687205465e-09,7.341179296485611e-09,2.3223843133739794e-12,7.337424390462172e-09,7.344315401738514e-09,1.2764534818757041e-08,0.14578119592677707,
koning_wimmer_witkovsky,"grid:amplitude_x_quadrature:amplitude_ratio=1.5,quadrature_error_rad=0.0",50,0,0,0.0,0.0,0.0,1.0,3.139472633065163e-09,3.1395405311749863e-09,2.2417103696792225e-12,3.1351836316837093e-09,3.142759078426698e-09,6.163347019922288e-09,0.06234477977360128,
raw_atan2,"grid:amplitude_x_quadrature:amplitude_ratio=1.5,quadrature_error_rad=0.0",50,0,0,0.0,0.0,0.0,,6.935411775070934e-09,6.9354930797506754e-09,1.9339407205042945e-12,6.932355826461072e-09,6.937838585671043e-09,1.1263070440370898e-08,0.1377259082312452,
taubin,"grid:amplitude_x_quadrature:amplitude_ratio=1.5,quadrature_error_rad=0.0",50,0,0,0.0,0.0,0.0,,7.3159826631573054e-09,7.316163072911072e-09,2.3018375011629634e-12,7.312369170725751e-09,7.319225828508575e-09,1.2694784550954532e-08,0.14528342217677168,
fitzgibbon,"grid:amplitude_x_quadrature:amplitude_ratio=1.5,quadrature_error_rad=0.02",50,0,0,0.0,0.0,0.0,,2.6921378345576235e-09,2.6921470852931224e-09,2.3589617971112503e-12,2.6884728175812367e-09,2.6954572189127874e-09,5.161905407035848e-09,0.05346144401705036,
halir_flusser,"grid:amplitude_x_quadrature:amplitude_ratio=1.5,quadrature_error_rad=0.02",50,0,0,0.0,0.0,0.0,,2.692137834557631e-09,2.6921470852931075e-09,2.3589617970953554e-12,2.688472817581246e-09,2.6954572189128276e-09,5.161905407035878e-09,0.0534614440170505,
heydemann,"grid:amplitude_x_quadrature:amplitude_ratio=1.5,quadrature_error_rad=0.02",50,0,0,0.0,0.0,0.0,,1.7238304255228401e-09,1.7236904430688256e-09,1.5516602423264739e-12,1.7214580254346207e-09,1.7259499953380333e-09,3.2178198380393438e-09,0.03423244627596158,
kasa,"grid:amplitude_x_quadrature:amplitude_ratio=1.5,quadrature_error_rad=0.02",50,0,0,0.0,0.0,0.0,,7.373618872173513e-09,7.374051929309491e-09,2.1102344678052058e-12,7.370344476112016e-09,7.376923170098756e-09,1.3489239378345026e-08,0.1464279828014625,
koning_wimmer_witkovsky,"grid:amplitude_x_quadrature:amplitude_ratio=1.5,quadrature_error_rad=0.02",50,0,0,0.0,0.0,0.0,1.0,3.146854751914135e-09,3.1469108389354945e-09,1.8222641624378253e-12,3.1434606727189316e-09,3.149508046652146e-09,6.237085372573204e-09,0.06249137655200745,
raw_atan2,"grid:amplitude_x_quadrature:amplitude_ratio=1.5,quadrature_error_rad=0.02",50,0,0,0.0,0.0,0.0,,6.967465636304215e-09,6.967424167424585e-09,2.1212242852422345e-12,6.964281119801081e-09,6.970762230238932e-09,1.0815331522441747e-08,0.13836244536758946,
taubin,"grid:amplitude_x_quadrature:amplitude_ratio=1.5,quadrature_error_rad=0.02",50,0,0,0.0,0.0,0.0,,7.348552894575371e-09,7.348892577020319e-09,2.103675531824077e-12,7.345359501574456e-09,7.351894104692737e-09,1.3406147227176852e-08,0.14593021357847025,
fitzgibbon,"grid:amplitude_x_quadrature:amplitude_ratio=1.5,quadrature_error_rad=0.05",50,0,0,0.0,0.0,0.0,,2.70354195164002e-09,2.7032576616337367e-09,2.2936551547533124e-12,2.7004064696305455e-09,2.707458007198348e-09,5.329957191886872e-09,0.05368791108687801,
halir_flusser,"grid:amplitude_x_quadrature:amplitude_ratio=1.5,quadrature_error_rad=0.05",50,0,0,0.0,0.0,0.0,,2.7035419516400665e-09,2.7032576616337776e-09,2.293655154765372e-12,2.7004064696305633e-09,2.7074580071984717e-09,5.329957191887375e-09,0.05368791108687891,
heydemann,"grid:amplitude_x_quadrature:amplitude_ratio=1.5,quadrature_error_rad=0.05",50,0,0,0.0,0.0,0.0,,1.7267466723365171e-09,1.7267823533082557e-09,1.3264539115968085e-12,1.7244814898415774e-09,1.7287848735774044e-09,3.3093764528974947e-09,0.03429035815690912,
kasa,"grid:amplitude_x_quadrature:amplitude_ratio=1.5,quadrature_error_rad=0.05",50,0,0,0.0,0.0,0.0,,7.540149627267868e-09,7.540076984931467e-09,1.9641508598084245e-12,7.537504362043618e-09,7.543084891033447e-09,1.4567692865538995e-08,0.14973501059413746,
koning_wimmer_witkovsky,"grid:amplitude_x_quadrature:amplitude_ratio=1.5,quadrature_error_rad=0.05",50,0,0,0.0,0.0,0.0,1.0,3.166339531631438e-09,3.1657684859175816e-09,1.9719978116059147e-12,3.163565650570794e-09,3.1696523573220237e-09,6.376790255406387e-09,0.06287831233466669,
raw_atan2,"grid:amplitude_x_quadrature:amplitude_ratio=1.5,quadrature_error_rad=0.05",50,0,0,0.0,0.0,0.0,,7.136066155020712e-09,7.1359155024669244e-09,1.890649020790218e-12,7.133056591087859e-09,7.138751163019707e-09,1.1795278515291069e-08,0.14171057527271702,
taubin,"grid:amplitude_x_quadrature:amplitude_ratio=1.5,quadrature_error_rad=0.05",50,0,0,0.0,0.0,0.0,,7.515059580779291e-09,7.51496318540391e-09,1.9607016066315534e-12,7.512390904543707e-09,7.518000789363333e-09,1.4483947129265768e-08,0.14923676340243877,
fitzgibbon,"grid:amplitude_x_quadrature:amplitude_ratio=1.5,quadrature_error_rad=0.1",50,0,0,0.0,0.0,0.0,,2.7342793025025274e-09,2.7342725096945306e-09,2.197089265478432e-12,2.73094354352471e-09,2.737902096744444e-09,5.55776055553152e-09,0.05429830448549028,
halir_flusser,"grid:amplitude_x_quadrature:amplitude_ratio=1.5,quadrature_error_rad=0.1",50,0,0,0.0,0.0,0.0,,2.7342793025025e-09,2.734272509694541e-09,2.197089265477022e-12,2.7309435435245688e-09,2.7379020967443607e-09,5.557760555531465e-09,0.05429830448548975,
heydemann,"grid:amplitude_x_quadrature:amplitude_ratio=1.5,quadrature_error_rad=0.1",50,0,0,0.0,0.0,0.0,,1.7486602945136346e-09,1.748606957467675e-09,1.2442893867986118e-12,1.7467747316393007e-09,1.7503471664915288e-09,3.4363818921510005e-09,0.03472552676907837,
kasa,"grid:amplitude_x_quadrature:amplitude_ratio=1.5,quadrature_error_rad=0.1",50,0,0,0.0,0.0,0.0,,8.117705579176809e-09,8.117429981667445e-09,1.736329202513879e-12,8.115297066284043e-09,8.120388145712074e-09,1.649219003369624e-08,0.16120432497817155,
koning_wimmer_witkovsky,"grid:amplitude_x_quadrature:amplitude_ratio=1.5,quadrature_error_rad=0.1",50,0,0,0.0,0.0,0.0,1.0,3.20818095678715e-09,3.2079643699683616e-09,1.9394966882862033e-12,3.204915392777895e-09,3.211362395818294e-09,6.566053796404346e-09,0.0637092144451908,
raw_atan2,"grid:amplitude_x_quadrature:amplitude_ratio=1.5,quadrature_error_rad=0.1",50,0,0,0.0,0.0,0.0,,7.736941113846376e-09,7.737093611587687e-09,1.60772800122022e-12,7.73431749560439e-09,7.739321584616334e-09,1.3479782439111782e-08,0.15364296690592041,
taubin,"grid:amplitude_x_quadrature:amplitude_ratio=1.5,quadrature_error_rad=0.1",50,0,0,0.0,0.0,0.0,,8.092904855831488e-09,8.092624780033588e-09,1.7255381458439096e-12,8.090541623450455e-09,8.095590460457922e-09,1.6391628669095154e-08,0.16071182326979375,
fitzgibbon,"grid:amplitude_x_quadrature:amplitude_ratio=1.5,quadrature_error_rad=0.15",50,0,0,0.0,0.0,0.0,,2.786851792278291e-09,2.7870030698639406e-09,1.8375554107023898e-12,2.7837370965427524e-09,2.7897682122419643e-09,5.80651818576467e-09,0.055342307947313714,
halir_flusser,"grid:amplitude_x_quadrature:amplitude_ratio=1.5,quadrature_error_rad=0.15",50,0,0,0.0,0.0,0.0,,2.786851792278298e-09,2.7870030698639e-09,1.8375554107091066e-12,2.7837370965427863e-09,2.7897682122420256e-09,5.80651818576469e-09,0.05534230794731384,
heydemann,"grid:amplitude_x_quadrature:amplitude_ratio=1.5,quadrature_error_rad=0.15",50,0,0,0.0,0.0,0.0,,1.778142748439626e-09,1.7780688665737976e-09,1.3748242238342392e-12,1.7757701828487682e-09,1.780426314774704e-09,3.5860181418661658e-09,0.035310999971756594,
kasa,"grid:amplitude_x_quadrature:amplitude_ratio=1.5,quadrature_error_rad=0.15",50,0,0,0.0,0.0,0.0,,8.995306286570965e-09,8.995193464013053e-09,1.6361839446043023e-12,8.992822070605193e-09,8.998022009099123e-09,1.8563235055164435e-08,0.17863203632541994,
koning_wimmer_witkovsky,"grid:amplitude_x_quadrature:amplitude_ratio=1.5,quadrature_error_rad=0.15",50,0,0,0.0,0.0,0.0,1.0,3.2527479137652024e-09,3.2529839283059556e-09,1.5345934907314077e-12,3.249956588685863e-09,3.255105941533969e-09,6.76717485176461e-09,0.06459424114958459,
raw_atan2,"grid:amplitude_x_quadrature:amplitude_ratio=1.5,quadrature_error_rad=0.15",50,0,0,0.0,0.0,0.0,,8.6407202038826e-09,8.64093566574881e-09,1.663400914544892e-12,8.637820398461935e-09,8.642850638847631e-09,1.5443903117541668e-08,0.17159053801670335,
taubin,"grid:amplitude_x_quadrature:amplitude_ratio=1.5,quadrature_error_rad=0.15",50,0,0,0.0,0.0,0.0,,8.970292811823185e-09,8.970242160936364e-09,1.6260666704357257e-12,8.967771445809204e-09,8.972918963608989e-09,1.8439909338789256e-08,0.17813530972296487,
fitzgibbon,"grid:amplitude_x_quadrature:amplitude_ratio=1.5,quadrature_error_rad=0.2",50,0,0,0.0,0.0,0.0,,2.856050490775403e-09,2.855894479436181e-09,2.0060456721284557e-12,2.8530287762666472e-09,2.8594193220118537e-09,6.014289678893904e-09,0.05671648065803748,
halir_flusser,"grid:amplitude_x_quadrature:amplitude_ratio=1.5,quadrature_error_rad=0.2",50,0,0,0.0,0.0,0.0,,2.856050490775403e-09,2.8558944794361112e-09,2.006045672132649e-12,2.853028776266612e-09,2.859419322011875e-09,6.0142896788939025e-09,0.056716480658037485,
heydemann,"grid:amplitude_x_quadrature:amplitude_ratio=1.5,quadrature_error_rad=0.2",50,0,0,0.0,0.0,0.0,,1.8244285574513367e-09,1.8242975486576286e-09,1.2913286871676115e-12,1.8224822689078237e-09,1.8262859765011995e-09,3.726525085703522e-09,0.036230160259725294,
kasa,"grid:amplitude_x_quadrature:amplitude_ratio=1.5,quadrature_error_rad=0.2",50,0,0,0.0,0.0,0.0,,1.0101575552589735e-08,1.0101527952409391e-08,2.029637963337086e-12,1.0098059680763546e-08,1.010476981555222e-08,2.0711956314065344e-08,0.20060073037735882,
koning_wimmer_witkovsky,"grid:amplitude_x_quadrature:amplitude_ratio=1.5,quadrature_error_rad=0.2",50,0,0,0.0,0.0,0.0,1.0,3.3123912695698095e-09,3.3122716270819945e-09,1.7451783908774634e-12,3.3097588346905855e-09,3.3152870596325814e-09,6.959800454611386e-09,0.06577866041906119,
raw_atan2,"grid:amplitude_x_quadrature:amplitude_ratio=1.5,quadrature_error_rad=0.2",50,0,0,0.0,0.0,0.0,,9.777677942601361e-09,9.777495053928623e-09,1.994162775873087e-12,9.774509860950875e-09,9.780688359478154e-09,1.7547654927626443e-08,0.1941686548270759,
taubin,"grid:amplitude_x_quadrature:amplitude_ratio=1.5,quadrature_error_rad=0.2",50,0,0,0.0,0.0,0.0,,1.0076305348737783e-08,1.0076333119891438e-08,2.0237858752085103e-12,1.007284224232891e-08,1.0079510790197866e-08,2.0561955413734005e-08,0.20009890555576587,
fitzgibbon,"grid:amplitude_x_quadrature:amplitude_ratio=1.5,quadrature_error_rad=0.25",50,0,0,0.0,0.0,0.0,,2.9412477187597503e-09,2.9411722967651878e-09,2.130654872158076e-12,2.9375965679110092e-09,2.9448099047482035e-09,6.24198527850692e-09,0.05840835793706301,
halir_flusser,"grid:amplitude_x_quadrature:amplitude_ratio=1.5,quadrature_error_rad=0.25",50,0,0,0.0,0.0,0.0,,2.9412477187597445e-09,2.9411722967651167e-09,2.1306548721457063e-12,2.9375965679110187e-09,2.9448099047482474e-09,6.241985278506904e-09,0.058408357937062894,
heydemann,"grid:amplitude_x_quadrature:amplitude_ratio=1.5,quadrature_error_rad=0.25",50,0,0,0.0,0.0,0.0,,1.8806302488206808e-09,1.880660657499942e-09,1.4503634640766291e-12,1.87808881052681e-09,1.8829196635320414e-09,3.888193490432689e-09,0.03734623371563714,
kasa,"grid:amplitude_x_quadrature:amplitude_ratio=1.5,quadrature_error_rad=0.25",50,0,0,0.0,0.0,0.0,,1.137077912731595e-08,1.1370888752740777e-08,1.94822509549363e-12,1.1367953047768113e-08,1.1374529151414544e-08,2.3003802811087227e-08,0.22580503269259133,
koning_wimmer_witkovsky,"grid:amplitude_x_quadrature:amplitude_ratio=1.5,quadrature_error_rad=0.25",50,0,0,0.0,0.0,0.0,1.0,3.3699746172456974e-09,3.3699162064930687e-09,1.905020953872827e-12,3.367042005743079e-09,3.3730007806989817e-09,7.12398368307084e-09,0.0669221713041919,
raw_atan2,"grid:amplitude_x_quadrature:amplitude_ratio=1.5,quadrature_error_rad=0.25",50,0,0,0.0,0.0,0.0,,1.107004252215397e-08,1.107033443951985e-08,1.9841737476033546e-12,1.1067221204135374e-08,1.107319788813457e-08,1.9743531945242206e-08,0.2198328967289857,
taubin,"grid:amplitude_x_quadrature:amplitude_ratio=1.5,quadrature_error_rad=0.25",50,0,0,0.0,0.0,0.0,,1.1344202763353625e-08,1.1344348735448384e-08,1.9491536423162875e-12,1.1341376911927173e-08,1.1347889527251063e-08,2.283222535084777e-08,0.22527726967247017,
fitzgibbon,"grid:amplitude_x_quadrature:amplitude_ratio=1.5,quadrature_error_rad=0.3",50,0,0,0.0,0.0,0.0,,3.040698499267472e-09,3.0408855607022783e-09,1.7489030507139143e-12,3.037992869387897e-09,3.0432796392385495e-09,6.4232615693948745e-09,0.06038328740252971,
halir_flusser,"grid:amplitude_x_quadrature:amplitude_ratio=1.5,quadrature_error_rad=0.3",50,0,0,0.0,0.0,0.0,,3.0406984992674778e-09,3.040885560702324e-09,1.7489030507089837e-12,3.0379928693878987e-09,3.04327963923856e-09,6.423261569394901e-09,0.060383287402529816,
heydemann,"grid:amplitude_x_quadrature:amplitude_ratio=1.5,quadrature_error_rad=0.3",50,0,0,0.0,0.0,0.0,,1.9506632879895672e-09,1.950784678376997e-09,1.2740973496376312e-12,1.9486615566747167e-09,1.9529420901880757e-09,4.0621909028117845e-09,0.038736975064319445,
kasa,"grid:amplitude_x_quadrature:amplitude_ratio=1.5,quadrature_error_rad=0.3",50,0,0,0.0,0.0,0.0,,1.2756109833883828e-08,1.2756085927874936e-08,1.7908563214394182e-12,1.2753330470863362e-08,1.2758592970388418e-08,2.5438140559834125e-08,0.2533154294722753,
koning_wimmer_witkovsky,"grid:amplitude_x_quadrature:amplitude_ratio=1.5,quadrature_error_rad=0.3",50,0,0,0.0,0.0,0.0,1.0,3.4432758148304613e-09,3.4434024300920158e-09,1.6413619045889178e-12,3.440836911978223e-09,3.445499407095734e-09,7.309661328585829e-09,0.06837781292133241,
raw_atan2,"grid:amplitude_x_quadrature:amplitude_ratio=1.5,quadrature_error_rad=0.3",50,0,0,0.0,0.0,0.0,,1.247730547834557e-08,1.2477195185323097e-08,1.8225590192621443e-12,1.2474454651954763e-08,1.2480027952927235e-08,2.2009246580245545e-08,0.2477788320313914,
taubin,"grid:amplitude_x_quadrature:amplitude_ratio=1.5,quadrature_error_rad=0.3",50,0,0,0.0,0.0,0.0,,1.2728244719132397e-08,1.2728136280620055e-08,1.7831410572340562e-12,1.2725563492038541e-08,1.2730639295330282e-08,2.522718607092745e-08,0.25276207397420614,
fitzgibbon,"grid:amplitude_x_quadrature:amplitude_ratio=1.5,quadrature_error_rad=0.4",50,0,0,0.0,0.0,0.0,,3.271009221999061e-09,3.2711293433943592e-09,2.602338446066699e-12,3.2660238531212658e-09,3.275052139008082e-09,6.770548620530234e-09,0.06495688079429024,
halir_flusser,"grid:amplitude_x_quadrature:amplitude_ratio=1.5,quadrature_error_rad=0.4",50,0,0,0.0,0.0,0.0,,3.271009221999062e-09,3.2711293433944407e-09,2.602338446081503e-12,3.266023853121253e-09,3.275052139007927e-09,6.77054862053025e-09,0.06495688079429025,
heydemann,"grid:amplitude_x_quadrature:amplitude_ratio=1.5,quadrature_error_rad=0.4",50,0,0,0.0,0.0,0.0,,2.128889879220532e-09,2.1290690887560397e-09,1.4746209449484033e-12,2.1267586614557978e-09,2.131284948900731e-09,4.559917088684877e-09,0.042276262989006864,
kasa,"grid:amplitude_x_quadrature:amplitude_ratio=1.5,quadrature_error_rad=0.4",50,0,0,0.0,0.0,0.0,,1.576960791711527e-08,1.5769556464778065e-08,1.906600823466909e-12,1.5766307732124685e-08,1.5772241575879517e-08,3.048321336617301e-08,0.31315856120354474,
koning_wimmer_witkovsky,"grid:amplitude_x_quadrature:amplitude_ratio=1.5,quadrature_error_rad=0.4",50,0,0,0.0,0.0,0.0,1.0,3.595497075663231e-09,3.5954555328929286e-09,2.3970398585322767e-12,3.590898971420695e-09,3.599341671668614e-09,7.617610278163733e-09,0.07140067761635394,
raw_atan2,"grid:amplitude_x_quadrature:amplitude_ratio=1.5,quadrature_error_rad=0.4",50,0,0,0.0,0.0,0.0,,1.5516950454798575e-08,1.551693193912581e-08,1.895926115750958e-12,1.551373482947937e-08,1.5519781211211572e-08,2.6928467150829878e-08,0.3081411981979267,
taubin,"grid:amplitude_x_quadrature:amplitude_ratio=1.5,quadrature_error_rad=0.4",50,0,0,0.0,0.0,0.0,,1.5736071462885323e-08,1.573607973513798e-08,1.9070714561556595e-12,1.5732810807623004e-08,1.5738674978963015e-08,3.017578625389074e-08,0.31249258220078713,
fitzgibbon,"grid:amplitude_x_quadrature:amplitude_ratio=1.5,quadrature_error_rad=0.5",50,0,0,0.0,0.0,0.0,,3.5363683473461206e-09,3.5366945734163693e-09,2.9983270581234958e-12,3.531965109898198e-09,3.5411797650654735e-09,7.035540071407235e-09,0.07022647800512041,
halir_flusser,"grid:amplitude_x_quadrature:amplitude_ratio=1.5,quadrature_error_rad=0.5",50,0,0,0.0,0.0,0.0,,3.5363683473461384e-09,3.5366945734163817e-09,2.998327058123678e-12,3.5319651098981688e-09,3.5411797650655897e-09,7.035540071407306e-09,0.07022647800512076,
heydemann,"grid:amplitude_x_quadrature:amplitude_ratio=1.5,quadrature_error_rad=0.5",50,0,0,0.0,0.0,0.0,,2.3616740746705652e-09,2.3614619875190626e-09,1.7367745402970794e-12,2.35856997788277e-09,2.3646018894609233e-09,5.55915341680657e-09,0.04689897549404881,
kasa,"grid:amplitude_x_quadrature:amplitude_ratio=1.5,quadrature_error_rad=0.5",50,0,0,0.0,0.0,0.0,,1.9000100566845387e-08,1.900037328897233e-08,1.9393102336294202e-12,1.8996666682411036e-08,1.900309546725285e-08,3.602574112339835e-08,0.3773108492937341,
koning_wimmer_witkovsky,"grid:amplitude_x_quadrature:amplitude_ratio=1.5,quadrature_error_rad=0.5",50,0,0,0.0,0.0,0.0,1.0,3.77267626381299e-09,3.772706730051646e-09,2.531191521048924e-12,3.7690065786214295e-09,3.776978768268623e-09,7.919766765626578e-09,0.07491916583291705,
raw_atan2,"grid:amplitude_x_quadrature:amplitude_ratio=1.5,quadrature_error_rad=0.5",50,0,0,0.0,0.0,0.0,,1.8755708450753095e-08,1.8755875311739236e-08,1.8399945730349367e-12,1.875300501620573e-08,1.8758378063731536e-08,3.207713199750626e-08,0.37245762251427267,
taubin,"grid:amplitude_x_quadrature:amplitude_ratio=1.5,quadrature_error_rad=0.5",50,0,0,0.0,0.0,0.0,,1.8956026228506883e-08,1.8956286369951036e-08,1.9155341571682397e-12,1.8952616074476445e-08,1.8958926425801713e-08,3.554283673489516e-08,0.37643560518794345,
fitzgibbon,"grid:arc_x_noise:arc_fraction=0.02,noise_std=0.0",50,0,50,0.0,1.0,1.0,,7.580325270956648e-08,7.589189497147449e-08,4.744204423938066e-09,6.912054854624833e-08,8.287237879971091e-08,1.5272030384955652e-07,1.5053283301554021,
halir_flusser,"grid:arc_x_noise:arc_fraction=0.02,noise_std=0.0",50,28,0,0.56,0.0,0.56,,7.59899091233421e-09,6.798856800804447e-09,3.318602454075807e-09,4.2644046994049835e-09,1.1267626583879402e-08,1.4864251082582009e-08,0.1509035020536331,
heydemann,"grid:arc_x_noise:arc_fraction=0.02,noise_std=0.0",50,50,0,1.0,0.0,1.0,,,,,,,,,
kasa,"grid:arc_x_noise:arc_fraction=0.02,noise_std=0.0",50,0,0,0.0,0.0,0.0,,1.0097694179123703e-09,1.0010775900868286e-09,1.8965102294110496e-10,6.741297349046329e-10,1.3402232653865315e-09,1.916254495480797e-09,0.020052365266328347,
koning_wimmer_witkovsky,"grid:arc_x_noise:arc_fraction=0.02,noise_std=0.0",50,49,1,0.98,0.02,1.0,0.02,9.094068388255859e-08,9.094068388255859e-08,0.0,9.094068388255859e-08,9.094068388255859e-08,1.5613833875754204e-07,1.8059328975845623,
raw_atan2,"grid:arc_x_noise:arc_fraction=0.02,noise_std=0.0",50,0,0,0.0,0.0,0.0,,6.5145569994495065e-09,6.514149583520253e-09,2.6683210466071195e-12,6.510950578265039e-09,6.5194639947301955e-09,6.637403000323207e-09,0.12936842231897933,
taubin,"grid:arc_x_noise:arc_fraction=0.02,noise_std=0.0",50,0,0,0.0,0.0,0.0,,3.444471169653e-10,3.3235209626288913e-10,1.1642257579344851e-10,1.9038341807499223e-10,5.416340795004641e-10,6.276079495716487e-10,0.006840155070849373,
fitzgibbon,"grid:arc_x_noise:arc_fraction=0.02,noise_std=0.005",50,0,50,0.0,1.0,1.0,,8.482766148004012e-08,8.49237466641437e-08,7.065195450029102e-09,7.399094795684808e-08,9.535875082538974e-08,1.5178314631308765e-07,1.6845382941017437,
halir_flusser,"grid:arc_x_noise:arc_fraction=0.02,noise_std=0.005",50,5,45,0.1,0.9,1.0,,8.535532199512756e-08,8.654115156924216e-08,7.480012509916028e-09,7.237500140418054e-08,9.559589447298685e-08,1.5214829649506903e-07,1.6950167669069782,
heydemann,"grid:arc_x_noise:arc_fraction=0.02,noise_std=0.005",50,50,0,1.0,0.0,1.0,,,,,,,,,
kasa,"grid:arc_x_noise:arc_fraction=0.02,noise_std=0.005",50,0,50,0.0,1.0,1.0,,5.657875264036255e-08,4.781333735806181e-08,2.4991044736215335e-08,3.030879930151425e-08,1.0817336185804758e-07,8.418597567268883e-08,1.123561274615911,
koning_wimmer_witkovsky,"grid:arc_x_noise:arc_fraction=0.02,noise_std=0.005",50,48,2,0.96,0.04,1.0,0.04,7.497993617902206e-08,7.497993617902206e-08,6.0836983601485754e-09,6.950460765488833e-08,8.045526470315578e-08,1.182991581521973e-07,1.4889786135691987,
raw_atan2,"grid:arc_x_noise:arc_fraction=0.02,noise_std=0.005",50,0,0,0.0,0.0,0.0,,6.517189876202387e-09,6.52041927451818e-09,3.2666464206946465e-11,6.4620269751731894e-09,6.570724725591175e-09,7.079754992025075e-09,0.1294207069350644,
taubin,"grid:arc_x_noise:arc_fraction=0.02,noise_std=0.005",50,0,9,0.0,0.18,0.18,,2.9308833701862436e-08,1.7917102568381089e-09,5.897840754620184e-08,5.809266899827346e-10,1.556966308185522e-07,3.1138839302965464e-08,0.5820253896526928,
fitzgibbon,"grid:arc_x_noise:arc_fraction=0.02,noise_std=0.01",50,0,50,0.0,1.0,1.0,,8.662446938709833e-08,8.70814534403154e-08,7.963221824092402e-09,7.531253130162553e-08,1.0050555006682122e-07,1.5391425788071076e-07,1.7202199535247922,
halir_flusser,"grid:arc_x_noise:arc_fraction=0.02,noise_std=0.01",50,0,50,0.0,1.0,1.0,,8.66195835939662e-08,8.708095273969452e-08,7.958389976295675e-09,7.530267609239036e-08,1.0050646640913172e-07,1.5391923557882512e-07,1.7201229296827507,
heydemann,"grid:arc_x_noise:arc_fraction=0.02,noise_std=0.01",50,50,0,1.0,0.0,1.0,,,,,,,,,
kasa,"grid:arc_x_noise:arc_fraction=0.02,noise_std=0.01",50,0,50,0.0,1.0,1.0,,7.657659258418268e-08,7.336308482261699e-08,1.808543831080427e-08,5.124376203130915e-08,1.06863461879012e-07,1.3170464101965923e-07,1.5206855922844937,
koning_wimmer_witkovsky,"grid:arc_x_noise:arc_fraction=0.02,noise_std=0.01",50,47,3,0.94,0.06,1.0,0.06,8.650959869690502e-08,8.557232940942618e-08,2.404549807017837e-09,8.428984255449692e-08,8.93854433405483e-08,1.466487461777478e-07,1.7179388099317192,
raw_atan2,"grid:arc_x_noise:arc_fraction=0.02,noise_std=0.01",50,0,0,0.0,0.0,0.0,,6.521398685403954e-09,6.504309671572329e-09,6.356016640875155e-11,6.4418118061588984e-09,6.6469435987875105e-09,7.64127316625884e-09,0.12950428698606317,
taubin,"grid:arc_x_noise:arc_fraction=0.02,noise_std=0.01",50,0,21,0.0,0.42,0.42,,6.641113901849532e-08,5.006809122558797e-09,7.400067402012603e-08,1.2562442090329813e-09,1.557112169444707e-07,7.063500420885754e-08,1.318816349285938,
fitzgibbon,"grid:arc_x_noise:arc_fraction=0.02,noise_std=0.02",50,0,50,0.0,1.0,1.0,,8.732303618720511e-08,8.590200361589633e-08,7.508117322505898e-09,7.649779757001966e-08,1.0061740962599793e-07,1.5432132762162657e-07,1.7340923449739523,
halir_flusser,"grid:arc_x_noise:arc_fraction=0.02,noise_std=0.02",50,0,50,0.0,1.0,1.0,,8.732312028325592e-08,8.590213152949334e-08,7.508130403172145e-09,7.64977782276312e-08,1.0061737176783832e-07,1.5432100461083364e-07,1.7340940149836572,
heydemann,"grid:arc_x_noise:arc_fraction=0.02,noise_std=0.02",50,50,0,1.0,0.0,1.0,,,,,,,,,
kasa,"grid:arc_x_noise:arc_fraction=0.02,noise_std=0.02",50,0,50,0.0,1.0,1.0,,8.123226041464968e-08,8.03708551912553e-08,1.1607564509713583e-08,6.103000367305958e-08,1.0099599575958666e-07,1.4883710045832335e-07,1.6131395230920123,
koning_wimmer_witkovsky,"grid:arc_x_noise:arc_fraction=0.02,noise_std=0.02",50,47,3,0.94,0.06,1.0,0.06,8.442855591716788e-08,8.679968279445947e-08,1.3467711918199707e-08,6.886908942815513e-08,9.832823359207652e-08,1.3132649465664086e-07,1.6766127118999348,
raw_atan2,"grid:arc_x_noise:arc_fraction=0.02,noise_std=0.02",50,0,0,0.0,0.0,0.0,,6.554165984929166e-09,6.558189533835178e-09,1.210022273531199e-10,6.362137850445856e-09,6.729348845730256e-09,8.68389102021095e-09,0.13015499183730456,
taubin,"grid:arc_x_noise:arc_fraction=0.02,noise_std=0.02",50,0,30,0.0,0.6,0.6,,6.911012854825571e-08,3.7365618364410484e-08,6.055698139127978e-08,2.604194311876602e-09,1.53783464714678e-07,9.160647937132159e-08,1.3724138567373347,
fitzgibbon,"grid:arc_x_noise:arc_fraction=0.02,noise_std=0.03",50,0,50,0.0,1.0,1.0,,8.843208543522711e-08,8.80083249277138e-08,6.657481897742491e-09,7.872175390647763e-08,9.846086242984077e-08,1.5440199757906634e-07,1.7561162449110899,
halir_flusser,"grid:arc_x_noise:arc_fraction=0.02,noise_std=0.03",50,0,50,0.0,1.0,1.0,,8.843207464739366e-08,8.800822141636162e-08,6.657473090139428e-09,7.872177771978797e-08,9.846086551676201e-08,1.5440196776735618e-07,1.7561160306824026,
heydemann,"grid:arc_x_noise:arc_fraction=0.02,noise_std=0.03",50,50,0,1.0,0.0,1.0,,,,,,,,,
kasa,"grid:arc_x_noise:arc_fraction=0.02,noise_std=0.03",50,0,50,0.0,1.0,1.0,,8.553485653883072e-08,8.37301893033677e-08,9.385405234549226e-09,7.042501711087091e-08,1.0196889593137903e-07,1.5182477021492364e-07,1.6985820286235616,
koning_wimmer_witkovsky,"grid:arc_x_noise:arc_fraction=0.02,noise_std=0.03",50,48,2,0.96,0.04,1.0,0.04,6.773470881771623e-08,6.773470881771623e-08,7.613299453955922e-09,6.088273930915589e-08,7.458667832627655e-08,1.0342229236926688e-07,1.3451002756939383,
raw_atan2,"grid:arc_x_noise:arc_fraction=0.02,noise_std=0.03",50,0,0,0.0,0.0,0.0,,6.736182448291209e-09,6.762930027831312e-09,1.9399210643537453e-10,6.389029195185926e-09,6.9985408294619e-09,9.918686312778306e-09,0.13376954040955857,
taubin,"grid:arc_x_noise:arc_fraction=0.02,noise_std=0.03",50,0,42,0.0,0.84,0.84,,7.610531371350931e-08,8.018810223513786e-08,3.880547491550492e-08,7.824428949333132e-09,1.3318392482177612e-07,1.2634984866270605e-07,1.511326766507632,
fitzgibbon,"grid:arc_x_noise:arc_fraction=0.02,noise_std=0.04",50,0,50,0.0,1.0,1.0,,8.837416940755841e-08,8.877873745874726e-08,6.4063674320636e-09,7.862079792155647e-08,9.72225364143346e-08,1.5457847884392662e-07,1.7549661275466835,
halir_flusser,"grid:arc_x_noise:arc_fraction=0.02,noise_std=0.04",50,0,50,0.0,1.0,1.0,,8.837416633108527e-08,8.877873862073047e-08,6.406367477500097e-09,7.862079695771853e-08,9.722253508561165e-08,1.5457847964012208e-07,1.7549660664529705,
heydemann,"grid:arc_x_noise:arc_fraction=0.02,noise_std=0.04",50,50,0,1.0,0.0,1.0,,,,,,,,,
kasa,"grid:arc_x_noise:arc_fraction=0.02,noise_std=0.04",50,0,50,0.0,1.0,1.0,,8.641942919061146e-08,8.605935135342518e-08,6.9801912594432345e-09,7.702734612472868e-08,9.684954231290676e-08,1.5462314814013202e-07,1.716148191356816,
koning_wimmer_witkovsky,"grid:arc_x_noise:arc_fraction=0.02,noise_std=0.04",50,49,1,0.98,0.02,1.0,0.02,1.059705118641003e-07,1.059705118641003e-07,0.0,1.059705118641003e-07,1.059705118641003e-07,1.5797946040323413e-07,2.1044006420316532,
raw_atan2,"grid:arc_x_noise:arc_fraction=0.02,noise_std=0.04",50,0,0,0.0,0.0,0.0,,6.816043394295729e-09,6.847708393828552e-09,2.520208866540941e-10,6.421565526538277e-09,7.209502534275074e-09,1.1117572723969274e-08,0.13535544787654044,
taubin,"grid:arc_x_noise:arc_fraction=0.02,noise_std=0.04",50,0,49,0.0,0.98,0.98,,8.452999976759421e-08,8.422040164232263e-08,2.055080113917411e-08,5.575416669414468e-08,1.2246331230803748e-07,1.515787585975581e-07,1.6786272204666306,
fitzgibbon,"grid:arc_x_noise:arc_fraction=0.02,noise_std=0.05",50,0,50,0.0,1.0,1.0,,9.287810835674152e-08,9.259881224551721e-08,7.7494754324877e-09,7.862950639799896e-08,1.0641662441245023e-07,1.5580258410935164e-07,1.8444069715098355,
halir_flusser,"grid:arc_x_noise:arc_fraction=0.02,noise_std=0.05",50,0,50,0.0,1.0,1.0,,9.287810828167246e-08,9.259880607435653e-08,7.749475255004334e-09,7.862950613332887e-08,1.064166223659738e-07,1.558025859758325e-07,1.8444069700190868,
heydemann,"grid:arc_x_noise:arc_fraction=0.02,noise_std=0.05",50,50,0,1.0,0.0,1.0,,,,,,,,,
kasa,"grid:arc_x_noise:arc_fraction=0.02,noise_std=0.05",50,0,50,0.0,1.0,1.0,,9.156905119934313e-08,9.12015714042835e-08,8.197211298030285e-09,7.779876629671682e-08,1.0549465530742403e-07,1.54427015070004e-07,1.8184112423770165,
koning_wimmer_witkovsky,"grid:arc_x_noise:arc_fraction=0.02,noise_std=0.05",50,49,1,0.98,0.02,1.0,0.02,8.087009319067835e-08,8.087009319067835e-08,0.0,8.087009319067835e-08,8.087009319067835e-08,1.4826869594088043e-07,1.60594747574562,
raw_atan2,"grid:arc_x_noise:arc_fraction=0.02,noise_std=0.05",50,0,0,0.0,0.0,0.0,,6.86807482308909e-09,6.864662073399708e-09,3.25599264663452e-10,6.315974263740098e-09,7.422517414900894e-09,1.203840443652736e-08,0.1363887067542459,
taubin,"grid:arc_x_noise:arc_fraction=0.02,noise_std=0.05",50,0,50,0.0,1.0,1.0,,9.598966686041533e-08,9.378600766729133e-08,1.7151479476791074e-08,6.768341609848224e-08,1.212698867706801e-07,1.546124109842948e-07,1.9061974224349711,
fitzgibbon,"grid:arc_x_noise:arc_fraction=0.02,noise_std=0.06",50,0,50,0.0,1.0,1.0,,9.158335809838896e-08,9.133640520627937e-08,6.625624610419079e-09,8.284003962416083e-08,1.0167211463772117e-07,1.5552836623007365e-07,1.81869535393794,
halir_flusser,"grid:arc_x_noise:arc_fraction=0.02,noise_std=0.06",50,0,50,0.0,1.0,1.0,,9.158335791855315e-08,9.133640502520328e-08,6.6256245032228614e-09,8.284003962882485e-08,1.0167211446429843e-07,1.5552836616334045e-07,1.8186953503666954,
heydemann,"grid:arc_x_noise:arc_fraction=0.02,noise_std=0.06",50,50,0,1.0,0.0,1.0,,,,,,,,,
kasa,"grid:arc_x_noise:arc_fraction=0.02,noise_std=0.06",50,0,50,0.0,1.0,1.0,,8.995128643447717e-08,8.951304060775747e-08,6.890514524478354e-09,7.908826660098265e-08,1.0104733135131148e-07,1.5513326959762202e-07,1.7862850862421285,
koning_wimmer_witkovsky,"grid:arc_x_noise:arc_fraction=0.02,noise_std=0.06",50,46,4,0.92,0.08,1.0,0.08,7.579598838821183e-08,7.878015502559934e-08,1.1526922364954051e-08,6.025756541321087e-08,8.715657807087026e-08,1.2711295290948706e-07,1.505184072642121,
raw_atan2,"grid:arc_x_noise:arc_fraction=0.02,noise_std=0.06",50,0,0,0.0,0.0,0.0,,7.1036398782302644e-09,7.1384902321867084e-09,3.7852275272160635e-10,6.471445768729167e-09,7.651691605802636e-09,1.3405090963037715e-08,0.14106664257392978,
taubin,"grid:arc_x_noise:arc_fraction=0.02,noise_std=0.06",50,0,49,0.0,0.98,0.98,,8.84927602369123e-08,9.012544647004521e-08,1.862814903546485e-08,6.226042025647373e-08,1.0902288870684557e-07,1.4984084452142992e-07,1.757321147004846,
fitzgibbon,"grid:arc_x_noise:arc_fraction=0.02,noise_std=0.08",50,0,50,0.0,1.0,1.0,,9.06854095909687e-08,9.129796556923706e-08,8.081793355371397e-09,7.584946849111452e-08,1.026700381395624e-07,1.5584968905523866e-07,1.8008635686394987,
halir_flusser,"grid:arc_x_noise:arc_fraction=0.02,noise_std=0.08",50,0,50,0.0,1.0,1.0,,9.068540962460082e-08,9.12979656522172e-08,8.081793379667966e-09,7.584946852140254e-08,1.0267003817482809e-07,1.558496890810076e-07,1.8008635693073771,
heydemann,"grid:arc_x_noise:arc_fraction=0.02,noise_std=0.08",50,50,0,1.0,0.0,1.0,,,,,,,,,
kasa,"grid:arc_x_noise:arc_fraction=0.02,noise_std=0.08",50,0,50,0.0,1.0,1.0,,9.004753624998373e-08,9.024681715734783e-08,8.222923402972066e-09,7.697263623092178e-08,1.0226730173253808e-07,1.552479813379389e-07,1.7881964497901992,
koning_wimmer_witkovsky,"grid:arc_x_noise:arc_fraction=0.02,noise_std=0.08",50,50,0,1.0,0.0,1.0,0.0,,,,,,,,
raw_atan2,"grid:arc_x_noise:arc_fraction=0.02,noise_std=0.08",50,0,0,0.0,0.0,0.0,,7.695967724897191e-09,7.806289612018425e-09,4.1218674285083673e-10,6.9398393502939085e-09,8.291189675992302e-09,1.5580509967268098e-08,0.15282930257143593,
taubin,"grid:arc_x_noise:arc_fraction=0.02,noise_std=0.08",50,0,50,0.0,1.0,1.0,,8.925911002928342e-08,9.113289207693344e-08,1.392870919184863e-08,6.729208598355533e-08,1.0977285410101023e-07,1.5430771728977366e-07,1.7725395975597968,
fitzgibbon,"grid:arc_x_noise:arc_fraction=0.02,noise_std=0.1",50,0,50,0.0,1.0,1.0,,9.132733119325748e-08,9.259263455974982e-08,8.83186180769377e-09,7.651921842134555e-08,1.0524954876669196e-07,1.5503453198071913e-07,1.8136110793217426,
halir_flusser,"grid:arc_x_noise:arc_fraction=0.02,noise_std=0.1",50,0,50,0.0,1.0,1.0,,9.132733118266426e-08,9.259263459466682e-08,8.831861810338904e-09,7.651921835750937e-08,1.0524954874987678e-07,1.5503453190327702e-07,1.8136110791113782,
heydemann,"grid:arc_x_noise:arc_fraction=0.02,noise_std=0.1",50,50,0,1.0,0.0,1.0,,,,,,,,,
kasa,"grid:arc_x_noise:arc_fraction=0.02,noise_std=0.1",50,0,50,0.0,1.0,1.0,,9.119303607380505e-08,9.209198932924437e-08,8.994126040420204e-09,7.586486992501866e-08,1.0487644813041655e-07,1.5458730286006025e-07,1.8109441984071741,
koning_wimmer_witkovsky,"grid:arc_x_noise:arc_fraction=0.02,noise_std=0.1",50,49,1,0.98,0.02,1.0,0.02,7.763742202814766e-08,7.763742202814766e-08,0.0,7.763742202814766e-08,7.763742202814766e-08,1.2403733141403028e-07,1.5417519259625732,
raw_atan2,"grid:arc_x_noise:arc_fraction=0.02,noise_std=0.1",50,0,0,0.0,0.0,0.0,,8.073357903357255e-09,8.080872386827442e-09,5.246362420325186e-10,7.214868371801549e-09,8.997431067453424e-09,1.7740816893167603e-08,0.16032365283810526,
taubin,"grid:arc_x_noise:arc_fraction=0.02,noise_std=0.1",50,0,50,0.0,1.0,1.0,,9.186687166524146e-08,9.194007135362026e-08,1.6044027842497834e-08,6.857564688613206e-08,1.1701212204986701e-07,1.5466747592391788e-07,1.8243254685954415,
fitzgibbon,"grid:arc_x_noise:arc_fraction=0.05,noise_std=0.0",50,0,50,0.0,1.0,1.0,,4.921514133840903e-08,4.9200327550910704e-08,1.919943435400216e-09,4.639832275843455e-08,5.224777470480414e-08,9.346200525736428e-08,0.9773320257530287,
halir_flusser,"grid:arc_x_noise:arc_fraction=0.05,noise_std=0.0",50,20,28,0.4,0.56,0.96,,3.864365849616424e-08,3.599048852395784e-08,1.1144976486020637e-08,2.551010315204975e-08,6.367218081193658e-08,7.233372579222988e-08,0.7673997069493195,
heydemann,"grid:arc_x_noise:arc_fraction=0.05,noise_std=0.0",50,50,0,1.0,0.0,1.0,,,,,,,,,
kasa,"grid:arc_x_noise:arc_fraction=0.05,noise_std=0.0",50,0,0,0.0,0.0,0.0,,5.612624600215054e-10,5.587488219541106e-10,3.178252945333868e-11,5.162448379032924e-10,6.123923805873725e-10,8.767938604624614e-10,0.011145752346013251,
koning_wimmer_witkovsky,"grid:arc_x_noise:arc_fraction=0.05,noise_std=0.0",50,50,0,1.0,0.0,1.0,0.0,,,,,,,,
raw_atan2,"grid:arc_x_noise:arc_fraction=0.05,noise_std=0.0",50,0,0,0.0,0.0,0.0,,6.587116770646097e-09,6.586846214099509e-09,2.127567352451668e-12,6.583404840522883e-09,6.5904857886959185e-09,6.6926500697863415e-09,0.13080934042351391,
taubin,"grid:arc_x_noise:arc_fraction=0.05,noise_std=0.0",50,0,0,0.0,0.0,0.0,,5.86323184471905e-10,5.879079642837782e-10,3.672967770394487e-11,5.357932625435533e-10,6.460318807099311e-10,9.910721372778334e-10,0.011643417250103094,
fitzgibbon,"grid:arc_x_noise:arc_fraction=0.05,noise_std=0.005",50,0,50,0.0,1.0,1.0,,7.542642832542872e-08,7.60986282696815e-08,5.634645602979729e-09,6.627934319459189e-08,8.415496949871792e-08,1.5050276846884948e-07,1.4978452156364344,
halir_flusser,"grid:arc_x_noise:arc_fraction=0.05,noise_std=0.005",50,0,50,0.0,1.0,1.0,,7.475135581814188e-08,7.521046757722281e-08,5.542619235204955e-09,6.596392083748479e-08,8.373974417597213e-08,1.4954591371370825e-07,1.4844393823271247,
heydemann,"grid:arc_x_noise:arc_fraction=0.05,noise_std=0.005",50,50,0,1.0,0.0,1.0,,,,,,,,,
kasa,"grid:arc_x_noise:arc_fraction=0.05,noise_std=0.005",50,0,0,0.0,0.0,0.0,,6.908037561399577e-09,6.84243071178119e-09,1.3025293216557492e-09,4.994463313571588e-09,9.173188748372819e-09,1.2233662699732143e-08,0.13718230122386385,
koning_wimmer_witkovsky,"grid:arc_x_noise:arc_fraction=0.05,noise_std=0.005",50,47,3,0.94,0.06,1.0,0.06,7.636187616025323e-08,8.010693034544207e-08,1.3382866877127838e-08,6.059125177888822e-08,8.951096261198605e-08,1.2510042517852208e-07,1.516421676102308,
raw_atan2,"grid:arc_x_noise:arc_fraction=0.05,noise_std=0.005",50,0,0,0.0,0.0,0.0,,6.589833753932049e-09,6.589039354805195e-09,3.309504662666408e-11,6.53306777176582e-09,6.650417626327387e-09,7.184326344897189e-09,0.1308632952574651,
taubin,"grid:arc_x_noise:arc_fraction=0.05,noise_std=0.005",50,0,0,0.0,0.0,0.0,,9.543238044035519e-10,8.353220866583255e-10,4.892358184156636e-10,3.846101421389094e-10,1.9578408363075484e-09,1.922462790627191e-09,0.01895130627724438,
fitzgibbon,"grid:arc_x_noise:arc_fraction=0.05,noise_std=0.01",50,0,50,0.0,1.0,1.0,,7.895286945322975e-08,7.87866816244593e-08,7.215013038224788e-09,6.724924538331465e-08,9.127382643267689e-08,1.5151693329263084e-07,1.5678745553356543,
halir_flusser,"grid:arc_x_noise:arc_fraction=0.05,noise_std=0.01",50,0,50,0.0,1.0,1.0,,7.895475166389412e-08,7.877608815760503e-08,7.20899549051075e-09,6.726500559120511e-08,9.128473152968022e-08,1.515357097997434e-07,1.5679119329538325,
heydemann,"grid:arc_x_noise:arc_fraction=0.05,noise_std=0.01",50,50,0,1.0,0.0,1.0,,,,,,,,,
kasa,"grid:arc_x_noise:arc_fraction=0.05,noise_std=0.01",50,0,24,0.0,0.48,0.48,,2.5997889828302435e-08,2.4280730691427506e-08,7.987834188743106e-09,1.6854950773433925e-08,4.032200483504049e-08,4.130444217588537e-08,0.5162754721455862,
koning_wimmer_witkovsky,"grid:arc_x_noise:arc_fraction=0.05,noise_std=0.01",50,45,5,0.9,0.1,1.0,0.1,8.732049257356296e-08,8.613649822112706e-08,4.679314272821998e-09,8.217167781395093e-08,9.3574075961601e-08,1.5141406127802516e-07,1.7340418329769123,
raw_atan2,"grid:arc_x_noise:arc_fraction=0.05,noise_std=0.01",50,0,0,0.0,0.0,0.0,,6.596785144919695e-09,6.6000007050255e-09,6.36766249785683e-11,6.500783341421878e-09,6.695062937786267e-09,7.706028242766361e-09,0.1310013384866624,
taubin,"grid:arc_x_noise:arc_fraction=0.05,noise_std=0.01",50,0,0,0.0,0.0,0.0,,1.7401977620674048e-09,1.5681195111699376e-09,8.357519542504699e-10,6.665727419662835e-10,3.35370650353351e-09,3.653466171242304e-09,0.034557474747815155,
fitzgibbon,"grid:arc_x_noise:arc_fraction=0.05,noise_std=0.02",50,0,50,0.0,1.0,1.0,,8.213452916589217e-08,8.205687869233187e-08,5.78806956614966e-09,7.391989816817077e-08,9.030306573295149e-08,1.5248641970349773e-07,1.6310571013503377,
halir_flusser,"grid:arc_x_noise:arc_fraction=0.05,noise_std=0.02",50,0,50,0.0,1.0,1.0,,8.213475921148386e-08,8.20570088315741e-08,5.788253924924244e-09,7.391994235934662e-08,9.03030090850232e-08,1.524868451273618e-07,1.6310616696786622,
heydemann,"grid:arc_x_noise:arc_fraction=0.05,noise_std=0.02",50,50,0,1.0,0.0,1.0,,,,,,,,,
kasa,"grid:arc_x_noise:arc_fraction=0.05,noise_std=0.02",50,0,50,0.0,1.0,1.0,,5.6263417558237365e-08,5.333298679353092e-08,1.4075542013656293e-08,3.894481153451741e-08,8.313561069617541e-08,9.332105769548884e-08,1.1172992368319437,
koning_wimmer_witkovsky,"grid:arc_x_noise:arc_fraction=0.05,noise_std=0.02",50,46,4,0.92,0.08,1.0,0.08,8.633659787283763e-08,8.518334660327169e-08,5.172875764133061e-09,8.12342095683036e-08,9.305353795476397e-08,1.4662352246806516e-07,1.7145032971759977,
raw_atan2,"grid:arc_x_noise:arc_fraction=0.05,noise_std=0.02",50,0,0,0.0,0.0,0.0,,6.68639900996041e-09,6.6885799750696e-09,1.467489319231553e-10,6.44484483229343e-09,6.889184502031965e-09,8.844807284974809e-09,0.13278092293717886,
taubin,"grid:arc_x_noise:arc_fraction=0.05,noise_std=0.02",50,0,4,0.0,0.08,0.08,,1.468890411969424e-08,2.6149258218584446e-09,4.074779975876583e-08,1.078896535423356e-09,1.5219486592874122e-07,1.775629509072787e-08,0.2916975554470055,
fitzgibbon,"grid:arc_x_noise:arc_fraction=0.05,noise_std=0.03",50,0,50,0.0,1.0,1.0,,8.357982776027101e-08,8.296232059402664e-08,6.60443720032431e-09,7.356194160983456e-08,9.584817137628934e-08,1.5428166454501835e-07,1.6597583620731209,
halir_flusser,"grid:arc_x_noise:arc_fraction=0.05,noise_std=0.03",50,0,50,0.0,1.0,1.0,,8.357985414441556e-08,8.296241870611845e-08,6.604429522635564e-09,7.356193133870772e-08,9.584807047920557e-08,1.5428169554417903e-07,1.659758886018978,
heydemann,"grid:arc_x_noise:arc_fraction=0.05,noise_std=0.03",50,50,0,1.0,0.0,1.0,,,,,,,,,
kasa,"grid:arc_x_noise:arc_fraction=0.05,noise_std=0.03",50,0,50,0.0,1.0,1.0,,6.715471459535586e-08,6.51115504061899e-08,1.526201647070543e-08,4.9023700248133405e-08,9.589680992854475e-08,1.2575489854511785e-07,1.333582541255937,
koning_wimmer_witkovsky,"grid:arc_x_noise:arc_fraction=0.05,noise_std=0.03",50,48,2,0.96,0.04,1.0,0.04,8.621134095565835e-08,8.621134095565835e-08,3.197677798005793e-09,8.333343093745314e-08,8.908925097386358e-08,1.5288691128143014e-07,1.7120159001417266,
raw_atan2,"grid:arc_x_noise:arc_fraction=0.05,noise_std=0.03",50,0,0,0.0,0.0,0.0,,6.758042037595856e-09,6.751180459244194e-09,1.8390856461716756e-10,6.49203137805457e-09,7.093450417657608e-09,1.0107361988087202e-08,0.1342036360174598,
taubin,"grid:arc_x_noise:arc_fraction=0.05,noise_std=0.03",50,0,8,0.0,0.16,0.16,,2.77133541213197e-08,4.024326960888125e-09,5.340248131620837e-08,1.4667778608859375e-09,1.5091244930220485e-07,3.391441475094944e-08,0.550341780745072,
fitzgibbon,"grid:arc_x_noise:arc_fraction=0.05,noise_std=0.04",50,0,50,0.0,1.0,1.0,,8.573347783373613e-08,8.731695854713775e-08,7.433944798948538e-09,6.927506047329816e-08,9.724662673129878e-08,1.5362421455869942e-07,1.702526321929006,
halir_flusser,"grid:arc_x_noise:arc_fraction=0.05,noise_std=0.04",50,0,50,0.0,1.0,1.0,,8.573347720111915e-08,8.731695218749085e-08,7.4339403643620654e-09,6.927506295992536e-08,9.724662528121576e-08,1.5362421672193446e-07,1.7025263093662701,
heydemann,"grid:arc_x_noise:arc_fraction=0.05,noise_std=0.04",50,50,0,1.0,0.0,1.0,,,,,,,,,
kasa,"grid:arc_x_noise:arc_fraction=0.05,noise_std=0.04",50,0,50,0.0,1.0,1.0,,7.794782038163083e-08,7.805805955812404e-08,1.2833221714484403e-08,5.527129384727411e-08,9.60239527303905e-08,1.4624658700544423e-07,1.547915928408775,
koning_wimmer_witkovsky,"grid:arc_x_noise:arc_fraction=0.05,noise_std=0.04",50,49,1,0.98,0.02,1.0,0.02,7.730742077082037e-08,7.730742077082037e-08,0.0,7.730742077082037e-08,7.730742077082037e-08,1.1818009455614868e-07,1.5351986419822017,
raw_atan2,"grid:arc_x_noise:arc_fraction=0.05,noise_std=0.04",50,0,0,0.0,0.0,0.0,,6.8940919804755075e-09,6.884104421019722e-09,1.8271456337474305e-10,6.586002353446881e-09,7.192216520167858e-09,1.1170284511480734e-08,0.13690536484850926,
taubin,"grid:arc_x_noise:arc_fraction=0.05,noise_std=0.04",50,0,22,0.0,0.44,0.44,,6.638040716808728e-08,1.139991966965682e-08,7.009562534439974e-08,2.2205443884766185e-09,1.527438131941731e-07,7.544737118064565e-08,1.3182060651173342,
fitzgibbon,"grid:arc_x_noise:arc_fraction=0.05,noise_std=0.05",50,0,50,0.0,1.0,1.0,,8.737886027434604e-08,8.815091861792433e-08,7.875140997222284e-09,7.396199231512553e-08,9.812885330843655e-08,1.545839778668174e-07,1.7352009198289162,
halir_flusser,"grid:arc_x_noise:arc_fraction=0.05,noise_std=0.05",50,0,50,0.0,1.0,1.0,,8.737886062431896e-08,8.815091890165225e-08,7.875140641635236e-09,7.396199133321926e-08,9.81288530393135e-08,1.5458397639351673e-07,1.7352009267788042,
heydemann,"grid:arc_x_noise:arc_fraction=0.05,noise_std=0.05",50,50,0,1.0,0.0,1.0,,,,,,,,,
kasa,"grid:arc_x_noise:arc_fraction=0.05,noise_std=0.05",50,0,50,0.0,1.0,1.0,,8.034981090491708e-08,8.094344894918504e-08,1.2649651488448829e-08,5.5180968535545375e-08,9.839422553714028e-08,1.4583141789332423e-07,1.5956155224792452,
koning_wimmer_witkovsky,"grid:arc_x_noise:arc_fraction=0.05,noise_std=0.05",50,44,6,0.88,0.12,1.0,0.12,8.314515146061731e-08,7.972989103051911e-08,1.0137194427905713e-08,7.137263982154869e-08,9.749113601181684e-08,1.357521173006789e-07,1.6511264033519975,
raw_atan2,"grid:arc_x_noise:arc_fraction=0.05,noise_std=0.05",50,0,0,0.0,0.0,0.0,,6.985389032428549e-09,6.953012088243325e-09,2.918560118432417e-10,6.648902757420065e-09,7.483410822991452e-09,1.1921432735975296e-08,0.13871837463175882,
taubin,"grid:arc_x_noise:arc_fraction=0.05,noise_std=0.05",50,0,31,0.0,0.62,0.62,,7.359002833782356e-08,5.0653697023364925e-08,6.001165193396668e-08,3.2128692909275927e-09,1.5141504908592493e-07,9.797248952160923e-08,1.4613773223993123,
fitzgibbon,"grid:arc_x_noise:arc_fraction=0.05,noise_std=0.06",50,0,50,0.0,1.0,1.0,,8.701849888294154e-08,8.846236139033319e-08,6.888939032794594e-09,7.639133825303378e-08,9.586587558182119e-08,1.5460291467942535e-07,1.728044733356895,
halir_flusser,"grid:arc_x_noise:arc_fraction=0.05,noise_std=0.06",50,0,50,0.0,1.0,1.0,,8.70184987481448e-08,8.846236340224314e-08,6.888939125938461e-09,7.639133848215203e-08,9.586587599400745e-08,1.5460291429880745e-07,1.7280447306800528,
heydemann,"grid:arc_x_noise:arc_fraction=0.05,noise_std=0.06",50,50,0,1.0,0.0,1.0,,,,,,,,,
kasa,"grid:arc_x_noise:arc_fraction=0.05,noise_std=0.06",50,0,50,0.0,1.0,1.0,,8.180556820125443e-08,8.249247699925946e-08,9.52159478356279e-09,6.565112765263774e-08,9.569388813089753e-08,1.5106516573564822e-07,1.6245244758773685,
koning_wimmer_witkovsky,"grid:arc_x_noise:arc_fraction=0.05,noise_std=0.06",50,49,1,0.98,0.02,1.0,0.02,1.2565136839033433e-07,1.2565136839033433e-07,0.0,1.2565136839033433e-07,1.2565136839033433e-07,1.5782386098515516e-07,2.495230188676226,
raw_atan2,"grid:arc_x_noise:arc_fraction=0.05,noise_std=0.06",50,0,0,0.0,0.0,0.0,,7.181242397300685e-09,7.186528270539054e-09,3.4437603232566156e-10,6.650217753059078e-09,7.62500931449601e-09,1.340267469316465e-08,0.14260770138437034,
taubin,"grid:arc_x_noise:arc_fraction=0.05,noise_std=0.06",50,0,39,0.0,0.78,0.78,,7.698695659606705e-08,7.494276195560938e-08,4.97663527841672e-08,1.27080354254936e-08,1.49103669877313e-07,1.1614420896400355e-07,1.528834748827057,
fitzgibbon,"grid:arc_x_noise:arc_fraction=0.05,noise_std=0.08",50,0,50,0.0,1.0,1.0,,8.806968193303578e-08,8.844163739014858e-08,7.396696442003764e-09,7.78499732964321e-08,1.0162746762211895e-07,1.546271241684205e-07,1.7489195054665923,
halir_flusser,"grid:arc_x_noise:arc_fraction=0.05,noise_std=0.08",50,0,50,0.0,1.0,1.0,,8.806968189471463e-08,8.844163727614735e-08,7.3966964096860575e-09,7.784997350364999e-08,1.0162746755641981e-07,1.5462712444302878e-07,1.7489195047055972,
heydemann,"grid:arc_x_noise:arc_fraction=0.05,noise_std=0.08",50,50,0,1.0,0.0,1.0,,,,,,,,,
kasa,"grid:arc_x_noise:arc_fraction=0.05,noise_std=0.08",50,0,50,0.0,1.0,1.0,,8.541373070734345e-08,8.512437822776214e-08,8.567300404318777e-09,7.081732945039298e-08,1.0174634299652802e-07,1.5328066079260353e-07,1.696176668178806,
koning_wimmer_witkovsky,"grid:arc_x_noise:arc_fraction=0.05,noise_std=0.08",50,44,5,0.88,0.1,0.98,0.12,7.007278248551641e-08,8.116333985930911e-08,2.5660882545373075e-08,2.9546966391366315e-08,8.33595620366388e-08,1.1819539266513756e-07,1.3915305857970532,
raw_atan2,"grid:arc_x_noise:arc_fraction=0.05,noise_std=0.08",50,0,0,0.0,0.0,0.0,,7.564362134065e-09,7.500452368258831e-09,4.5453298340351365e-10,6.814378622355938e-09,8.30917992758181e-09,1.5477077298883935e-08,0.15021583128616572,
taubin,"grid:arc_x_noise:arc_fraction=0.05,noise_std=0.08",50,0,46,0.0,0.92,0.92,,8.474714994137756e-08,8.706135957897306e-08,3.788210288794408e-08,1.2030495349882738e-08,1.4028415888686918e-07,1.371855446006084e-07,1.6829394669311275,
fitzgibbon,"grid:arc_x_noise:arc_fraction=0.05,noise_std=0.1",50,0,50,0.0,1.0,1.0,,8.732930302631585e-08,8.865816300579194e-08,7.4435671610735956e-09,7.438258330415943e-08,9.674607894210865e-08,1.5506537889949432e-07,1.7342167941250994,
halir_flusser,"grid:arc_x_noise:arc_fraction=0.05,noise_std=0.1",50,0,50,0.0,1.0,1.0,,8.732930303013741e-08,8.865816299911271e-08,7.44356715574033e-09,7.438258330573491e-08,9.67460789402382e-08,1.5506537888467463e-07,1.7342167942009896,
heydemann,"grid:arc_x_noise:arc_fraction=0.05,noise_std=0.1",50,50,0,1.0,0.0,1.0,,,,,,,,,
kasa,"grid:arc_x_noise:arc_fraction=0.05,noise_std=0.1",50,0,50,0.0,1.0,1.0,,8.551208579410823e-08,8.664184503994156e-08,8.552712166761259e-09,6.968972108848676e-08,9.739874553387107e-08,1.5334783265876553e-07,1.6981298389627721,
koning_wimmer_witkovsky,"grid:arc_x_noise:arc_fraction=0.05,noise_std=0.1",50,50,0,1.0,0.0,1.0,0.0,,,,,,,,
raw_atan2,"grid:arc_x_noise:arc_fraction=0.05,noise_std=0.1",50,0,0,0.0,0.0,0.0,,8.16726488021663e-09,8.131231866672468e-09,5.257754778498326e-10,7.353417628840662e-09,8.946437372515301e-09,1.7766585788971932e-08,0.1621884914513937,
taubin,"grid:arc_x_noise:arc_fraction=0.05,noise_std=0.1",50,0,49,0.0,0.98,0.98,,8.471907402480117e-08,8.789506846958325e-08,2.522042372567505e-08,4.01377056176957e-08,1.2072267879641258e-07,1.4666381123261457e-07,1.6823819252543948,
fitzgibbon,"grid:arc_x_noise:arc_fraction=0.1,noise_std=0.0",50,0,0,0.0,0.0,0.0,,1.8405852615845927e-08,1.833239028937378e-08,1.487965755976574e-09,1.5840756849572833e-08,2.087968207038027e-08,3.339201461432614e-08,0.36551005917192186,
halir_flusser,"grid:arc_x_noise:arc_fraction=0.1,noise_std=0.0",50,0,0,0.0,0.0,0.0,,1.8409647312239377e-08,1.831592974115606e-08,1.487144158370957e-09,1.5841819717103416e-08,2.0896917091813506e-08,3.339915239919019e-08,0.3655854156214305,
heydemann,"grid:arc_x_noise:arc_fraction=0.1,noise_std=0.0",50,50,0,1.0,0.0,1.0,,,,,,,,,
kasa,"grid:arc_x_noise:arc_fraction=0.1,noise_std=0.0",50,0,0,0.0,0.0,0.0,,7.520868638552495e-10,7.511060565236894e-10,1.6217275840091497e-11,7.259203546899841e-10,7.799211041394434e-10,1.1601540772082887e-09,0.014935212176669021,
koning_wimmer_witkovsky,"grid:arc_x_noise:arc_fraction=0.1,noise_std=0.0",50,38,12,0.76,0.24,1.0,0.24,4.0288881497437875e-08,4.060366008228113e-08,2.9680907193515207e-09,3.4785231955479443e-08,4.402183215882025e-08,7.747533299387222e-08,0.8000711386453893,
raw_atan2,"grid:arc_x_noise:arc_fraction=0.1,noise_std=0.0",50,0,0,0.0,0.0,0.0,,6.366606924652807e-09,6.366545672287463e-09,2.523478199289005e-12,6.362566612063328e-09,6.370551374479388e-09,6.688623505690905e-09,0.1264303763766319,
taubin,"grid:arc_x_noise:arc_fraction=0.1,noise_std=0.0",50,0,0,0.0,0.0,0.0,,7.543500148449424e-10,7.529580364862511e-10,1.6404328438117485e-11,7.277269722460571e-10,7.823560410434929e-10,1.1801443907702343e-09,0.014980154645209999,
fitzgibbon,"grid:arc_x_noise:arc_fraction=0.1,noise_std=0.005",50,0,50,0.0,1.0,1.0,,5.402878466012869e-08,5.402434446318641e-08,2.160056636790437e-09,5.1042802711194835e-08,5.8020929611842015e-08,1.101336143199143e-07,1.0729230908384653,
halir_flusser,"grid:arc_x_noise:arc_fraction=0.1,noise_std=0.005",50,0,50,0.0,1.0,1.0,,5.4030350227693905e-08,5.401215540008805e-08,2.159120468921671e-09,5.1050961576138234e-08,5.8026651974925346e-08,1.1013704711791473e-07,1.0729541804437848,
heydemann,"grid:arc_x_noise:arc_fraction=0.1,noise_std=0.005",50,50,0,1.0,0.0,1.0,,,,,,,,,
kasa,"grid:arc_x_noise:arc_fraction=0.1,noise_std=0.005",50,0,0,0.0,0.0,0.0,,1.0594728402999703e-09,1.0501495203827862e-09,2.3500882835576647e-10,7.163492953358487e-10,1.4339424077951957e-09,2.273963248027814e-09,0.02103939375325094,
koning_wimmer_witkovsky,"grid:arc_x_noise:arc_fraction=0.1,noise_std=0.005",50,49,1,0.98,0.02,1.0,0.02,7.830952835686638e-08,7.830952835686638e-08,0.0,7.830952835686638e-08,7.830952835686638e-08,1.4833065482404656e-07,1.555098855828148,
raw_atan2,"grid:arc_x_noise:arc_fraction=0.1,noise_std=0.005",50,0,0,0.0,0.0,0.0,,6.369098882170172e-09,6.36743496714138e-09,3.511057416886592e-11,6.325317826635579e-09,6.4318671449271445e-09,7.075469319795476e-09,0.12647986256771668,
taubin,"grid:arc_x_noise:arc_fraction=0.1,noise_std=0.005",50,0,0,0.0,0.0,0.0,,8.674464531438309e-10,8.511873708454592e-10,1.975509634236117e-10,5.838549346095585e-10,1.190866612149441e-09,1.7030597423955434e-09,0.017226064504293186,
fitzgibbon,"grid:arc_x_noise:arc_fraction=0.1,noise_std=0.01",50,0,50,0.0,1.0,1.0,,6.06308129098791e-08,6.028812255522645e-08,3.5251933728809375e-09,5.5402825462149815e-08,6.648681040915945e-08,1.2669667523913156e-07,1.2040285487917406,
halir_flusser,"grid:arc_x_noise:arc_fraction=0.1,noise_std=0.01",50,0,50,0.0,1.0,1.0,,6.06312476975741e-08,6.028884870280191e-08,3.5255428875760792e-09,5.5402125074825917e-08,6.648459593799631e-08,1.2669786248138507e-07,1.2040371829625909,
heydemann,"grid:arc_x_noise:arc_fraction=0.1,noise_std=0.01",50,50,0,1.0,0.0,1.0,,,,,,,,,
kasa,"grid:arc_x_noise:arc_fraction=0.1,noise_std=0.01",50,0,0,0.0,0.0,0.0,,3.6949382428989323e-09,3.735203157485735e-09,6.874141679557008e-10,2.5997855734505472e-09,4.8787760283942144e-09,7.330394192442899e-09,0.07337541617799787,
koning_wimmer_witkovsky,"grid:arc_x_noise:arc_fraction=0.1,noise_std=0.01",50,48,2,0.96,0.04,1.0,0.04,7.897954235752192e-08,7.897954235752192e-08,1.069823224380258e-08,6.93511333380996e-08,8.860795137694424e-08,1.3479640795916354e-07,1.5684042354884622,
raw_atan2,"grid:arc_x_noise:arc_fraction=0.1,noise_std=0.01",50,0,0,0.0,0.0,0.0,,6.383674618285606e-09,6.379864567335453e-09,5.844327263211051e-11,6.292659868124885e-09,6.487308175256883e-09,7.594374436583527e-09,0.12676931279212186,
taubin,"grid:arc_x_noise:arc_fraction=0.1,noise_std=0.01",50,0,0,0.0,0.0,0.0,,1.126773994882282e-09,1.0846360565424577e-09,3.489259197050927e-10,6.450150037340026e-10,1.7588384171254732e-09,2.558770165984664e-09,0.02237588435258028,
fitzgibbon,"grid:arc_x_noise:arc_fraction=0.1,noise_std=0.02",50,0,50,0.0,1.0,1.0,,6.72931949939366e-08,6.757230483920781e-08,5.661525523204276e-09,5.886734569327206e-08,7.590355473918916e-08,1.4268471831668833e-07,1.3363325349528237,
halir_flusser,"grid:arc_x_noise:arc_fraction=0.1,noise_std=0.02",50,0,50,0.0,1.0,1.0,,6.729310311697274e-08,6.757287174403353e-08,5.661467206363985e-09,5.8867612371971935e-08,7.590248924228984e-08,1.4268492108976603e-07,1.3363307104269404,
heydemann,"grid:arc_x_noise:arc_fraction=0.1,noise_std=0.02",50,50,0,1.0,0.0,1.0,,,,,,,,,
kasa,"grid:arc_x_noise:arc_fraction=0.1,noise_std=0.02",50,0,0,0.0,0.0,0.0,,1.3290881295288768e-08,1.3041634688004877e-08,2.462528615007175e-09,9.941144864726973e-09,1.832376889270468e-08,2.3740769563631003e-08,0.2639351140139898,
koning_wimmer_witkovsky,"grid:arc_x_noise:arc_fraction=0.1,noise_std=0.02",50,47,3,0.94,0.06,1.0,0.06,8.349655078102753e-08,8.751705225971152e-08,1.8650022630714055e-08,6.177225266730937e-08,1.0240649785966687e-07,1.3377950044902713e-07,1.6581046177861136,
raw_atan2,"grid:arc_x_noise:arc_fraction=0.1,noise_std=0.02",50,0,0,0.0,0.0,0.0,,6.38698428654726e-09,6.385396570154714e-09,1.2344795058996648e-10,6.21249130566262e-09,6.574746459287132e-09,8.569529625323602e-09,0.12683503737806773,
taubin,"grid:arc_x_noise:arc_fraction=0.1,noise_std=0.02",50,0,0,0.0,0.0,0.0,,2.025861284394711e-09,1.9064758132963958e-09,7.59516264827074e-10,1.061028879174198e-09,3.5142590735417992e-09,4.588467112191044e-09,0.04023028399650068,
fitzgibbon,"grid:arc_x_noise:arc_fraction=0.1,noise_std=0.03",50,0,50,0.0,1.0,1.0,,7.251114378607938e-08,7.185383312119417e-08,6.759123676000258e-09,6.289653334000061e-08,8.289544225355916e-08,1.4783629526081374e-07,1.4399524438795208,
halir_flusser,"grid:arc_x_noise:arc_fraction=0.1,noise_std=0.03",50,0,50,0.0,1.0,1.0,,7.251114507313622e-08,7.18537317466472e-08,6.759112404806076e-09,6.289656518491801e-08,8.289543875451097e-08,1.4783635965430715e-07,1.4399524694383594,
heydemann,"grid:arc_x_noise:arc_fraction=0.1,noise_std=0.03",50,50,0,1.0,0.0,1.0,,,,,,,,,
kasa,"grid:arc_x_noise:arc_fraction=0.1,noise_std=0.03",50,0,30,0.0,0.6,0.6,,2.6775219100170897e-08,2.644215733434916e-08,5.419715645516478e-09,1.8964513409979188e-08,3.477200752916913e-08,4.4724113383307995e-08,0.5317119571640582,
koning_wimmer_witkovsky,"grid:arc_x_noise:arc_fraction=0.1,noise_std=0.03",50,47,3,0.94,0.06,1.0,0.06,7.799228962126038e-08,8.151448098803172e-08,7.767515571319408e-09,6.864967496870987e-08,8.486937031707094e-08,1.397818652017231e-07,1.5487990146068211,
raw_atan2,"grid:arc_x_noise:arc_fraction=0.1,noise_std=0.03",50,0,0,0.0,0.0,0.0,,6.506829649792939e-09,6.525214540076012e-09,1.6187712608618896e-10,6.220476074755751e-09,6.7680286694658865e-09,9.691565725769527e-09,0.12921496982269118,
taubin,"grid:arc_x_noise:arc_fraction=0.1,noise_std=0.03",50,0,0,0.0,0.0,0.0,,2.9285873357299566e-09,2.7487301077936208e-09,1.1145015546867004e-09,1.7007289237322661e-09,4.957123284193098e-09,6.495515713724627e-09,0.058156943484989496,
fitzgibbon,"grid:arc_x_noise:arc_fraction=0.1,noise_std=0.04",50,0,50,0.0,1.0,1.0,,7.52318152012623e-08,7.460486004596244e-08,7.712267111368187e-09,6.11741770884541e-08,8.670719681166751e-08,1.502904820786175e-07,1.4939805180310404,
halir_flusser,"grid:arc_x_noise:arc_fraction=0.1,noise_std=0.04",50,0,50,0.0,1.0,1.0,,7.523181084311229e-08,7.460486462795151e-08,7.712265770513304e-09,6.117417431612921e-08,8.670716503081969e-08,1.5029047558921463e-07,1.493980431485326,
heydemann,"grid:arc_x_noise:arc_fraction=0.1,noise_std=0.04",50,50,0,1.0,0.0,1.0,,,,,,,,,
kasa,"grid:arc_x_noise:arc_fraction=0.1,noise_std=0.04",50,0,49,0.0,0.98,0.98,,3.735500654358148e-08,3.645001428995956e-08,6.653807333817808e-09,2.8940167682702603e-08,4.878679413224567e-08,6.193312683285652e-08,0.7418091917327071,
koning_wimmer_witkovsky,"grid:arc_x_noise:arc_fraction=0.1,noise_std=0.04",50,47,3,0.94,0.06,1.0,0.06,7.852166814583199e-08,7.903910585220021e-08,8.519847211091607e-09,6.895805357815506e-08,8.772307631905117e-08,1.3588533451216188e-07,1.5593116042639792,
raw_atan2,"grid:arc_x_noise:arc_fraction=0.1,noise_std=0.04",50,0,0,0.0,0.0,0.0,,6.647660681165237e-09,6.646714163712795e-09,2.1038310795249353e-10,6.361319133676995e-09,6.993225344074896e-09,1.0780612921978824e-08,0.13201164323328968,
taubin,"grid:arc_x_noise:arc_fraction=0.1,noise_std=0.04",50,0,0,0.0,0.0,0.0,,3.4823990878580933e-09,2.958111384771434e-09,1.5587293480752347e-09,1.8095883048099668e-09,6.7468230133924576e-09,8.138344677384355e-09,0.06915473698661682,
fitzgibbon,"grid:arc_x_noise:arc_fraction=0.1,noise_std=0.05",50,0,50,0.0,1.0,1.0,,7.654806132550758e-08,7.695088013183912e-08,5.944659130278994e-09,6.619052364329184e-08,8.562565112608249e-08,1.5064494276007706e-07,1.520119008260149,
halir_flusser,"grid:arc_x_noise:arc_fraction=0.1,noise_std=0.05",50,0,50,0.0,1.0,1.0,,7.654806329751141e-08,7.695087436654442e-08,5.944658702734362e-09,6.619052571651151e-08,8.562564963961153e-08,1.5064494041018108e-07,1.5201190474209125,
heydemann,"grid:arc_x_noise:arc_fraction=0.1,noise_std=0.05",50,50,0,1.0,0.0,1.0,,,,,,,,,
kasa,"grid:arc_x_noise:arc_fraction=0.1,noise_std=0.05",50,0,50,0.0,1.0,1.0,,4.6907291927340956e-08,4.36996745598636e-08,1.0393368469929598e-08,3.403458595903034e-08,6.914931507827136e-08,8.385809804723664e-08,0.9315019198402412,
koning_wimmer_witkovsky,"grid:arc_x_noise:arc_fraction=0.1,noise_std=0.05",50,45,5,0.9,0.1,1.0,0.1,8.185480938433611e-08,8.473621172706118e-08,5.50505010354754e-09,7.402102473508925e-08,8.763210187989672e-08,1.437469563522753e-07,1.625502325049451,
raw_atan2,"grid:arc_x_noise:arc_fraction=0.1,noise_std=0.05",50,0,0,0.0,0.0,0.0,,6.753246468609281e-09,6.7264634661176786e-09,3.3325334916980793e-10,6.209582211962076e-09,7.230012411264183e-09,1.1828208523659877e-08,0.13410840387904002,
taubin,"grid:arc_x_noise:arc_fraction=0.1,noise_std=0.05",50,0,0,0.0,0.0,0.0,,4.7872497007661184e-09,4.423386037286257e-09,2.0717637240206254e-09,2.2982847340691916e-09,8.884418243772345e-09,1.029779843432774e-08,0.09506693104188858,
fitzgibbon,"grid:arc_x_noise:arc_fraction=0.1,noise_std=0.06",50,0,50,0.0,1.0,1.0,,7.673119939950429e-08,7.58249903255236e-08,7.140050462518584e-09,6.598608268777283e-08,8.817397960589033e-08,1.5092243946493444e-07,1.5237558301808862,
halir_flusser,"grid:arc_x_noise:arc_fraction=0.1,noise_std=0.06",50,0,50,0.0,1.0,1.0,,7.673119885199528e-08,7.582498835331776e-08,7.1400505806708415e-09,6.598608318175267e-08,8.817398112862883e-08,1.5092243944940636e-07,1.5237558193082552,
heydemann,"grid:arc_x_noise:arc_fraction=0.1,noise_std=0.06",50,50,0,1.0,0.0,1.0,,,,,,,,,
kasa,"grid:arc_x_noise:arc_fraction=0.1,noise_std=0.06",50,0,50,0.0,1.0,1.0,,5.5271640336655916e-08,5.068317800510933e-08,1.1725941296306041e-08,3.9939863067153194e-08,7.722574029276903e-08,1.0898007765854951e-07,1.0976041670890992,
koning_wimmer_witkovsky,"grid:arc_x_noise:arc_fraction=0.1,noise_std=0.06",50,48,2,0.96,0.04,1.0,0.04,8.837311693000535e-08,8.837311693000535e-08,5.321228877030015e-09,8.358401094067833e-08,9.316222291933237e-08,1.475360087207868e-07,1.754945227067867,
raw_atan2,"grid:arc_x_noise:arc_fraction=0.1,noise_std=0.06",50,0,0,0.0,0.0,0.0,,7.040944242516899e-09,7.033386572655596e-09,3.5885499944803835e-10,6.488057901933971e-09,7.556294638002778e-09,1.2845792216909394e-08,0.13982161002924423,
taubin,"grid:arc_x_noise:arc_fraction=0.1,noise_std=0.06",50,0,3,0.0,0.06,0.06,,1.43673171195752e-08,5.812961391305336e-09,3.376931400681941e-08,2.8649794468347045e-09,8.728690396785891e-08,2.22558517201807e-08,0.28531136482081115,
fitzgibbon,"grid:arc_x_noise:arc_fraction=0.1,noise_std=0.08",50,0,50,0.0,1.0,1.0,,8.01907889536711e-08,8.178966192392732e-08,7.997903974995917e-09,6.490868376596678e-08,9.087284076712785e-08,1.5343817812140381e-07,1.592457607221382,
halir_flusser,"grid:arc_x_noise:arc_fraction=0.1,noise_std=0.08",50,0,50,0.0,1.0,1.0,,8.019078888805095e-08,8.178966206032639e-08,7.99790405687419e-09,6.49086836381832e-08,9.087284022737313e-08,1.5343817815962342e-07,1.5924576059182738,
heydemann,"grid:arc_x_noise:arc_fraction=0.1,noise_std=0.08",50,50,0,1.0,0.0,1.0,,,,,,,,,
kasa,"grid:arc_x_noise:arc_fraction=0.1,noise_std=0.08",50,0,50,0.0,1.0,1.0,,6.728829025192553e-08,6.775657293768379e-08,1.3373588652949767e-08,4.457632601498168e-08,8.703885503674861e-08,1.3616139091911467e-07,1.3362351348171109,
koning_wimmer_witkovsky,"grid:arc_x_noise:arc_fraction=0.1,noise_std=0.08",50,43,7,0.86,0.14,1.0,0.14,8.229045062918447e-08,8.411023393409837e-08,6.432739909015091e-09,7.256542730108775e-08,8.966431610047324e-08,1.465415937525128e-07,1.6341534460002496,
raw_atan2,"grid:arc_x_noise:arc_fraction=0.1,noise_std=0.08",50,0,0,0.0,0.0,0.0,,7.432910307721529e-09,7.405837764048082e-09,3.711231014494528e-10,6.841118858018517e-09,7.965361785183334e-09,1.4895471006770387e-08,0.1476054135115664,
taubin,"grid:arc_x_noise:arc_fraction=0.1,noise_std=0.08",50,0,14,0.0,0.28,0.28,,4.297029805200009e-08,1.0826906323924075e-08,5.74301543740094e-08,4.318711782399031e-09,1.4797780140156016e-07,5.6997592310330804e-08,0.8533196756177452,
fitzgibbon,"grid:arc_x_noise:arc_fraction=0.1,noise_std=0.1",50,0,50,0.0,1.0,1.0,,7.972961027185075e-08,8.040301918586444e-08,6.7759571875076936e-09,6.855239597452612e-08,8.855175427759405e-08,1.5175541874926767e-07,1.5832993546373169,
halir_flusser,"grid:arc_x_noise:arc_fraction=0.1,noise_std=0.1",50,0,50,0.0,1.0,1.0,,7.972961027906399e-08,8.040301917643549e-08,6.775957186777852e-09,6.855239606628485e-08,8.85517543677832e-08,1.5175541877755913e-07,1.583299354780561,
heydemann,"grid:arc_x_noise:arc_fraction=0.1,noise_std=0.1",50,50,0,1.0,0.0,1.0,,,,,,,,,
kasa,"grid:arc_x_noise:arc_fraction=0.1,noise_std=0.1",50,0,50,0.0,1.0,1.0,,6.975095409458557e-08,6.949890714176518e-08,8.92720873245892e-09,5.213339655518801e-08,8.394707799899515e-08,1.4251278433671003e-07,1.3851396015450625,
koning_wimmer_witkovsky,"grid:arc_x_noise:arc_fraction=0.1,noise_std=0.1",50,50,0,1.0,0.0,1.0,0.0,,,,,,,,
raw_atan2,"grid:arc_x_noise:arc_fraction=0.1,noise_std=0.1",50,0,0,0.0,0.0,0.0,,7.859876549331536e-09,7.935953739245171e-09,6.457180178151503e-10,6.891771123281996e-09,9.017631853350647e-09,1.7292173647169018e-08,0.15608426311948576,
taubin,"grid:arc_x_noise:arc_fraction=0.1,noise_std=0.1",50,0,19,0.0,0.38,0.38,,3.954890342156017e-08,1.7909155669064454e-08,4.661013342307175e-08,4.948890507941944e-09,1.4655643029178398e-07,6.730794108076018e-08,0.7853763871473176,
fitzgibbon,"grid:arc_x_noise:arc_fraction=0.15,noise_std=0.0",50,0,0,0.0,0.0,0.0,,3.7090748271278115e-09,3.8364449632757285e-09,1.0451669254307362e-09,2.2718812660755424e-09,5.52768593932686e-09,6.696729224833038e-09,0.07365614556586325,
halir_flusser,"grid:arc_x_noise:arc_fraction=0.15,noise_std=0.0",50,0,0,0.0,0.0,0.0,,3.7090832667569607e-09,3.836554481570123e-09,1.0452007199213448e-09,2.271836616029086e-09,5.527772029209741e-09,6.696744884716327e-09,0.07365631316306258,
heydemann,"grid:arc_x_noise:arc_fraction=0.15,noise_std=0.0",50,50,0,1.0,0.0,1.0,,,,,,,,,
kasa,"grid:arc_x_noise:arc_fraction=0.15,noise_std=0.0",50,0,0,0.0,0.0,0.0,,7.157225715742223e-10,7.149617999045156e-10,1.2967643984242247e-11,6.951155365790204e-10,7.390228937632282e-10,1.6735258085977842e-09,0.014213076946055447,
koning_wimmer_witkovsky,"grid:arc_x_noise:arc_fraction=0.15,noise_std=0.0",50,1,4,0.02,0.08,0.1,0.98,1.728040503026789e-08,1.607210456446693e-08,4.860851415059975e-09,1.2615365968210109e-08,2.6702763156949966e-08,3.238735864682476e-08,0.34316051513366436,
raw_atan2,"grid:arc_x_noise:arc_fraction=0.15,noise_std=0.0",50,0,0,0.0,0.0,0.0,,5.839621910993013e-09,5.839640192770215e-09,2.5082399260547245e-12,5.836310603382714e-09,5.843704196393502e-09,6.681714636918251e-09,0.1159653179223618,
taubin,"grid:arc_x_noise:arc_fraction=0.15,noise_std=0.0",50,0,0,0.0,0.0,0.0,,7.079803440327392e-10,7.065233297081282e-10,1.2596487842550971e-11,6.878278595950858e-10,7.30875968101908e-10,1.647219308105713e-09,0.014059328999363008,
fitzgibbon,"grid:arc_x_noise:arc_fraction=0.15,noise_std=0.005",50,0,50,0.0,1.0,1.0,,3.495255207331559e-08,3.479260104437031e-08,1.6160475871274727e-09,3.2714995551903806e-08,3.809856767075501e-08,6.913786845596335e-08,0.6941003844357961,
halir_flusser,"grid:arc_x_noise:arc_fraction=0.15,noise_std=0.005",50,0,50,0.0,1.0,1.0,,3.495254514506145e-08,3.479284852471446e-08,1.6160467448726263e-09,3.2714997814580906e-08,3.809833875513799e-08,6.913785173410699e-08,0.6941002468520269,
heydemann,"grid:arc_x_noise:arc_fraction=0.15,noise_std=0.005",50,50,0,1.0,0.0,1.0,,,,,,,,,
kasa,"grid:arc_x_noise:arc_fraction=0.15,noise_std=0.005",50,0,0,0.0,0.0,0.0,,9.385315713279322e-10,9.113579598219906e-10,1.93206571012482e-10,6.410671005822922e-10,1.2627670237192823e-09,2.3064624858284463e-09,0.01863769841748367,
koning_wimmer_witkovsky,"grid:arc_x_noise:arc_fraction=0.15,noise_std=0.005",50,46,4,0.92,0.08,1.0,0.08,7.195730362769627e-08,7.134061411152378e-08,8.74146749523839e-09,6.187445847731174e-08,8.290351410072229e-08,1.4621432081733323e-07,1.4289540862762375,
raw_atan2,"grid:arc_x_noise:arc_fraction=0.15,noise_std=0.005",50,0,0,0.0,0.0,0.0,,5.85932672330927e-09,5.862752345239546e-09,3.402545507987252e-11,5.806518592720893e-09,5.91065550647821e-09,7.0869423806748315e-09,0.11635662319172413,
taubin,"grid:arc_x_noise:arc_fraction=0.15,noise_std=0.005",50,0,0,0.0,0.0,0.0,,7.812856725007949e-10,7.788225369221349e-10,1.4095069284278995e-10,5.306997078476406e-10,1.008494049517478e-09,1.8841558970869443e-09,0.015515052649073695,
fitzgibbon,"grid:arc_x_noise:arc_fraction=0.15,noise_std=0.01",50,0,50,0.0,1.0,1.0,,4.4738581890593056e-08,4.525876230389792e-08,2.210832859750917e-09,4.1620775347340826e-08,4.782375430919735e-08,9.254645028028955e-08,0.8884348938022282,
halir_flusser,"grid:arc_x_noise:arc_fraction=0.15,noise_std=0.01",50,0,50,0.0,1.0,1.0,,4.4738592194631155e-08,4.525870907560151e-08,2.2108253526817163e-09,4.162082911397649e-08,4.782380482186041e-08,9.254647703338891e-08,0.8884350984235329,
heydemann,"grid:arc_x_noise:arc_fraction=0.15,noise_std=0.01",50,50,0,1.0,0.0,1.0,,,,,,,,,
kasa,"grid:arc_x_noise:arc_fraction=0.15,noise_std=0.01",50,0,0,0.0,0.0,0.0,,1.5890064487315657e-09,1.6777871449898235e-09,4.0551057449079884e-10,9.298667483993511e-10,2.2163713968604437e-09,3.717909620686196e-09,0.031555063121630166,
koning_wimmer_witkovsky,"grid:arc_x_noise:arc_fraction=0.15,noise_std=0.01",50,47,3,0.94,0.06,1.0,0.06,8.011419879128777e-08,7.997864523405462e-08,6.752970376088928e-10,7.94248189297076e-08,8.089846614293109e-08,1.546739293940269e-07,1.590936652155132,
raw_atan2,"grid:arc_x_noise:arc_fraction=0.15,noise_std=0.01",50,0,0,0.0,0.0,0.0,,5.856467678177259e-09,5.861724656437082e-09,6.27142441544475e-11,5.736946508375526e-09,5.96434512101806e-09,7.52976485538183e-09,0.1162998472424004,
taubin,"grid:arc_x_noise:arc_fraction=0.15,noise_std=0.01",50,0,0,0.0,0.0,0.0,,9.53865308317312e-10,9.526960770281284e-10,2.6343289503755246e-10,6.106880607176538e-10,1.280822513099777e-09,2.369916850176001e-09,0.01894220129661081,
fitzgibbon,"grid:arc_x_noise:arc_fraction=0.15,noise_std=0.02",50,0,50,0.0,1.0,1.0,,5.2747944370451546e-08,5.278429094181554e-08,3.5590771732493293e-09,4.700250654333897e-08,5.764398630333721e-08,1.0999139188047616e-07,1.047487702441047,
halir_flusser,"grid:arc_x_noise:arc_fraction=0.15,noise_std=0.02",50,0,50,0.0,1.0,1.0,,5.274793392351519e-08,5.278426447236715e-08,3.55908937623544e-09,4.700246164263315e-08,5.764403575986052e-08,1.0999136845983553e-07,1.0474874949820174,
heydemann,"grid:arc_x_noise:arc_fraction=0.15,noise_std=0.02",50,50,0,1.0,0.0,1.0,,,,,,,,,
kasa,"grid:arc_x_noise:arc_fraction=0.15,noise_std=0.02",50,0,0,0.0,0.0,0.0,,4.658813458726518e-09,4.448206157234429e-09,9.527276468019208e-10,3.249605394096789e-09,6.697683621436237e-09,9.546551295999455e-09,0.09251639782794237,
koning_wimmer_witkovsky,"grid:arc_x_noise:arc_fraction=0.15,noise_std=0.02",50,48,2,0.96,0.04,1.0,0.04,8.445317589269818e-08,8.445317589269818e-08,1.4607802802662738e-08,7.130615337030171e-08,9.760019841509464e-08,1.4372196478065526e-07,1.6771016242530163,
raw_atan2,"grid:arc_x_noise:arc_fraction=0.15,noise_std=0.02",50,0,0,0.0,0.0,0.0,,5.928635888785816e-09,5.9376253019003255e-09,1.2674561764401255e-10,5.736680824836461e-09,6.1299657418491376e-09,8.465751698384164e-09,0.1177329895955646,
taubin,"grid:arc_x_noise:arc_fraction=0.15,noise_std=0.02",50,0,0,0.0,0.0,0.0,,1.6090883312040417e-09,1.419480576549684e-09,5.036106259650051e-10,1.0645830515264746e-09,2.7027846471065763e-09,3.98901800354464e-09,0.03195385638614208,
fitzgibbon,"grid:arc_x_noise:arc_fraction=0.15,noise_std=0.03",50,0,50,0.0,1.0,1.0,,5.667610444890563e-08,5.704476512166024e-08,4.403277026181794e-09,4.89463690652386e-08,6.312444575053684e-08,1.195825173198816e-07,1.125494521939126,
halir_flusser,"grid:arc_x_noise:arc_fraction=0.15,noise_std=0.03",50,0,50,0.0,1.0,1.0,,5.667610474602225e-08,5.704475286945544e-08,4.403275092306568e-09,4.8946383386381345e-08,6.312442478385204e-08,1.1958251781416083e-07,1.1254945278393749,
heydemann,"grid:arc_x_noise:arc_fraction=0.15,noise_std=0.03",50,50,0,1.0,0.0,1.0,,,,,,,,,
kasa,"grid:arc_x_noise:arc_fraction=0.15,noise_std=0.03",50,0,0,0.0,0.0,0.0,,9.249986092032122e-09,8.999072555426397e-09,1.694777394798932e-09,6.9671974729057476e-09,1.2334198033271328e-08,1.7737070732390143e-08,0.18368955975054285,
koning_wimmer_witkovsky,"grid:arc_x_noise:arc_fraction=0.15,noise_std=0.03",50,49,1,0.98,0.02,1.0,0.02,8.611947197955455e-08,8.611947197955455e-08,0.0,8.611947197955455e-08,8.611947197955455e-08,1.486727482490416e-07,1.7101915328824313,
raw_atan2,"grid:arc_x_noise:arc_fraction=0.15,noise_std=0.03",50,0,0,0.0,0.0,0.0,,6.006571928093429e-09,6.0164426975210055e-09,1.8596064741581347e-10,5.737618884626445e-09,6.3404503988136605e-09,9.372009469085176e-09,0.11928067157115674,
taubin,"grid:arc_x_noise:arc_fraction=0.15,noise_std=0.03",50,0,0,0.0,0.0,0.0,,2.140770168513204e-09,2.0231648020602382e-09,7.045031712674066e-10,1.4245931507328813e-09,3.4398646953693457e-09,5.297772174817478e-09,0.04251218605831394,
fitzgibbon,"grid:arc_x_noise:arc_fraction=0.15,noise_std=0.04",50,0,50,0.0,1.0,1.0,,6.169512792380119e-08,6.203969100673739e-08,5.9731246498788495e-09,5.381563937753434e-08,6.995824184673004e-08,1.3490130266243483e-07,1.2251641001750717,
halir_flusser,"grid:arc_x_noise:arc_fraction=0.15,noise_std=0.04",50,0,50,0.0,1.0,1.0,,6.169513110093775e-08,6.203969103661413e-08,5.973131775203016e-09,5.381564067274784e-08,6.99582502674605e-08,1.3490130707931267e-07,1.2251641632677952,
heydemann,"grid:arc_x_noise:arc_fraction=0.15,noise_std=0.04",50,50,0,1.0,0.0,1.0,,,,,,,,,
kasa,"grid:arc_x_noise:arc_fraction=0.15,noise_std=0.04",50,0,0,0.0,0.0,0.0,,1.5362313918123813e-08,1.5581828607635326e-08,2.7180376522526472e-09,1.1220780014497445e-08,1.9087395768954712e-08,2.8368014694122964e-08,0.3050703700841846,
koning_wimmer_witkovsky,"grid:arc_x_noise:arc_fraction=0.15,noise_std=0.04",50,49,1,0.98,0.02,1.0,0.02,8.474181934829462e-08,8.474181934829462e-08,0.0,8.474181934829462e-08,8.474181934829462e-08,1.5557885675188526e-07,1.68283361009125,
raw_atan2,"grid:arc_x_noise:arc_fraction=0.15,noise_std=0.04",50,0,0,0.0,0.0,0.0,,6.100843848772797e-09,6.0912671557807556e-09,2.4810389580224306e-10,5.71244582753498e-09,6.421472639252216e-09,1.0355407937464405e-08,0.12115275737043676,
taubin,"grid:arc_x_noise:arc_fraction=0.15,noise_std=0.04",50,0,0,0.0,0.0,0.0,,3.0668391760761933e-09,2.858858768302094e-09,1.0465542842812707e-09,1.98411417323492e-09,4.810404739737597e-09,7.245512718970868e-09,0.06090239839002745,
fitzgibbon,"grid:arc_x_noise:arc_fraction=0.15,noise_std=0.05",50,0,50,0.0,1.0,1.0,,6.356246795367973e-08,6.33269798220672e-08,6.3205190003374025e-09,5.3934220337935907e-08,7.359920054522257e-08,1.37319336083162e-07,1.2622464119299424,
halir_flusser,"grid:arc_x_noise:arc_fraction=0.15,noise_std=0.05",50,0,50,0.0,1.0,1.0,,6.356246775263819e-08,6.332697955369916e-08,6.3205181315609905e-09,5.3934219767815725e-08,7.359920142803102e-08,1.373193368448592e-07,1.2622464079375872,
heydemann,"grid:arc_x_noise:arc_fraction=0.15,noise_std=0.05",50,50,0,1.0,0.0,1.0,,,,,,,,,
kasa,"grid:arc_x_noise:arc_fraction=0.15,noise_std=0.05",50,0,7,0.0,0.14,0.14,,2.1148774661115856e-08,2.0402404237829927e-08,3.575591449341513e-09,1.6006280539567208e-08,2.7243094927856277e-08,3.831772400983439e-08,0.4199799943602247,
koning_wimmer_witkovsky,"grid:arc_x_noise:arc_fraction=0.15,noise_std=0.05",50,46,4,0.92,0.08,1.0,0.08,9.033336704017324e-08,9.146631686928439e-08,4.762901072207828e-09,8.425325013855904e-08,9.482735418103186e-08,1.449661534444714e-07,1.7938725807044162,
raw_atan2,"grid:arc_x_noise:arc_fraction=0.15,noise_std=0.05",50,0,0,0.0,0.0,0.0,,6.27533641165688e-09,6.276052803112623e-09,2.4773802064367663e-10,5.906166701931e-09,6.698530435913269e-09,1.1430863102989576e-08,0.12461789361356379,
taubin,"grid:arc_x_noise:arc_fraction=0.15,noise_std=0.05",50,0,0,0.0,0.0,0.0,,3.753574840403468e-09,3.305657061694034e-09,1.2701238759202084e-09,2.3593232550526924e-09,6.280476000718053e-09,8.96172479558047e-09,0.07453984287807215,
fitzgibbon,"grid:arc_x_noise:arc_fraction=0.15,noise_std=0.06",50,0,50,0.0,1.0,1.0,,6.652155843650757e-08,6.553084072284224e-08,8.009607922690106e-09,5.463756300375626e-08,7.782664038153865e-08,1.4405016099093473e-07,1.3210090979107223,
halir_flusser,"grid:arc_x_noise:arc_fraction=0.15,noise_std=0.06",50,0,50,0.0,1.0,1.0,,6.652155842901409e-08,6.553084211703114e-08,8.009607824805255e-09,5.463756286745073e-08,7.782664120116346e-08,1.4405016107900332e-07,1.3210090977619147,
heydemann,"grid:arc_x_noise:arc_fraction=0.15,noise_std=0.06",50,50,0,1.0,0.0,1.0,,,,,,,,,
kasa,"grid:arc_x_noise:arc_fraction=0.15,noise_std=0.06",50,0,35,0.0,0.7,0.7,,2.9148384766703602e-08,2.8268226968357395e-08,6.390618004106316e-09,2.0356218815921292e-08,4.028710441905562e-08,5.332336422251609e-08,0.5788391368336578,
koning_wimmer_witkovsky,"grid:arc_x_noise:arc_fraction=0.15,noise_std=0.06",50,46,4,0.92,0.08,1.0,0.08,8.192450108045498e-08,8.139111697779186e-08,1.0048641541269417e-08,7.007613465708464e-08,9.451960524755366e-08,1.4704822033553282e-07,1.6268862878847434,
raw_atan2,"grid:arc_x_noise:arc_fraction=0.15,noise_std=0.06",50,0,0,0.0,0.0,0.0,,6.496957491624616e-09,6.531044239061727e-09,3.5234993203078747e-10,5.903998207776301e-09,6.9842214303191565e-09,1.2801244405769583e-08,0.12901892494546816,
taubin,"grid:arc_x_noise:arc_fraction=0.15,noise_std=0.06",50,0,0,0.0,0.0,0.0,,4.434008738225265e-09,4.049859901675378e-09,1.2586581520689531e-09,3.077338646598129e-09,7.300242305420179e-09,1.0495514965425827e-08,0.0880521446141684,
fitzgibbon,"grid:arc_x_noise:arc_fraction=0.15,noise_std=0.08",50,0,50,0.0,1.0,1.0,,6.885994295963199e-08,6.789101238969209e-08,6.4314264680998005e-09,6.048504010899579e-08,8.073923259009156e-08,1.453254494136496e-07,1.367445581090974,
halir_flusser,"grid:arc_x_noise:arc_fraction=0.15,noise_std=0.08",50,0,50,0.0,1.0,1.0,,6.88599429008535e-08,6.789101252733755e-08,6.431426452920387e-09,6.048504020765852e-08,8.07392323832467e-08,1.4532544927116346e-07,1.3674455799237293,
heydemann,"grid:arc_x_noise:arc_fraction=0.15,noise_std=0.08",50,50,0,1.0,0.0,1.0,,,,,,,,,
kasa,"grid:arc_x_noise:arc_fraction=0.15,noise_std=0.08",50,0,50,0.0,1.0,1.0,,3.979031601648228e-08,3.780976974726499e-08,8.509311449442918e-09,3.051931122468486e-08,5.741305092009676e-08,7.579415598021656e-08,0.7901704455208407,
koning_wimmer_witkovsky,"grid:arc_x_noise:arc_fraction=0.15,noise_std=0.08",50,46,4,0.92,0.08,1.0,0.08,7.444241044050636e-08,7.551395455048988e-08,1.6373226305180376e-08,5.384025701157792e-08,9.354440211545788e-08,1.3920004518313144e-07,1.4783042335993104,
raw_atan2,"grid:arc_x_noise:arc_fraction=0.15,noise_std=0.08",50,0,0,0.0,0.0,0.0,,6.819168032374923e-09,6.784635923439867e-09,4.223777301419339e-10,6.2213174505183405e-09,7.585481239167157e-09,1.4497760744343607e-08,0.13541749806639333,
taubin,"grid:arc_x_noise:arc_fraction=0.15,noise_std=0.08",50,0,0,0.0,0.0,0.0,,6.870858871924277e-09,5.912974382101487e-09,2.856160317076208e-09,3.786972963545271e-09,1.302335201641107e-08,1.64109485267984e-08,0.13644399340006044,
fitzgibbon,"grid:arc_x_noise:arc_fraction=0.15,noise_std=0.1",50,0,50,0.0,1.0,1.0,,7.164005762036986e-08,7.250777878930923e-08,7.37959829741156e-09,5.883707140114315e-08,8.128930536737377e-08,1.4848135342742037e-07,1.422654100650464,
halir_flusser,"grid:arc_x_noise:arc_fraction=0.15,noise_std=0.1",50,0,50,0.0,1.0,1.0,,7.164005761159489e-08,7.250777877523731e-08,7.379598291567572e-09,5.8837071462636835e-08,8.128930518860488e-08,1.4848135337260543e-07,1.4226541004762077,
heydemann,"grid:arc_x_noise:arc_fraction=0.15,noise_std=0.1",50,50,0,1.0,0.0,1.0,,,,,,,,,
kasa,"grid:arc_x_noise:arc_fraction=0.15,noise_std=0.1",50,0,50,0.0,1.0,1.0,,4.769422424137879e-08,4.6042261768735515e-08,1.0098885092226327e-08,3.325958105657492e-08,6.77559725782266e-08,1.0584110663700161e-07,0.9471291055333745,
koning_wimmer_witkovsky,"grid:arc_x_noise:arc_fraction=0.15,noise_std=0.1",50,47,3,0.94,0.06,1.0,0.06,9.021639847185292e-08,8.709716083644685e-08,6.852600771885377e-09,8.415667175934606e-08,9.845959152914402e-08,1.523365032573165e-07,1.7915497766909139,
raw_atan2,"grid:arc_x_noise:arc_fraction=0.15,noise_std=0.1",50,0,0,0.0,0.0,0.0,,7.2683205433062565e-09,7.2295520669661985e-09,5.572545579930693e-10,6.423079875383257e-09,8.134260138060405e-09,1.656835722582076e-08,0.14433693061179967,
taubin,"grid:arc_x_noise:arc_fraction=0.15,noise_std=0.1",50,0,0,0.0,0.0,0.0,,8.204482580185881e-09,7.001088242625678e-09,3.1381942956807176e-09,5.2085756583026625e-09,1.4044708155964518e-08,2.0324762431443417e-08,0.16292757395965485,
fitzgibbon,"grid:arc_x_noise:arc_fraction=0.25,noise_std=0.0",50,0,0,0.0,0.0,0.0,,2.267643798080634e-10,1.7910262310690312e-10,1.603474649409179e-10,3.3663238439099036e-11,5.178331996539601e-10,4.3984956730706614e-10,0.004503168835024385,
halir_flusser,"grid:arc_x_noise:arc_fraction=0.25,noise_std=0.0",50,0,0,0.0,0.0,0.0,,2.2676439938836302e-10,1.7910272118659762e-10,1.6034748942497992e-10,3.366313373541917e-11,5.178330893204534e-10,4.39849593241999e-10,0.004503169223857037,
heydemann,"grid:arc_x_noise:arc_fraction=0.25,noise_std=0.0",50,50,0,1.0,0.0,1.0,,,,,,,,,
kasa,"grid:arc_x_noise:arc_fraction=0.25,noise_std=0.0",50,0,0,0.0,0.0,0.0,,2.278489114406847e-09,2.278492940218763e-09,1.3213757088118986e-11,2.258044323726456e-09,2.2963676270137138e-09,3.9689484092943634e-09,0.04524705855312809,
koning_wimmer_witkovsky,"grid:arc_x_noise:arc_fraction=0.25,noise_std=0.0",50,0,0,0.0,0.0,0.0,1.0,4.644383199722237e-10,4.708659871078635e-10,2.1403689719963844e-10,1.1931907344221307e-10,8.192190151872447e-10,8.910087841950018e-10,0.009222983654047558,
raw_atan2,"grid:arc_x_noise:arc_fraction=0.25,noise_std=0.0",50,0,0,0.0,0.0,0.0,,4.675554805716263e-09,4.675548130196877e-09,2.579657419570429e-12,4.671934466422069e-09,4.679629893626688e-09,6.6799802394624846e-09,0.09284885353410029,
taubin,"grid:arc_x_noise:arc_fraction=0.25,noise_std=0.0",50,0,0,0.0,0.0,0.0,,2.2519362879296163e-09,2.2519459467426908e-09,1.3102314610128934e-11,2.2312900988081776e-09,2.2703846099516747e-09,3.923026194486613e-09,0.044719762948874545,
fitzgibbon,"grid:arc_x_noise:arc_fraction=0.25,noise_std=0.005",50,0,0,0.0,0.0,0.0,,8.314326707179996e-09,8.32298480605164e-09,1.4780398729698212e-09,6.177182392735036e-09,1.056036414656309e-08,1.638287310848821e-08,0.16510889824792727,
halir_flusser,"grid:arc_x_noise:arc_fraction=0.25,noise_std=0.005",50,0,0,0.0,0.0,0.0,,8.31432670510825e-09,8.322984688814402e-09,1.4780397982094378e-09,6.177182662168295e-09,1.0560363855971122e-08,1.638287310289232e-08,0.1651088982067858,
heydemann,"grid:arc_x_noise:arc_fraction=0.25,noise_std=0.005",50,50,0,1.0,0.0,1.0,,,,,,,,,
kasa,"grid:arc_x_noise:arc_fraction=0.25,noise_std=0.005",50,0,0,0.0,0.0,0.0,,2.3541358041459895e-09,2.361117208154096e-09,1.3946561112657256e-10,2.0779784510383547e-09,2.5931702014380528e-09,4.217354819419032e-09,0.04674927779935361,
koning_wimmer_witkovsky,"grid:arc_x_noise:arc_fraction=0.25,noise_std=0.005",50,15,14,0.3,0.28,0.58,0.7,2.4056394769115164e-08,2.4371365366764513e-08,3.843954485576789e-09,1.811260339177711e-08,2.9929312959096667e-08,5.029733057886407e-08,0.4777205630752726,
raw_atan2,"grid:arc_x_noise:arc_fraction=0.25,noise_std=0.005",50,0,0,0.0,0.0,0.0,,4.682678226850213e-09,4.68053530287258e-09,3.6052250338857027e-11,4.629601651268086e-09,4.74394711094483e-09,7.015632361589393e-09,0.09299031299998423,
taubin,"grid:arc_x_noise:arc_fraction=0.25,noise_std=0.005",50,0,0,0.0,0.0,0.0,,2.2782458948454517e-09,2.2909155761310343e-09,1.4106895377339686e-10,2.001103023157206e-09,2.5203416374435833e-09,4.0865346216474715e-09,0.04524222861136268,
fitzgibbon,"grid:arc_x_noise:arc_fraction=0.25,noise_std=0.01",50,0,0,0.0,0.0,0.0,,1.6911504815461187e-08,1.702870651925681e-08,1.4134963198708478e-09,1.4898484144531117e-08,1.9198763005705272e-08,3.4476864264013024e-08,0.3358347616270625,
halir_flusser,"grid:arc_x_noise:arc_fraction=0.25,noise_std=0.01",50,0,0,0.0,0.0,0.0,,1.6911504814463578e-08,1.7028706759067086e-08,1.4134962891227666e-09,1.4898484070833846e-08,1.919876306963195e-08,3.4476864259047274e-08,0.33583476160725145,
heydemann,"grid:arc_x_noise:arc_fraction=0.25,noise_std=0.01",50,50,0,1.0,0.0,1.0,,,,,,,,,
kasa,"grid:arc_x_noise:arc_fraction=0.25,noise_std=0.01",50,0,0,0.0,0.0,0.0,,2.5298264264213736e-09,2.507673301449529e-09,2.611493491812036e-10,2.0908304709991657e-09,2.982900786703289e-09,4.885387697766392e-09,0.05023820553794379,
koning_wimmer_witkovsky,"grid:arc_x_noise:arc_fraction=0.25,noise_std=0.01",50,37,13,0.74,0.26,1.0,0.26,3.390064378993275e-08,3.2359592809657727e-08,4.446661904763979e-09,2.929546221383452e-08,4.180551033517285e-08,7.387177102372391e-08,0.6732112103819036,
raw_atan2,"grid:arc_x_noise:arc_fraction=0.25,noise_std=0.01",50,0,0,0.0,0.0,0.0,,4.688080621827544e-09,4.681583814215105e-09,4.7962749950476606e-11,4.62275739620731e-09,4.780494201638642e-09,7.3480208443648196e-09,0.0930975957077755,
taubin,"grid:arc_x_noise:arc_fraction=0.25,noise_std=0.01",50,0,0,0.0,0.0,0.0,,2.309828665597601e-09,2.297488285016558e-09,2.544789394001743e-10,1.908662583787711e-09,2.725247016845242e-09,4.507442308931551e-09,0.04586941066303754,
fitzgibbon,"grid:arc_x_noise:arc_fraction=0.25,noise_std=0.02",50,0,35,0.0,0.7,0.7,,2.6280575586332782e-08,2.6395228401315355e-08,1.5590981931692225e-09,2.3681268266356682e-08,2.8329122392525938e-08,5.6130227369270965e-08,0.5218891478769554,
halir_flusser,"grid:arc_x_noise:arc_fraction=0.25,noise_std=0.02",50,0,35,0.0,0.7,0.7,,2.6280575542556144e-08,2.6395228314443355e-08,1.5590981598402485e-09,2.368126814998547e-08,2.8329122402611324e-08,5.613022726248484e-08,0.5218891470076232,
heydemann,"grid:arc_x_noise:arc_fraction=0.25,noise_std=0.02",50,50,0,1.0,0.0,1.0,,,,,,,,,
kasa,"grid:arc_x_noise:arc_fraction=0.25,noise_std=0.02",50,0,0,0.0,0.0,0.0,,3.407994322775736e-09,3.3921755332440244e-09,5.244904744558014e-10,2.5829134575474598e-09,4.189213582363406e-09,6.86837989748958e-09,0.06767718032811615,
koning_wimmer_witkovsky,"grid:arc_x_noise:arc_fraction=0.25,noise_std=0.02",50,45,5,0.9,0.1,1.0,0.1,7.899897806379057e-08,7.343059560592737e-08,1.362086174085872e-08,6.407401090345849e-08,9.860874423710979e-08,1.486549020262151e-07,1.5687901967528803,
raw_atan2,"grid:arc_x_noise:arc_fraction=0.25,noise_std=0.02",50,0,0,0.0,0.0,0.0,,4.750411886727832e-09,4.7640108229264164e-09,1.2134181195220235e-10,4.536828984413091e-09,4.923765419713554e-09,8.347807655866023e-09,0.09433539244544745,
taubin,"grid:arc_x_noise:arc_fraction=0.25,noise_std=0.02",50,0,0,0.0,0.0,0.0,,2.6457417047945387e-09,2.6314531258362364e-09,4.963076374076232e-10,1.8637092869761394e-09,3.4069927271004697e-09,5.5809023880108524e-09,0.052540092939814514,
fitzgibbon,"grid:arc_x_noise:arc_fraction=0.25,noise_std=0.03",50,0,50,0.0,1.0,1.0,,3.204676901483427e-08,3.189041471743751e-08,2.1108431770750854e-09,2.889724018657375e-08,3.5996447249139945e-08,6.950153759951618e-08,0.636396296512594,
halir_flusser,"grid:arc_x_noise:arc_fraction=0.25,noise_std=0.03",50,0,50,0.0,1.0,1.0,,3.204676901817195e-08,3.189041454533276e-08,2.110843168390695e-09,2.889724027396678e-08,3.5996447207376106e-08,6.950153760174231e-08,0.6363962965788748,
heydemann,"grid:arc_x_noise:arc_fraction=0.25,noise_std=0.03",50,50,0,1.0,0.0,1.0,,,,,,,,,
kasa,"grid:arc_x_noise:arc_fraction=0.25,noise_std=0.03",50,0,0,0.0,0.0,0.0,,4.38490933022071e-09,4.4932744508117255e-09,8.921595641125822e-10,2.7116971583585583e-09,5.961973901815178e-09,9.33995859590703e-09,0.08707711086269733,
koning_wimmer_witkovsky,"grid:arc_x_noise:arc_fraction=0.25,noise_std=0.03",50,48,2,0.96,0.04,1.0,0.04,7.186713274973214e-08,7.186713274973214e-08,3.5202526757479253e-09,6.8698905341559e-08,7.503536015790526e-08,1.4485616596464617e-07,1.4271634404622056,
raw_atan2,"grid:arc_x_noise:arc_fraction=0.25,noise_std=0.03",50,0,0,0.0,0.0,0.0,,4.878304376775019e-09,4.888349482328377e-09,2.2126020224454377e-10,4.5522921670039065e-09,5.2258164884939005e-09,9.13809461542434e-09,0.09687512763622845,
taubin,"grid:arc_x_noise:arc_fraction=0.25,noise_std=0.03",50,0,0,0.0,0.0,0.0,,2.801847248579748e-09,2.849168412515574e-09,7.496998597221194e-10,1.686904892071903e-09,4.05922924176783e-09,6.569767637991613e-09,0.05564009312654178,
fitzgibbon,"grid:arc_x_noise:arc_fraction=0.25,noise_std=0.04",50,0,50,0.0,1.0,1.0,,3.494112961693366e-08,3.447489296608994e-08,2.1404978349538017e-09,3.1829888030026926e-08,3.9219715138777635e-08,7.789824304938143e-08,0.6938735531775443,
halir_flusser,"grid:arc_x_noise:arc_fraction=0.25,noise_std=0.04",50,0,50,0.0,1.0,1.0,,3.494112961995547e-08,3.447489298421086e-08,2.140497906450686e-09,3.182988787427216e-08,3.921971524285083e-08,7.789824305853468e-08,0.6938735532375527,
heydemann,"grid:arc_x_noise:arc_fraction=0.25,noise_std=0.04",50,50,0,1.0,0.0,1.0,,,,,,,,,
kasa,"grid:arc_x_noise:arc_fraction=0.25,noise_std=0.04",50,0,0,0.0,0.0,0.0,,6.0321097416033145e-09,6.01384568506407e-09,1.1020559478507827e-09,4.3242795179893115e-09,7.79296022894073e-09,1.2803379375652586e-08,0.1197878106818483,
koning_wimmer_witkovsky,"grid:arc_x_noise:arc_fraction=0.25,noise_std=0.04",50,45,5,0.9,0.1,1.0,0.1,8.300978934510256e-08,7.869373365448726e-08,8.825448228032893e-09,7.509854689860035e-08,9.63482609106683e-08,1.537665142995868e-07,1.6484383336448196,
raw_atan2,"grid:arc_x_noise:arc_fraction=0.25,noise_std=0.04",50,0,0,0.0,0.0,0.0,,4.988899383637481e-09,5.000460360015533e-09,2.38203968311597e-10,4.6199545040211505e-09,5.367076013266578e-09,1.0019110418498123e-08,0.09907136316772538,
taubin,"grid:arc_x_noise:arc_fraction=0.25,noise_std=0.04",50,0,0,0.0,0.0,0.0,,3.2727635800571706e-09,3.2126706877444106e-09,8.043112958578271e-10,2.2012596761012895e-09,4.4719698061566554e-09,7.836209190202514e-09,0.06499171946930367,
fitzgibbon,"grid:arc_x_noise:arc_fraction=0.25,noise_std=0.05",50,0,50,0.0,1.0,1.0,,3.822257302537816e-08,3.863459489530127e-08,3.0233039866740315e-09,3.338364108559443e-08,4.2496987388648064e-08,8.501004207890907e-08,0.7590376398092757,
halir_flusser,"grid:arc_x_noise:arc_fraction=0.25,noise_std=0.05",50,0,50,0.0,1.0,1.0,,3.82225730273343e-08,3.863459499441416e-08,3.023303992947363e-09,3.338364111961904e-08,4.249698742275028e-08,8.501004208439648e-08,0.7590376398481214,
heydemann,"grid:arc_x_noise:arc_fraction=0.25,noise_std=0.05",50,50,0,1.0,0.0,1.0,,,,,,,,,
kasa,"grid:arc_x_noise:arc_fraction=0.25,noise_std=0.05",50,0,0,0.0,0.0,0.0,,7.757098870981104e-09,7.956273565227544e-09,1.5518721800107039e-09,5.004952269264369e-09,1.0376248998131991e-08,1.6320782124751427e-08,0.15404326691683892,
koning_wimmer_witkovsky,"grid:arc_x_noise:arc_fraction=0.25,noise_std=0.05",50,48,2,0.96,0.04,1.0,0.04,8.578859643008388e-08,8.578859643008388e-08,3.756644283919115e-09,8.240761657455668e-08,8.916957628561107e-08,1.5780535346462345e-07,1.7036208868933695,
raw_atan2,"grid:arc_x_noise:arc_fraction=0.25,noise_std=0.05",50,0,0,0.0,0.0,0.0,,5.2092729427045845e-09,5.204197805639297e-09,2.775283541226229e-10,4.853642598985473e-09,5.6319858147141435e-09,1.1210762513346907e-08,0.10344762077967641,
taubin,"grid:arc_x_noise:arc_fraction=0.25,noise_std=0.05",50,0,0,0.0,0.0,0.0,,3.526584694652023e-09,3.3912134281117734e-09,8.109637570409337e-10,2.39985304943906e-09,4.9078487530607575e-09,8.84415469211052e-09,0.07003219070152339,
fitzgibbon,"grid:arc_x_noise:arc_fraction=0.25,noise_std=0.06",50,0,50,0.0,1.0,1.0,,4.1154678528317574e-08,4.113211636721111e-08,3.048547975227279e-09,3.58873365133232e-08,4.6153256622432604e-08,8.919875300190403e-08,0.81726444832751,
halir_flusser,"grid:arc_x_noise:arc_fraction=0.25,noise_std=0.06",50,0,50,0.0,1.0,1.0,,4.115467854253975e-08,4.113211637901872e-08,3.0485480044735954e-09,3.588733639306987e-08,4.6153256746315984e-08,8.919875303394865e-08,0.8172644486099391,
heydemann,"grid:arc_x_noise:arc_fraction=0.25,noise_std=0.06",50,50,0,1.0,0.0,1.0,,,,,,,,,
kasa,"grid:arc_x_noise:arc_fraction=0.25,noise_std=0.06",50,0,0,0.0,0.0,0.0,,9.783671141029958e-09,9.607780069814524e-09,2.2308782221637212e-09,6.517446013894222e-09,1.3198089194450436e-08,2.0048747405314277e-08,0.19428766992287091,
koning_wimmer_witkovsky,"grid:arc_x_noise:arc_fraction=0.25,noise_std=0.06",50,46,4,0.92,0.08,1.0,0.08,8.88131595274345e-08,8.806219821194685e-08,6.469384597176416e-09,8.159564444180331e-08,9.708202045474838e-08,1.545024742997249e-07,1.763683751665528,
raw_atan2,"grid:arc_x_noise:arc_fraction=0.25,noise_std=0.06",50,0,0,0.0,0.0,0.0,,5.357196823200686e-09,5.384628453180042e-09,3.541709668314337e-10,4.852794436842379e-09,5.927391968683432e-09,1.1760570456008138e-08,0.10638514654615584,
taubin,"grid:arc_x_noise:arc_fraction=0.25,noise_std=0.06",50,0,0,0.0,0.0,0.0,,4.23128666844679e-09,3.9574211119135305e-09,9.789930362222478e-10,2.9885086899728703e-09,6.0508442293151095e-09,1.0220343219664358e-08,0.08402641664238221,
fitzgibbon,"grid:arc_x_noise:arc_fraction=0.25,noise_std=0.08",50,0,50,0.0,1.0,1.0,,4.4431748413303264e-08,4.528593813488879e-08,4.443613400158905e-09,3.764543458925302e-08,5.0784241432594186e-08,1.0050117385102943e-07,0.8823416839531194,
halir_flusser,"grid:arc_x_noise:arc_fraction=0.25,noise_std=0.08",50,0,50,0.0,1.0,1.0,,4.443174841338401e-08,4.528593815268155e-08,4.443613399569669e-09,3.764543459912558e-08,5.0784241452440254e-08,1.0050117385045447e-07,0.8823416839547231,
heydemann,"grid:arc_x_noise:arc_fraction=0.25,noise_std=0.08",50,50,0,1.0,0.0,1.0,,,,,,,,,
kasa,"grid:arc_x_noise:arc_fraction=0.25,noise_std=0.08",50,0,0,0.0,0.0,0.0,,1.500679942016514e-08,1.5076174671092536e-08,2.4863711969020456e-09,1.1006215316443223e-08,1.914422630995473e-08,2.9703204391798266e-08,0.29801043497020463,
koning_wimmer_witkovsky,"grid:arc_x_noise:arc_fraction=0.25,noise_std=0.08",50,48,2,0.96,0.04,1.0,0.04,9.124404545186321e-08,9.124404545186321e-08,4.758520796501386e-09,8.696137673501196e-08,9.552671416871446e-08,1.5665458055829096e-07,1.8119571610327854,
raw_atan2,"grid:arc_x_noise:arc_fraction=0.25,noise_std=0.08",50,0,0,0.0,0.0,0.0,,5.9037583144672005e-09,5.8346891649784906e-09,4.4683578669954707e-10,5.24823031373923e-09,6.799498934502871e-09,1.4246454685659598e-08,0.11723896175284335,
taubin,"grid:arc_x_noise:arc_fraction=0.25,noise_std=0.08",50,0,0,0.0,0.0,0.0,,5.781680185461135e-09,5.362937030680512e-09,1.7173904882013798e-09,4.019388798894637e-09,9.389355541427407e-09,1.4410926016943768e-08,0.1148146902405207,
fitzgibbon,"grid:arc_x_noise:arc_fraction=0.25,noise_std=0.1",50,0,50,0.0,1.0,1.0,,4.850205767080897e-08,4.892062567297928e-08,5.289539416617267e-09,4.041260045927432e-08,5.7667749573747614e-08,1.1205233044682524e-07,0.9631713531137923,
halir_flusser,"grid:arc_x_noise:arc_fraction=0.25,noise_std=0.1",50,0,50,0.0,1.0,1.0,,4.8502057670584954e-08,4.892062570263315e-08,5.28953941217182e-09,4.0412600457784274e-08,5.766774953559131e-08,1.1205233044824063e-07,0.9631713531093434,
heydemann,"grid:arc_x_noise:arc_fraction=0.25,noise_std=0.1",50,50,0,1.0,0.0,1.0,,,,,,,,,
kasa,"grid:arc_x_noise:arc_fraction=0.25,noise_std=0.1",50,0,4,0.0,0.08,0.08,,1.953184290832704e-08,1.945298330944744e-08,3.2215941188777918e-09,1.4893174362377586e-08,2.5597428009139517e-08,3.9494561958916245e-08,0.38787038047958355,
koning_wimmer_witkovsky,"grid:arc_x_noise:arc_fraction=0.25,noise_std=0.1",50,47,3,0.94,0.06,1.0,0.06,8.998564469803848e-08,8.872815597995369e-08,3.2821295937675857e-09,8.694326536678969e-08,9.39082661319466e-08,1.5671028574505577e-07,1.786967385030967,
raw_atan2,"grid:arc_x_noise:arc_fraction=0.25,noise_std=0.1",50,0,0,0.0,0.0,0.0,,6.560493043775292e-09,6.567035187414586e-09,4.773385275388512e-10,5.796630518403038e-09,7.434170998670271e-09,1.656486280273856e-08,0.13028063685367508,
taubin,"grid:arc_x_noise:arc_fraction=0.25,noise_std=0.1",50,0,0,0.0,0.0,0.0,,6.610358558669158e-09,6.425586161964301e-09,1.291388032786578e-09,4.938747898882415e-09,8.803610052449594e-09,1.6670222619877304e-08,0.13127088423204447,
fitzgibbon,"grid:arc_x_noise:arc_fraction=0.35,noise_std=0.0",50,0,0,0.0,0.0,0.0,,7.244393599891981e-11,5.867675484639072e-11,4.551080560531176e-11,2.4859664466831572e-11,1.444259934739814e-10,1.5786705693443507e-10,0.001438617807404144,
halir_flusser,"grid:arc_x_noise:arc_fraction=0.35,noise_std=0.0",50,0,0,0.0,0.0,0.0,,7.244393701354052e-11,5.867675417434477e-11,4.551080543597532e-11,2.4859665933370207e-11,1.4442599213871263e-10,1.57867058793096e-10,0.0014386178275528486,
heydemann,"grid:arc_x_noise:arc_fraction=0.35,noise_std=0.0",50,50,0,1.0,0.0,1.0,,,,,,,,,
kasa,"grid:arc_x_noise:arc_fraction=0.35,noise_std=0.0",50,0,0,0.0,0.0,0.0,,4.228949597932274e-09,4.229127112035208e-09,8.223606642058347e-12,4.215301050351435e-09,4.242040903846257e-09,9.063038984833121e-09,0.0839800062532588,
koning_wimmer_witkovsky,"grid:arc_x_noise:arc_fraction=0.35,noise_std=0.0",50,0,0,0.0,0.0,0.0,1.0,7.518881942123901e-11,5.4791721158922124e-11,5.0836383208739204e-11,2.2255239983578624e-11,1.6438888212101448e-10,1.6446893465503644e-10,0.0014931266923252464,
raw_atan2,"grid:arc_x_noise:arc_fraction=0.35,noise_std=0.0",50,0,0,0.0,0.0,0.0,,4.076029898876693e-09,4.076053293986223e-09,2.2494835174625807e-12,4.072328888096264e-09,4.079170500792742e-09,6.671888941766063e-09,0.0809432717201224,
taubin,"grid:arc_x_noise:arc_fraction=0.35,noise_std=0.0",50,0,0,0.0,0.0,0.0,,4.2193516320032275e-09,4.219328847911795e-09,8.225077544395836e-12,4.205692992833338e-09,4.2323570074934944e-09,9.044522306726058e-09,0.0837894063844086,
fitzgibbon,"grid:arc_x_noise:arc_fraction=0.35,noise_std=0.005",50,0,0,0.0,0.0,0.0,,1.2318724871948576e-09,1.1835970198114478e-09,6.858296878846223e-10,3.8016181796283654e-10,2.4348676813634467e-09,2.6848365203866737e-09,0.024462968115870738,
halir_flusser,"grid:arc_x_noise:arc_fraction=0.35,noise_std=0.005",50,0,0,0.0,0.0,0.0,,1.2318724868022276e-09,1.1835970140541576e-09,6.858296869283698e-10,3.801618241175343e-10,2.434867678827519e-09,2.6848365194531486e-09,0.024462968108073753,
heydemann,"grid:arc_x_noise:arc_fraction=0.35,noise_std=0.005",50,50,0,1.0,0.0,1.0,,,,,,,,,
kasa,"grid:arc_x_noise:arc_fraction=0.35,noise_std=0.005",50,0,0,0.0,0.0,0.0,,4.255597577546683e-09,4.2598964895577355e-09,1.0468302499791613e-10,4.075529864287563e-09,4.430804056872548e-09,9.128877119028095e-09,0.08450919144282665,
koning_wimmer_witkovsky,"grid:arc_x_noise:arc_fraction=0.35,noise_std=0.005",50,0,0,0.0,0.0,0.0,1.0,3.57096084826694e-09,3.6241182370653986e-09,9.037231269369133e-10,2.4958172966364054e-09,4.883314957522239e-09,7.679528030973282e-09,0.07091342836392034,
raw_atan2,"grid:arc_x_noise:arc_fraction=0.35,noise_std=0.005",50,0,0,0.0,0.0,0.0,,4.089445644640313e-09,4.094477080248623e-09,3.5536245309307224e-11,4.033120378099716e-09,4.140357894738975e-09,6.978929744712517e-09,0.08120968643777993,
taubin,"grid:arc_x_noise:arc_fraction=0.35,noise_std=0.005",50,0,0,0.0,0.0,0.0,,4.2318118257799075e-09,4.237252597839038e-09,1.0428511367800891e-10,4.052694708607181e-09,4.403417005053949e-09,9.083139807140224e-09,0.08403684540609714,
fitzgibbon,"grid:arc_x_noise:arc_fraction=0.35,noise_std=0.01",50,0,0,0.0,0.0,0.0,,3.898001128114469e-09,3.9120269463438055e-09,9.61086481729516e-10,2.2891988270506117e-09,5.378823187812288e-09,8.5081646103789e-09,0.07740791218564565,
halir_flusser,"grid:arc_x_noise:arc_fraction=0.35,noise_std=0.01",50,0,0,0.0,0.0,0.0,,3.8980011276472074e-09,3.912026950410533e-09,9.610864813363941e-10,2.2891988252358238e-09,5.378823182504079e-09,8.508164609371416e-09,0.0774079121763666,
heydemann,"grid:arc_x_noise:arc_fraction=0.35,noise_std=0.01",50,50,0,1.0,0.0,1.0,,,,,,,,,
kasa,"grid:arc_x_noise:arc_fraction=0.35,noise_std=0.01",50,0,0,0.0,0.0,0.0,,4.294913174846991e-09,4.324111597464528e-09,1.769602402202211e-10,4.005703647466856e-09,4.550671370163764e-09,9.37136848628315e-09,0.08528993475287815,
koning_wimmer_witkovsky,"grid:arc_x_noise:arc_fraction=0.35,noise_std=0.01",50,1,0,0.02,0.0,0.02,0.98,1.210974223027156e-08,1.183968624609139e-08,2.0924086643367413e-09,9.491852928735073e-09,1.5929890461794345e-08,2.6879618948636664e-08,0.2404796284923338,
raw_atan2,"grid:arc_x_noise:arc_fraction=0.35,noise_std=0.01",50,0,0,0.0,0.0,0.0,,4.1069672200532315e-09,4.1158751033346125e-09,6.841264896130343e-11,3.988774055202559e-09,4.202475225234028e-09,7.392003855420274e-09,0.08155763620134845,
taubin,"grid:arc_x_noise:arc_fraction=0.35,noise_std=0.01",50,0,0,0.0,0.0,0.0,,4.2263138804603785e-09,4.249834623013979e-09,1.7456992989438994e-10,3.944178047531459e-09,4.495201027321766e-09,9.239194062321223e-09,0.08392766522515105,
fitzgibbon,"grid:arc_x_noise:arc_fraction=0.35,noise_std=0.02",50,0,0,0.0,0.0,0.0,,8.675052563754805e-09,8.810850076600437e-09,1.7751892378224738e-09,5.9273123935171e-09,1.1637247557185173e-08,1.9194638074568275e-08,0.17227232240074206,
halir_flusser,"grid:arc_x_noise:arc_fraction=0.35,noise_std=0.02",50,0,0,0.0,0.0,0.0,,8.67505256320575e-09,8.810850080510406e-09,1.7751892369379782e-09,5.927312396981934e-09,1.1637247555269396e-08,1.919463807331408e-08,0.1722723223898387,
heydemann,"grid:arc_x_noise:arc_fraction=0.35,noise_std=0.02",50,50,0,1.0,0.0,1.0,,,,,,,,,
kasa,"grid:arc_x_noise:arc_fraction=0.35,noise_std=0.02",50,0,0,0.0,0.0,0.0,,4.549978007382223e-09,4.484337338480022e-09,3.837998169223757e-10,4.0210366388223855e-09,5.250841335394136e-09,1.008518564846195e-08,0.09035510418449505,
koning_wimmer_witkovsky,"grid:arc_x_noise:arc_fraction=0.35,noise_std=0.02",50,32,6,0.64,0.12,0.76,0.36,2.352954874967734e-08,2.4213241243725042e-08,2.907914648025815e-09,1.8616723766214683e-08,2.7019478388350828e-08,5.399026477883691e-08,0.4672582648183895,
raw_atan2,"grid:arc_x_noise:arc_fraction=0.35,noise_std=0.02",50,0,0,0.0,0.0,0.0,,4.169599629984812e-09,4.164873471289157e-09,1.196277037238952e-10,4.005170836715266e-09,4.3548790699434365e-09,8.091063852420035e-09,0.08280141318565741,
taubin,"grid:arc_x_noise:arc_fraction=0.35,noise_std=0.02",50,0,0,0.0,0.0,0.0,,4.319927230820264e-09,4.27870951487305e-09,3.794338652612044e-10,3.8108036402996096e-09,5.014905833044773e-09,9.639660704934074e-09,0.08578667289751857,
fitzgibbon,"grid:arc_x_noise:arc_fraction=0.35,noise_std=0.03",50,0,0,0.0,0.0,0.0,,1.330775212220969e-08,1.3203570995943868e-08,1.730504285047116e-09,1.05528529661721e-08,1.5982453868763047e-08,2.992762956954534e-08,0.26427014097931695,
halir_flusser,"grid:arc_x_noise:arc_fraction=0.35,noise_std=0.03",50,0,0,0.0,0.0,0.0,,1.3307752122280296e-08,1.3203570995185153e-08,1.730504283810286e-09,1.055285297170962e-08,1.598245386678422e-08,2.992762956971461e-08,0.2642701409807191,
heydemann,"grid:arc_x_noise:arc_fraction=0.35,noise_std=0.03",50,50,0,1.0,0.0,1.0,,,,,,,,,
kasa,"grid:arc_x_noise:arc_fraction=0.35,noise_std=0.03",50,0,0,0.0,0.0,0.0,,4.977778808559652e-09,5.00126597452406e-09,5.217306413453486e-10,4.2205803296786006e-09,5.814884390306713e-09,1.1251144916945974e-08,0.09885052677728165,
koning_wimmer_witkovsky,"grid:arc_x_noise:arc_fraction=0.35,noise_std=0.03",50,42,8,0.84,0.16,1.0,0.16,3.8918018743755944e-08,3.5613876004131956e-08,9.773393832412332e-09,2.9759139261733158e-08,5.582261226737953e-08,8.495777396395625e-08,0.7728480516918682,
raw_atan2,"grid:arc_x_noise:arc_fraction=0.35,noise_std=0.03",50,0,0,0.0,0.0,0.0,,4.3233738416657e-09,4.301719037200055e-09,1.691503189250486e-10,4.100998713542377e-09,4.590810384657182e-09,8.89811986508273e-09,0.08585511693868042,
taubin,"grid:arc_x_noise:arc_fraction=0.35,noise_std=0.03",50,0,0,0.0,0.0,0.0,,4.4772773762131245e-09,4.484483513393593e-09,5.021381986001912e-10,3.771763052210385e-09,5.27653538849152e-09,1.0252658646232797e-08,0.0889113888318264,
fitzgibbon,"grid:arc_x_noise:arc_fraction=0.35,noise_std=0.04",50,0,0,0.0,0.0,0.0,,1.7041943389149174e-08,1.6822954286340212e-08,1.5840342688387304e-09,1.4643232859096834e-08,1.9433055653342982e-08,3.886788483525267e-08,0.33842505786500743,
halir_flusser,"grid:arc_x_noise:arc_fraction=0.35,noise_std=0.04",50,0,0,0.0,0.0,0.0,,1.704194338992932e-08,1.682295428895828e-08,1.5840342693877023e-09,1.4643232858555377e-08,1.9433055658928222e-08,3.886788483712276e-08,0.3384250578805,
heydemann,"grid:arc_x_noise:arc_fraction=0.35,noise_std=0.04",50,50,0,1.0,0.0,1.0,,,,,,,,,
kasa,"grid:arc_x_noise:arc_fraction=0.35,noise_std=0.04",50,0,0,0.0,0.0,0.0,,5.5396962123215156e-09,5.576440663447921e-09,9.74917790260656e-10,4.160780067546686e-09,7.06688103397474e-09,1.275574518734588e-08,0.11000928523229125,
koning_wimmer_witkovsky,"grid:arc_x_noise:arc_fraction=0.35,noise_std=0.04",50,48,2,0.96,0.04,1.0,0.04,6.457751312928597e-08,6.457751312928597e-08,7.370906701852109e-09,5.7943697097619063e-08,7.121132916095286e-08,1.2364079115315216e-07,1.282403545095216,
raw_atan2,"grid:arc_x_noise:arc_fraction=0.35,noise_std=0.04",50,0,0,0.0,0.0,0.0,,4.454887748993852e-09,4.456738980724997e-09,2.400833713365321e-10,4.1051191645684565e-09,4.784488142735943e-09,9.716895356206957e-09,0.08846676753986255,
taubin,"grid:arc_x_noise:arc_fraction=0.35,noise_std=0.04",50,0,0,0.0,0.0,0.0,,4.652620797870371e-09,4.641000838182684e-09,8.897825910588697e-10,3.361770484574516e-09,6.112344494066159e-09,1.1020762799540649e-08,0.09239342173532641,
fitzgibbon,"grid:arc_x_noise:arc_fraction=0.35,noise_std=0.05",50,0,0,0.0,0.0,0.0,,1.957836598863062e-08,1.9577757132653794e-08,1.6665685163073878e-09,1.687981242494828e-08,2.27541507050374e-08,4.495637034994651e-08,0.3887942525864363,
halir_flusser,"grid:arc_x_noise:arc_fraction=0.35,noise_std=0.05",50,0,0,0.0,0.0,0.0,,1.957836598864704e-08,1.9577757133223556e-08,1.666568516827891e-09,1.6879812424976155e-08,2.2754150704926717e-08,4.495637035008035e-08,0.3887942525867625,
heydemann,"grid:arc_x_noise:arc_fraction=0.35,noise_std=0.05",50,50,0,1.0,0.0,1.0,,,,,,,,,
kasa,"grid:arc_x_noise:arc_fraction=0.35,noise_std=0.05",50,0,0,0.0,0.0,0.0,,6.631471207741461e-09,6.623559686001193e-09,8.529662260722106e-10,5.274726937116081e-09,7.865637449472932e-09,1.5254283002562632e-08,0.13169014683143368,
koning_wimmer_witkovsky,"grid:arc_x_noise:arc_fraction=0.35,noise_std=0.05",50,43,7,0.86,0.14,1.0,0.14,6.893914177735967e-08,7.127546976006264e-08,6.993778933003076e-09,5.815123763993238e-08,7.61886129050971e-08,1.3563837058790464e-07,1.3690183397758429,
raw_atan2,"grid:arc_x_noise:arc_fraction=0.35,noise_std=0.05",50,0,0,0.0,0.0,0.0,,4.633163889465607e-09,4.6503990274400344e-09,2.854802171282254e-10,4.201211309933458e-09,5.10713568372758e-09,1.0432064408066706e-08,0.09200703943124314,
taubin,"grid:arc_x_noise:arc_fraction=0.35,noise_std=0.05",50,0,0,0.0,0.0,0.0,,5.250963751231324e-09,5.151388252065625e-09,7.789868957204883e-10,4.004296667710548e-09,6.425609086440438e-09,1.2674417286326698e-08,0.10427553189086368,
fitzgibbon,"grid:arc_x_noise:arc_fraction=0.35,noise_std=0.06",50,0,3,0.0,0.06,0.06,,2.189106855941253e-08,2.1792327042314612e-08,2.1493485905565697e-09,1.8270172180933245e-08,2.5227490930596217e-08,5.111768258697375e-08,0.4347207342950752,
halir_flusser,"grid:arc_x_noise:arc_fraction=0.35,noise_std=0.06",50,0,3,0.0,0.06,0.06,,2.189106855949998e-08,2.179232703855263e-08,2.1493485912706672e-09,1.8270172179975217e-08,2.522749093343068e-08,5.111768258714703e-08,0.43472073429681174,
heydemann,"grid:arc_x_noise:arc_fraction=0.35,noise_std=0.06",50,50,0,1.0,0.0,1.0,,,,,,,,,
kasa,"grid:arc_x_noise:arc_fraction=0.35,noise_std=0.06",50,0,0,0.0,0.0,0.0,,7.282159034921899e-09,7.35210666418372e-09,8.817165151887003e-10,5.427315966376899e-09,8.508411237195372e-09,1.6780805465932824e-08,0.14461174036904664,
koning_wimmer_witkovsky,"grid:arc_x_noise:arc_fraction=0.35,noise_std=0.06",50,43,7,0.86,0.14,1.0,0.14,7.009988240989802e-08,6.930765797794474e-08,1.0322226743823348e-08,5.611956455117467e-08,8.515363130957423e-08,1.370061211505665e-07,1.392068745868799,
raw_atan2,"grid:arc_x_noise:arc_fraction=0.35,noise_std=0.06",50,0,0,0.0,0.0,0.0,,4.928143137347572e-09,4.947237836216071e-09,2.9644229301034354e-10,4.4299270659761495e-09,5.404758008735116e-09,1.1602897035740846e-08,0.09786484371763646,
taubin,"grid:arc_x_noise:arc_fraction=0.35,noise_std=0.06",50,0,0,0.0,0.0,0.0,,5.394816732837608e-09,5.4193227154025785e-09,8.246225246195945e-10,3.801721423486881e-09,6.6725648401967706e-09,1.3040491992825433e-08,0.10713221627905133,
fitzgibbon,"grid:arc_x_noise:arc_fraction=0.35,noise_std=0.08",50,0,29,0.0,0.58,0.58,,2.584111711419204e-08,2.5530498729492423e-08,2.3766026724393676e-09,2.239166325547511e-08,2.9481422073696416e-08,6.007747087874193e-08,0.5131622230499316,
halir_flusser,"grid:arc_x_noise:arc_fraction=0.35,noise_std=0.08",50,0,29,0.0,0.58,0.58,,2.5841117114212788e-08,2.5530498728643785e-08,2.376602671970166e-09,2.239166325453999e-08,2.9481422072538595e-08,6.007747087871798e-08,0.5131622230503438,
heydemann,"grid:arc_x_noise:arc_fraction=0.35,noise_std=0.08",50,50,0,1.0,0.0,1.0,,,,,,,,,
kasa,"grid:arc_x_noise:arc_fraction=0.35,noise_std=0.08",50,0,0,0.0,0.0,0.0,,9.19523463445798e-09,9.216286581881052e-09,1.6156646944652568e-09,6.934316340330367e-09,1.2069231640580149e-08,2.126865930975224e-08,0.1826022855603516,
koning_wimmer_witkovsky,"grid:arc_x_noise:arc_fraction=0.35,noise_std=0.08",50,47,3,0.94,0.06,1.0,0.06,7.47710894683379e-08,7.768013260201503e-08,8.58962845947498e-09,6.456032963010517e-08,8.294551911299667e-08,1.261463077576135e-07,1.4848312602695037,
raw_atan2,"grid:arc_x_noise:arc_fraction=0.35,noise_std=0.08",50,0,0,0.0,0.0,0.0,,5.6039450021328835e-09,5.61875726384836e-09,4.4860261070170194e-10,4.852477926946859e-09,6.344557484213902e-09,1.3722451458182604e-08,0.11128516087118777,
taubin,"grid:arc_x_noise:arc_fraction=0.35,noise_std=0.08",50,0,0,0.0,0.0,0.0,,6.173482036108905e-09,6.012990536294501e-09,1.1381115161805724e-09,4.808943791536703e-09,8.385813922883763e-09,1.5548293656513772e-08,0.12259523269095,
fitzgibbon,"grid:arc_x_noise:arc_fraction=0.35,noise_std=0.1",50,0,48,0.0,0.96,0.96,,2.8715340690523912e-08,2.821141879738237e-08,2.962411083864285e-09,2.5366771529162338e-08,3.39845735709171e-08,6.812180477800991e-08,0.5702395913949304,
halir_flusser,"grid:arc_x_noise:arc_fraction=0.35,noise_std=0.1",50,0,48,0.0,0.96,0.96,,2.8715340690787938e-08,2.8211418798102002e-08,2.9624110837887165e-09,2.5366771529577374e-08,3.398457357171923e-08,6.812180477865827e-08,0.5702395914001734,
heydemann,"grid:arc_x_noise:arc_fraction=0.35,noise_std=0.1",50,50,0,1.0,0.0,1.0,,,,,,,,,
kasa,"grid:arc_x_noise:arc_fraction=0.35,noise_std=0.1",50,0,0,0.0,0.0,0.0,,1.133934733860858e-08,1.1324943677372076e-08,1.911519841914895e-09,8.45163311453591e-09,1.3813419300695315e-08,2.6316571092143558e-08,0.22518084889681217,
koning_wimmer_witkovsky,"grid:arc_x_noise:arc_fraction=0.35,noise_std=0.1",50,46,4,0.92,0.08,1.0,0.08,7.489908301162028e-08,7.527340185050547e-08,4.93419734460692e-09,6.865314418961482e-08,8.062097545918649e-08,1.5162269503929718e-07,1.4873730022118732,
raw_atan2,"grid:arc_x_noise:arc_fraction=0.35,noise_std=0.1",50,0,0,0.0,0.0,0.0,,6.1953849529497696e-09,6.2226129217375144e-09,5.210338191911812e-10,5.402730236511442e-09,6.986912465682724e-09,1.5244818378079347e-08,0.12303018871269115,
taubin,"grid:arc_x_noise:arc_fraction=0.35,noise_std=0.1",50,0,0,0.0,0.0,0.0,,6.808744148563091e-09,6.568265528715626e-09,1.334948587608282e-09,5.386011438289477e-09,8.589485907504523e-09,1.7610310878470237e-08,0.13521049682236597,
fitzgibbon,"grid:arc_x_noise:arc_fraction=0.5,noise_std=0.0",50,0,0,0.0,0.0,0.0,,2.650373587948265e-11,2.282823810729826e-11,8.370209331659558e-12,1.7604282048125823e-11,4.2807260850225845e-11,6.887856943236857e-11,0.0005263207454593358,
halir_flusser,"grid:arc_x_noise:arc_fraction=0.5,noise_std=0.0",50,0,0,0.0,0.0,0.0,,2.6503735878799584e-11,2.282823810224786e-11,8.370209334414887e-12,1.7604282047511015e-11,4.2807260871010005e-11,6.887856943198437e-11,0.000526320745445771,
heydemann,"grid:arc_x_noise:arc_fraction=0.5,noise_std=0.0",50,50,0,1.0,0.0,1.0,,,,,,,,,
kasa,"grid:arc_x_noise:arc_fraction=0.5,noise_std=0.0",50,0,0,0.0,0.0,0.0,,4.814671454298367e-09,4.814609009686971e-09,3.689415481383812e-12,4.808889755828907e-09,4.820032898199045e-09,9.982569569639025e-09,0.09561148211297242,
koning_wimmer_witkovsky,"grid:arc_x_noise:arc_fraction=0.5,noise_std=0.0",50,0,0,0.0,0.0,0.0,1.0,2.6657418507046232e-11,2.238380140123453e-11,8.608866521013696e-12,1.787469982178628e-11,4.42722716256144e-11,6.926102328921202e-11,0.0005293726305019282,
raw_atan2,"grid:arc_x_noise:arc_fraction=0.5,noise_std=0.0",50,0,0,0.0,0.0,0.0,,3.6343539159241515e-09,3.634337051330346e-09,2.661960964754517e-12,3.6295933658913827e-09,3.6381502413585992e-09,6.667410119242982e-09,0.07217231076367012,
taubin,"grid:arc_x_noise:arc_fraction=0.5,noise_std=0.0",50,0,0,0.0,0.0,0.0,,4.754199497691312e-09,4.754176126743781e-09,3.484586745701183e-12,4.748613661079792e-09,4.759435965166984e-09,9.782621319965815e-09,0.09441060818993247,
fitzgibbon,"grid:arc_x_noise:arc_fraction=0.5,noise_std=0.005",50,0,0,0.0,0.0,0.0,,3.7470486255861537e-10,3.3004953822725075e-10,1.1642754746340252e-10,2.6346228451678376e-10,6.256597160305561e-10,9.438783905328672e-10,0.00744102429506017,
halir_flusser,"grid:arc_x_noise:arc_fraction=0.5,noise_std=0.005",50,0,0,0.0,0.0,0.0,,3.747048625591437e-10,3.300495382323108e-10,1.1642754746471657e-10,2.634622845297757e-10,6.256597160389667e-10,9.438783905279856e-10,0.007441024295070664,
heydemann,"grid:arc_x_noise:arc_fraction=0.5,noise_std=0.005",50,50,0,1.0,0.0,1.0,,,,,,,,,
kasa,"grid:arc_x_noise:arc_fraction=0.5,noise_std=0.005",50,0,0,0.0,0.0,0.0,,4.8224992928434025e-09,4.822469162888094e-09,4.630052732755998e-11,4.749769316546126e-09,4.912159661303492e-09,1.0130435189400321e-08,0.09576693015384832,
koning_wimmer_witkovsky,"grid:arc_x_noise:arc_fraction=0.5,noise_std=0.005",50,0,0,0.0,0.0,0.0,1.0,3.853972029918023e-10,3.515944899272572e-10,1.23697306043757e-10,2.5296006074669416e-10,6.615086816108233e-10,9.740121664154209e-10,0.007653356647491152,
raw_atan2,"grid:arc_x_noise:arc_fraction=0.5,noise_std=0.005",50,0,0,0.0,0.0,0.0,,3.6490875330263377e-09,3.6507379846825473e-09,2.5630534659436444e-11,3.611733972203065e-09,3.686529579021014e-09,6.9291397372615e-09,0.07246489624564882,
taubin,"grid:arc_x_noise:arc_fraction=0.5,noise_std=0.005",50,0,0,0.0,0.0,0.0,,4.759485190282229e-09,4.763510219879743e-09,4.449530385898761e-11,4.690839291111629e-09,4.840215255000495e-09,9.918967678079847e-09,0.09451557337964647,
fitzgibbon,"grid:arc_x_noise:arc_fraction=0.5,noise_std=0.01",50,0,0,0.0,0.0,0.0,,7.159181450842097e-10,6.42503267778617e-10,2.2183531335479933e-10,4.671477402166066e-10,1.124285647176226e-09,1.840727330912496e-09,0.014216960715348835,
halir_flusser,"grid:arc_x_noise:arc_fraction=0.5,noise_std=0.01",50,0,0,0.0,0.0,0.0,,7.159181450848223e-10,6.425032677792582e-10,2.2183531335472822e-10,4.671477402178315e-10,1.1242856471767125e-09,1.840727330913127e-09,0.014216960715360992,
heydemann,"grid:arc_x_noise:arc_fraction=0.5,noise_std=0.01",50,50,0,1.0,0.0,1.0,,,,,,,,,
kasa,"grid:arc_x_noise:arc_fraction=0.5,noise_std=0.01",50,0,0,0.0,0.0,0.0,,4.841045942196055e-09,4.831525933528986e-09,7.128760273221435e-11,4.725341415547733e-09,4.944067521955107e-09,1.0302111074988766e-08,0.096135236205397,
koning_wimmer_witkovsky,"grid:arc_x_noise:arc_fraction=0.5,noise_std=0.01",50,0,0,0.0,0.0,0.0,1.0,8.238201902760676e-10,7.083710142710388e-10,2.786680973971498e-10,5.268344483167318e-10,1.2789539939594098e-09,2.093103967408206e-09,0.016359718442795445,
raw_atan2,"grid:arc_x_noise:arc_fraction=0.5,noise_std=0.01",50,0,0,0.0,0.0,0.0,,3.670428930413778e-09,3.6739084069558636e-09,5.92772803229641e-11,3.5697340923234044e-09,3.7593295193634775e-09,7.303692476828035e-09,0.07288870141157627,
taubin,"grid:arc_x_noise:arc_fraction=0.5,noise_std=0.01",50,0,0,0.0,0.0,0.0,,4.7715791365652116e-09,4.7638023851128785e-09,7.164693826707383e-11,4.654845823459965e-09,4.868354012898432e-09,1.0064468614841586e-08,0.09475573932652084,
fitzgibbon,"grid:arc_x_noise:arc_fraction=0.5,noise_std=0.02",50,0,0,0.0,0.0,0.0,,1.6551797356801613e-09,1.5633921590336847e-09,5.890077420837493e-10,9.669014753028293e-10,2.8157504473833205e-09,4.149297063604966e-09,0.03286915611873256,
halir_flusser,"grid:arc_x_noise:arc_fraction=0.5,noise_std=0.02",50,0,0,0.0,0.0,0.0,,1.6551797356815735e-09,1.5633921590351567e-09,5.890077420839003e-10,9.669014753062296e-10,2.815750447396834e-09,4.149297063607436e-09,0.0328691561187606,
heydemann,"grid:arc_x_noise:arc_fraction=0.5,noise_std=0.02",50,50,0,1.0,0.0,1.0,,,,,,,,,
kasa,"grid:arc_x_noise:arc_fraction=0.5,noise_std=0.02",50,0,0,0.0,0.0,0.0,,4.965947562146216e-09,4.963519235408677e-09,1.824416855407244e-10,4.7107879256980046e-09,5.282895135952894e-09,1.1127221962084536e-08,0.09861557761915737,
koning_wimmer_witkovsky,"grid:arc_x_noise:arc_fraction=0.5,noise_std=0.02",50,0,0,0.0,0.0,0.0,1.0,2.369318116169533e-09,2.2246413084475132e-09,8.160895226913725e-10,1.2998483941012581e-09,3.7891320657135886e-09,5.77808604190209e-09,0.047050773626898953,
raw_atan2,"grid:arc_x_noise:arc_fraction=0.5,noise_std=0.02",50,0,0,0.0,0.0,0.0,,3.7474478401672545e-09,3.7508298568138584e-09,1.2594086467482368e-10,3.5383548775686413e-09,3.948041500882302e-09,7.820879298182433e-09,0.07441817069772684,
taubin,"grid:arc_x_noise:arc_fraction=0.5,noise_std=0.02",50,0,0,0.0,0.0,0.0,,4.862957785044327e-09,4.857690057543591e-09,1.7328842405733752e-10,4.596559936415131e-09,5.15350406847065e-09,1.0778175149284558e-08,0.09657036948301233,
fitzgibbon,"grid:arc_x_noise:arc_fraction=0.5,noise_std=0.03",50,0,0,0.0,0.0,0.0,,2.724350568976047e-09,2.7155997098246515e-09,7.794189915605346e-10,1.695242412112808e-09,4.023035114170671e-09,6.62843681673738e-09,0.05410113611440154,
halir_flusser,"grid:arc_x_noise:arc_fraction=0.5,noise_std=0.03",50,0,0,0.0,0.0,0.0,,2.7243505689775744e-09,2.7155997098232486e-09,7.794189915642929e-10,1.6952424121104604e-09,4.023035114177773e-09,6.628436816740393e-09,0.05410113611443186,
heydemann,"grid:arc_x_noise:arc_fraction=0.5,noise_std=0.03",50,50,0,1.0,0.0,1.0,,,,,,,,,
kasa,"grid:arc_x_noise:arc_fraction=0.5,noise_std=0.03",50,0,0,0.0,0.0,0.0,,5.170307403965527e-09,5.133895284581354e-09,3.041955045497219e-10,4.7529329680166494e-09,5.728419412245375e-09,1.193277543055444e-08,0.10267382905878013,
koning_wimmer_witkovsky,"grid:arc_x_noise:arc_fraction=0.5,noise_std=0.03",50,0,0,0.0,0.0,0.0,1.0,4.9922342107542524e-09,4.999307058983548e-09,1.1840301341549744e-09,3.146785103607976e-09,6.720850746300905e-09,1.1883444746832646e-08,0.09913758736728953,
raw_atan2,"grid:arc_x_noise:arc_fraction=0.5,noise_std=0.03",50,0,0,0.0,0.0,0.0,,3.939309574786929e-09,3.945274185529383e-09,1.7715501806426536e-10,3.603397630072387e-09,4.185264583138431e-09,8.780005157077103e-09,0.07822823021723481,
taubin,"grid:arc_x_noise:arc_fraction=0.5,noise_std=0.03",50,0,0,0.0,0.0,0.0,,5.019453532965369e-09,4.991515190238515e-09,2.8436563899850166e-10,4.657645335978826e-09,5.545600295176939e-09,1.1425294531202207e-08,0.09967811848419302,
fitzgibbon,"grid:arc_x_noise:arc_fraction=0.5,noise_std=0.04",50,0,0,0.0,0.0,0.0,,4.265775413639522e-09,4.146024328876247e-09,1.0565661030773338e-09,2.751224549963847e-09,6.164812486795289e-09,1.0552963919954674e-08,0.08471130658251508,
halir_flusser,"grid:arc_x_noise:arc_fraction=0.5,noise_std=0.04",50,0,0,0.0,0.0,0.0,,4.265775413639121e-09,4.146024328870313e-09,1.0565661030795783e-09,2.7512245499605432e-09,6.164812486795487e-09,1.0552963919952507e-08,0.08471130658250711,
heydemann,"grid:arc_x_noise:arc_fraction=0.5,noise_std=0.04",50,50,0,1.0,0.0,1.0,,,,,,,,,
kasa,"grid:arc_x_noise:arc_fraction=0.5,noise_std=0.04",50,0,0,0.0,0.0,0.0,,5.349558317776652e-09,5.327029521589707e-09,3.7841225673126535e-10,4.7493666536723745e-09,6.029820149771698e-09,1.2716118386037912e-08,0.10623345835067827,
koning_wimmer_witkovsky,"grid:arc_x_noise:arc_fraction=0.5,noise_std=0.04",50,4,0,0.08,0.0,0.08,0.92,9.400718525739309e-09,9.669869617730624e-09,1.8685948539666408e-09,6.126843383199956e-09,1.2349261621888098e-08,2.2268336937485666e-08,0.18668285877957067,
raw_atan2,"grid:arc_x_noise:arc_fraction=0.5,noise_std=0.04",50,0,0,0.0,0.0,0.0,,4.112842207406672e-09,4.16960171523086e-09,2.2971708206344893e-10,3.6957055007839183e-09,4.395145410750715e-09,9.58687783859379e-09,0.08167430381898125,
taubin,"grid:arc_x_noise:arc_fraction=0.5,noise_std=0.04",50,0,0,0.0,0.0,0.0,,5.134076695180659e-09,5.120160074536148e-09,3.5533920379870515e-10,4.523725168928901e-09,5.7692158830997244e-09,1.1944426178159619e-08,0.10195434657740914,
fitzgibbon,"grid:arc_x_noise:arc_fraction=0.5,noise_std=0.05",50,0,0,0.0,0.0,0.0,,5.5468173315621976e-09,5.432679577729671e-09,1.256036144457393e-09,3.5907520479516784e-09,7.511603370615594e-09,1.4012741922944562e-08,0.11015069898634856,
halir_flusser,"grid:arc_x_noise:arc_fraction=0.5,noise_std=0.05",50,0,0,0.0,0.0,0.0,,5.546817331563415e-09,5.4326795777470385e-09,1.2560361444591486e-09,3.5907520479553775e-09,7.511603370616214e-09,1.4012741922948453e-08,0.11015069898637271,
heydemann,"grid:arc_x_noise:arc_fraction=0.5,noise_std=0.05",50,50,0,1.0,0.0,1.0,,,,,,,,,
kasa,"grid:arc_x_noise:arc_fraction=0.5,noise_std=0.05",50,0,0,0.0,0.0,0.0,,5.705872756913278e-09,5.719384096421633e-09,5.005158452769021e-10,5.029877718983156e-09,6.5676445504601925e-09,1.4007060633868039e-08,0.11330927898506253,
koning_wimmer_witkovsky,"grid:arc_x_noise:arc_fraction=0.5,noise_std=0.05",50,27,0,0.54,0.0,0.54,0.46,1.2400344235273244e-08,1.219861238688454e-08,2.094456496330025e-09,9.701531065603485e-09,1.6260890764220502e-08,2.9245471100235003e-08,0.2462505079109922,
raw_atan2,"grid:arc_x_noise:arc_fraction=0.5,noise_std=0.05",50,0,0,0.0,0.0,0.0,,4.35158889127209e-09,4.386401863199129e-09,2.795062002193431e-10,3.915312596358504e-09,4.713935330556593e-09,1.0399576147679909e-08,0.08641542156930057,
taubin,"grid:arc_x_noise:arc_fraction=0.5,noise_std=0.05",50,0,0,0.0,0.0,0.0,,5.388297371374063e-09,5.4119840684721175e-09,4.6010166576710467e-10,4.7697027646560384e-09,6.176302912702053e-09,1.2944050058449961e-08,0.10700275244795165,
fitzgibbon,"grid:arc_x_noise:arc_fraction=0.5,noise_std=0.06",50,0,0,0.0,0.0,0.0,,7.198839136139121e-09,7.031003475004403e-09,1.4176703838596975e-09,5.080571346412058e-09,9.535582721032941e-09,1.728573105102271e-08,0.1429571437703499,
halir_flusser,"grid:arc_x_noise:arc_fraction=0.5,noise_std=0.06",50,0,0,0.0,0.0,0.0,,7.198839136138344e-09,7.031003474999137e-09,1.4176703838574114e-09,5.08057134641209e-09,9.535582721021873e-09,1.7285731051019005e-08,0.14295714377033447,
heydemann,"grid:arc_x_noise:arc_fraction=0.5,noise_std=0.06",50,50,0,1.0,0.0,1.0,,,,,,,,,
kasa,"grid:arc_x_noise:arc_fraction=0.5,noise_std=0.06",50,0,0,0.0,0.0,0.0,,6.2074696700226766e-09,6.202383461070329e-09,7.088056139556379e-10,5.109389926497788e-09,7.38948093367808e-09,1.5111890785541083e-08,0.12327017138258345,
koning_wimmer_witkovsky,"grid:arc_x_noise:arc_fraction=0.5,noise_std=0.06",50,38,0,0.76,0.0,0.76,0.24,1.5781975788955452e-08,1.5786021007774846e-08,1.975508575601732e-09,1.3093809572006736e-08,1.9048692814863177e-08,3.6338007652492915e-08,0.3134041668629232,
raw_atan2,"grid:arc_x_noise:arc_fraction=0.5,noise_std=0.06",50,0,0,0.0,0.0,0.0,,4.559910640466147e-09,4.6033510248379526e-09,3.506855136019742e-10,3.9888362639014254e-09,4.986488304104239e-09,1.1144459200588156e-08,0.09055234999440188,
taubin,"grid:arc_x_noise:arc_fraction=0.5,noise_std=0.06",50,0,0,0.0,0.0,0.0,,5.76985719827804e-09,5.755908886863875e-09,5.821197863512901e-10,4.9054719319651604e-09,6.747249266906245e-09,1.366713274031563e-08,0.11457990509717114,
fitzgibbon,"grid:arc_x_noise:arc_fraction=0.5,noise_std=0.08",50,0,0,0.0,0.0,0.0,,9.187687133637338e-09,8.987511692613097e-09,1.690704430576396e-09,6.320800980410617e-09,1.1870668662207704e-08,2.2563817453531216e-08,0.1824524045671083,
halir_flusser,"grid:arc_x_noise:arc_fraction=0.5,noise_std=0.08",50,0,0,0.0,0.0,0.0,,9.187687133638036e-09,8.987511692606424e-09,1.6907044305779267e-09,6.320800980389567e-09,1.1870668662215792e-08,2.2563817453531993e-08,0.18245240456712217,
heydemann,"grid:arc_x_noise:arc_fraction=0.5,noise_std=0.08",50,50,0,1.0,0.0,1.0,,,,,,,,,
kasa,"grid:arc_x_noise:arc_fraction=0.5,noise_std=0.08",50,0,0,0.0,0.0,0.0,,6.970747967536565e-09,6.9142012941169504e-09,7.783282011260108e-10,5.648687662741727e-09,8.057256300658442e-09,1.7408137166238944e-08,0.13842762708494852,
koning_wimmer_witkovsky,"grid:arc_x_noise:arc_fraction=0.5,noise_std=0.08",50,44,4,0.88,0.08,0.96,0.12,3.482160118924097e-08,3.3044791775392474e-08,1.2564682898508526e-08,2.0137442641269218e-08,5.314845631374951e-08,6.748058788409022e-08,0.6914999145534327,
raw_atan2,"grid:arc_x_noise:arc_fraction=0.5,noise_std=0.08",50,0,0,0.0,0.0,0.0,,5.244611468138258e-09,5.22735692582271e-09,4.521104478075051e-10,4.479677106915753e-09,5.997244037922542e-09,1.31618108319199e-08,0.1041493859623004,
taubin,"grid:arc_x_noise:arc_fraction=0.5,noise_std=0.08",50,0,0,0.0,0.0,0.0,,6.290572924345024e-09,6.1899805918331845e-09,6.038516715021806e-10,5.362616824512665e-09,7.224272260065297e-09,1.5361174914647918e-08,0.12492046577745378,
fitzgibbon,"grid:arc_x_noise:arc_fraction=0.5,noise_std=0.1",50,0,0,0.0,0.0,0.0,,1.1735773219919358e-08,1.1533344189519953e-08,1.989089249838312e-09,8.924448177940577e-09,1.4998197622007342e-08,2.9097144343166722e-08,0.2330532170157679,
halir_flusser,"grid:arc_x_noise:arc_fraction=0.5,noise_std=0.1",50,0,0,0.0,0.0,0.0,,1.1735773219920262e-08,1.1533344189524082e-08,1.989089249839506e-09,8.92444817795125e-09,1.499819762200409e-08,2.9097144343166735e-08,0.2330532170157859,
heydemann,"grid:arc_x_noise:arc_fraction=0.5,noise_std=0.1",50,50,0,1.0,0.0,1.0,,,,,,,,,
kasa,"grid:arc_x_noise:arc_fraction=0.5,noise_std=0.1",50,0,0,0.0,0.0,0.0,,7.816436057596758e-09,7.726171843299214e-09,9.071183082074408e-10,6.427487960331724e-09,9.432150083123632e-09,2.0136386441638733e-08,0.1552216061681438,
koning_wimmer_witkovsky,"grid:arc_x_noise:arc_fraction=0.5,noise_std=0.1",50,47,3,0.94,0.06,1.0,0.06,5.309067266635569e-08,6.020402348742106e-08,1.2483056780316038e-08,3.800774397139423e-08,6.319425578657137e-08,1.0204304935499356e-07,1.0542937245433848,
raw_atan2,"grid:arc_x_noise:arc_fraction=0.5,noise_std=0.1",50,0,0,0.0,0.0,0.0,,6.0946198409769416e-09,6.117402086863242e-09,5.368983746906486e-10,5.340232533831055e-09,6.936459673205594e-09,1.547180786142005e-08,0.12102915877898707,
taubin,"grid:arc_x_noise:arc_fraction=0.5,noise_std=0.1",50,0,0,0.0,0.0,0.0,,6.796759357854483e-09,6.712075358780814e-09,6.977764034180263e-10,5.756995239700981e-09,7.963006368091693e-09,1.7133011140537588e-08,0.13497249852625365,
fitzgibbon,"grid:arc_x_noise:arc_fraction=0.75,noise_std=0.0",50,0,0,0.0,0.0,0.0,,1.8478463578749293e-11,1.80943961377634e-11,2.0820840873752293e-12,1.5677937463963366e-11,2.217593773960121e-11,5.2170611840381985e-11,0.0003669519938598315,
halir_flusser,"grid:arc_x_noise:arc_fraction=0.75,noise_std=0.0",50,0,0,0.0,0.0,0.0,,1.8478463578711217e-11,1.809439613788033e-11,2.0820840874159857e-12,1.5677937463840762e-11,2.2175937739481423e-11,5.2170611840092614e-11,0.00036695199385907524,
heydemann,"grid:arc_x_noise:arc_fraction=0.75,noise_std=0.0",50,50,0,1.0,0.0,1.0,,,,,,,,,
kasa,"grid:arc_x_noise:arc_fraction=0.75,noise_std=0.0",50,0,0,0.0,0.0,0.0,,4.266941954306772e-09,4.266859748726743e-09,2.4376975944178046e-12,4.262766054894227e-09,4.270350655898869e-09,8.240515266989775e-09,0.08473447216778907,
koning_wimmer_witkovsky,"grid:arc_x_noise:arc_fraction=0.75,noise_std=0.0",50,0,0,0.0,0.0,0.0,1.0,1.8485310458552855e-11,1.8078784699187592e-11,2.0811201621099803e-12,1.5714604854801635e-11,2.2199566773635954e-11,5.219179300423017e-11,0.0003670879616682441,
raw_atan2,"grid:arc_x_noise:arc_fraction=0.75,noise_std=0.0",50,0,0,0.0,0.0,0.0,,3.915395819222012e-09,3.9156273969694986e-09,2.1917847711656807e-12,3.912413787235634e-09,3.919049297581705e-09,6.6576727430693885e-09,0.07775334223491821,
taubin,"grid:arc_x_noise:arc_fraction=0.75,noise_std=0.0",50,0,0,0.0,0.0,0.0,,4.386597839207312e-09,4.386291459827104e-09,2.505031280792146e-12,4.38216654287886e-09,4.3903143324016035e-09,8.610953992867645e-09,0.08711064188310084,
fitzgibbon,"grid:arc_x_noise:arc_fraction=0.75,noise_std=0.005",50,0,0,0.0,0.0,0.0,,2.6514991106339566e-10,2.577674174983706e-10,2.9351105733629205e-11,2.225841354413884e-10,3.247069918668285e-10,6.79326497889135e-10,0.005265442558133698,
halir_flusser,"grid:arc_x_noise:arc_fraction=0.75,noise_std=0.005",50,0,0,0.0,0.0,0.0,,2.6514991106336567e-10,2.5776741749837795e-10,2.935110573359321e-11,2.2258413544114086e-10,3.2470699186678213e-10,6.793264978890839e-10,0.0052654425581331,
heydemann,"grid:arc_x_noise:arc_fraction=0.75,noise_std=0.005",50,50,0,1.0,0.0,1.0,,,,,,,,,
kasa,"grid:arc_x_noise:arc_fraction=0.75,noise_std=0.005",50,0,0,0.0,0.0,0.0,,4.272367259516818e-09,4.2760737119797376e-09,3.657815498429216e-11,4.2060735583845575e-09,4.324025145650625e-09,8.430835720471216e-09,0.08484220983524393,
koning_wimmer_witkovsky,"grid:arc_x_noise:arc_fraction=0.75,noise_std=0.005",50,0,0,0.0,0.0,0.0,1.0,2.6466180337802576e-10,2.5801224282247567e-10,2.912286646296874e-11,2.2093327701874599e-10,3.1712539599659163e-10,6.770922906978713e-10,0.0052557495396854115,
raw_atan2,"grid:arc_x_noise:arc_fraction=0.75,noise_std=0.005",50,0,0,0.0,0.0,0.0,,3.92579382651804e-09,3.929052562956242e-09,2.953025714239123e-11,3.885448699846711e-09,3.964795181807855e-09,6.847194568362739e-09,0.07795982961376258,
taubin,"grid:arc_x_noise:arc_fraction=0.75,noise_std=0.005",50,0,0,0.0,0.0,0.0,,4.393437322200773e-09,4.395941498761219e-09,3.936676336179724e-11,4.321735748718822e-09,4.445012149197169e-09,8.807518709757602e-09,0.08724646280299089,
fitzgibbon,"grid:arc_x_noise:arc_fraction=0.75,noise_std=0.01",50,0,0,0.0,0.0,0.0,,5.211344824945691e-10,5.18275028184796e-10,4.681301456788627e-11,4.494882096381808e-10,5.887960851182927e-10,1.3279285154664516e-09,0.010348876496442836,
halir_flusser,"grid:arc_x_noise:arc_fraction=0.75,noise_std=0.01",50,0,0,0.0,0.0,0.0,,5.211344824945827e-10,5.182750281849207e-10,4.681301456783305e-11,4.494882096380885e-10,5.887960851191853e-10,1.327928515466339e-09,0.010348876496443109,
heydemann,"grid:arc_x_noise:arc_fraction=0.75,noise_std=0.01",50,50,0,1.0,0.0,1.0,,,,,,,,,
kasa,"grid:arc_x_noise:arc_fraction=0.75,noise_std=0.01",50,0,0,0.0,0.0,0.0,,4.293120832270366e-09,4.2890691809786246e-09,7.827983902268025e-11,4.1817681245963325e-09,4.417558078648694e-09,8.712026604735638e-09,0.0852543417675972,
koning_wimmer_witkovsky,"grid:arc_x_noise:arc_fraction=0.75,noise_std=0.01",50,0,0,0.0,0.0,0.0,1.0,5.22703464840546e-10,5.121822179985891e-10,4.6045966196652416e-11,4.534107899399368e-10,5.933752874800989e-10,1.3208981395622356e-09,0.01038003391371043,
raw_atan2,"grid:arc_x_noise:arc_fraction=0.75,noise_std=0.01",50,0,0,0.0,0.0,0.0,,3.948632849398808e-09,3.947865359784402e-09,6.669639713233554e-11,3.837482447971839e-09,4.043386332147494e-09,7.137883646621809e-09,0.07841337516684341,
taubin,"grid:arc_x_noise:arc_fraction=0.75,noise_std=0.01",50,0,0,0.0,0.0,0.0,,4.4182251069563375e-09,4.4137202120000556e-09,8.112200342116087e-11,4.298372068497105e-09,4.54894039140449e-09,9.100346098362601e-09,0.08773870757218714,
fitzgibbon,"grid:arc_x_noise:arc_fraction=0.75,noise_std=0.02",50,0,0,0.0,0.0,0.0,,1.057668120145037e-09,1.0404275177907205e-09,1.2597887642833778e-10,8.723514081378396e-10,1.3344001126683843e-09,2.640944840674506e-09,0.021003554969556103,
halir_flusser,"grid:arc_x_noise:arc_fraction=0.75,noise_std=0.02",50,0,0,0.0,0.0,0.0,,1.0576681201449196e-09,1.0404275177904366e-09,1.259788764282526e-10,8.723514081377448e-10,1.3344001126678832e-09,2.6409448406741814e-09,0.02100355496955377,
heydemann,"grid:arc_x_noise:arc_fraction=0.75,noise_std=0.02",50,50,0,1.0,0.0,1.0,,,,,,,,,
kasa,"grid:arc_x_noise:arc_fraction=0.75,noise_std=0.02",50,0,0,0.0,0.0,0.0,,4.38449564718613e-09,4.4010649189155e-09,1.4309397854243297e-10,4.146110527966549e-09,4.602735031034472e-09,9.511234909554787e-09,0.08706889579580512,
koning_wimmer_witkovsky,"grid:arc_x_noise:arc_fraction=0.75,noise_std=0.02",50,0,0,0.0,0.0,0.0,1.0,1.0655074437799544e-09,1.0553839348769854e-09,1.229756815076688e-10,8.854629322988312e-10,1.2654676786772096e-09,2.6633407423473016e-09,0.021159231085488905,
raw_atan2,"grid:arc_x_noise:arc_fraction=0.75,noise_std=0.02",50,0,0,0.0,0.0,0.0,,4.037315138888235e-09,4.051983371892111e-09,1.138332292393055e-10,3.857125942643663e-09,4.213659704035237e-09,7.952183457729234e-09,0.08017446005409694,
taubin,"grid:arc_x_noise:arc_fraction=0.75,noise_std=0.02",50,0,0,0.0,0.0,0.0,,4.529751621907503e-09,4.539256911743804e-09,1.5523007135949728e-10,4.271416496503619e-09,4.7585508163890475e-09,9.959040571583348e-09,0.08995344132725071,
fitzgibbon,"grid:arc_x_noise:arc_fraction=0.75,noise_std=0.03",50,0,0,0.0,0.0,0.0,,1.6037410938141643e-09,1.5728812384354679e-09,2.5418394591982013e-10,1.2369978133566831e-09,2.0032727584426105e-09,4.12474893201963e-09,0.03184766901761464,
halir_flusser,"grid:arc_x_noise:arc_fraction=0.75,noise_std=0.03",50,0,0,0.0,0.0,0.0,,1.6037410938141341e-09,1.5728812384355407e-09,2.5418394591976233e-10,1.2369978133568223e-09,2.0032727584422276e-09,4.124748932019444e-09,0.031847669017614044,
heydemann,"grid:arc_x_noise:arc_fraction=0.75,noise_std=0.03",50,50,0,1.0,0.0,1.0,,,,,,,,,
kasa,"grid:arc_x_noise:arc_fraction=0.75,noise_std=0.03",50,0,0,0.0,0.0,0.0,,4.4956548758994876e-09,4.490732156512667e-09,2.4017191802578905e-10,4.1711634886609e-09,4.912825861610506e-09,1.0096100552012826e-08,0.08927633584829942,
koning_wimmer_witkovsky,"grid:arc_x_noise:arc_fraction=0.75,noise_std=0.03",50,0,0,0.0,0.0,0.0,1.0,1.6064482920124212e-09,1.5747159104670207e-09,2.124659768628885e-10,1.3098084715099653e-09,2.0021197894150053e-09,4.151765778793719e-09,0.03190142953576544,
raw_atan2,"grid:arc_x_noise:arc_fraction=0.75,noise_std=0.03",50,0,0,0.0,0.0,0.0,,4.1665818826538076e-09,4.1378001586216005e-09,1.8131965039845095e-10,3.911095472235808e-09,4.488655858719375e-09,8.539187436032991e-09,0.08274148567083142,
taubin,"grid:arc_x_noise:arc_fraction=0.75,noise_std=0.03",50,0,0,0.0,0.0,0.0,,4.673333646207421e-09,4.659397601229983e-09,2.521503399756537e-10,4.3183695407429205e-09,5.108887862076305e-09,1.0660372447877668e-08,0.09280474494752991,
fitzgibbon,"grid:arc_x_noise:arc_fraction=0.75,noise_std=0.04",50,0,0,0.0,0.0,0.0,,2.216287435399948e-09,2.2557647573401257e-09,2.682280848346428e-10,1.756366725652928e-09,2.6893216434379788e-09,5.62362234156866e-09,0.04401183517886118,
halir_flusser,"grid:arc_x_noise:arc_fraction=0.75,noise_std=0.04",50,0,0,0.0,0.0,0.0,,2.2162874354000025e-09,2.2557647573407084e-09,2.68228084834739e-10,1.756366725652539e-09,2.6893216434378654e-09,5.623622341568818e-09,0.04401183517886227,
heydemann,"grid:arc_x_noise:arc_fraction=0.75,noise_std=0.04",50,50,0,1.0,0.0,1.0,,,,,,,,,
kasa,"grid:arc_x_noise:arc_fraction=0.75,noise_std=0.04",50,0,0,0.0,0.0,0.0,,4.671796899140173e-09,4.65186604613362e-09,2.872730247849041e-10,4.217523669354177e-09,5.1791591973743715e-09,1.0944825237349557e-08,0.09277422767005276,
koning_wimmer_witkovsky,"grid:arc_x_noise:arc_fraction=0.75,noise_std=0.04",50,0,0,0.0,0.0,0.0,1.0,2.20397441375691e-09,2.134243876051626e-09,3.143945717002079e-10,1.8030052666246213e-09,2.752917582114519e-09,5.668757194063371e-09,0.04376731875447901,
raw_atan2,"grid:arc_x_noise:arc_fraction=0.75,noise_std=0.04",50,0,0,0.0,0.0,0.0,,4.393120492624665e-09,4.4227790902338375e-09,2.2798791029637044e-10,4.055351408670942e-09,4.751916605857316e-09,9.57160169098997e-09,0.08724017108700646,
taubin,"grid:arc_x_noise:arc_fraction=0.75,noise_std=0.04",50,0,0,0.0,0.0,0.0,,4.874542327697439e-09,4.8540190287622745e-09,3.24298165220665e-10,4.412841034461694e-09,5.451483634829132e-09,1.1638259164225925e-08,0.09680041950889234,
fitzgibbon,"grid:arc_x_noise:arc_fraction=0.75,noise_std=0.05",50,0,0,0.0,0.0,0.0,,2.646403551527928e-09,2.6351082051371943e-09,2.9019903576664333e-10,2.2842732429128106e-09,3.1828635807825606e-09,6.809982454823155e-09,0.052553236130936015,
halir_flusser,"grid:arc_x_noise:arc_fraction=0.75,noise_std=0.05",50,0,0,0.0,0.0,0.0,,2.6464035515279674e-09,2.635108205137285e-09,2.901990357667774e-10,2.284273242912646e-09,3.1828635807831106e-09,6.809982454822984e-09,0.05255323613093678,
heydemann,"grid:arc_x_noise:arc_fraction=0.75,noise_std=0.05",50,50,0,1.0,0.0,1.0,,,,,,,,,
kasa,"grid:arc_x_noise:arc_fraction=0.75,noise_std=0.05",50,0,0,0.0,0.0,0.0,,4.80930477676849e-09,4.8516452113471086e-09,3.392251298857586e-10,4.281413245699876e-09,5.2324755247644925e-09,1.1422607319567778e-08,0.09550490869513395,
koning_wimmer_witkovsky,"grid:arc_x_noise:arc_fraction=0.75,noise_std=0.05",50,0,0,0.0,0.0,0.0,1.0,2.740071623545843e-09,2.669339312959856e-09,3.637188827403455e-10,2.1680839089100473e-09,3.3778865881578834e-09,6.9861926206320565e-09,0.05441333048572363,
raw_atan2,"grid:arc_x_noise:arc_fraction=0.75,noise_std=0.05",50,0,0,0.0,0.0,0.0,,4.572165557953607e-09,4.622291350992765e-09,2.965487680834727e-10,4.023890980474588e-09,5.018806996628905e-09,1.0469516347282764e-08,0.09079571256550777,
taubin,"grid:arc_x_noise:arc_fraction=0.75,noise_std=0.05",50,0,0,0.0,0.0,0.0,,5.06258725860263e-09,5.078034769334565e-09,3.765927691301833e-10,4.4926605160953625e-09,5.4802635586219365e-09,1.2225485194942091e-08,0.10053468356373774,
fitzgibbon,"grid:arc_x_noise:arc_fraction=0.75,noise_std=0.06",50,0,0,0.0,0.0,0.0,,3.1359010825000816e-09,3.1361689380946823e-09,3.646653792923291e-10,2.5959714756677115e-09,3.6792137775153004e-09,7.941045919318444e-09,0.062273854634428145,
halir_flusser,"grid:arc_x_noise:arc_fraction=0.75,noise_std=0.06",50,0,0,0.0,0.0,0.0,,3.1359010825000824e-09,3.1361689380945284e-09,3.6466537929233777e-10,2.595971475667705e-09,3.679213777515098e-09,7.941045919318601e-09,0.06227385463442818,
heydemann,"grid:arc_x_noise:arc_fraction=0.75,noise_std=0.06",50,50,0,1.0,0.0,1.0,,,,,,,,,
kasa,"grid:arc_x_noise:arc_fraction=0.75,noise_std=0.06",50,0,0,0.0,0.0,0.0,,5.1350774960862214e-09,5.1555367035931745e-09,3.1960364580495325e-10,4.603163454427882e-09,5.551883309817795e-09,1.2715233979163858e-08,0.10197422084272277,
koning_wimmer_witkovsky,"grid:arc_x_noise:arc_fraction=0.75,noise_std=0.06",50,0,0,0.0,0.0,0.0,1.0,3.305928398635026e-09,3.1319930981617787e-09,5.482588435315651e-10,2.68093190828005e-09,4.348817584462734e-09,8.247852815216669e-09,0.0656503183972545,
raw_atan2,"grid:arc_x_noise:arc_fraction=0.75,noise_std=0.06",50,0,0,0.0,0.0,0.0,,4.854904649817096e-09,4.855597662786335e-09,3.2324925378534993e-10,4.304547111739395e-09,5.3949620747798835e-09,1.1434072798546786e-08,0.0964104474193699,
taubin,"grid:arc_x_noise:arc_fraction=0.75,noise_std=0.06",50,0,0,0.0,0.0,0.0,,5.473093686791953e-09,5.513155149725945e-09,3.6201950604764e-10,4.876664726329399e-09,6.017459259926079e-09,1.3832221360347659e-08,0.10868666826064648,
fitzgibbon,"grid:arc_x_noise:arc_fraction=0.75,noise_std=0.08",50,0,0,0.0,0.0,0.0,,4.244230177912574e-09,4.1501850600118345e-09,4.747819287172951e-10,3.6726763327531033e-09,5.2549496940656725e-09,1.0824747111032295e-08,0.08428345352132897,
halir_flusser,"grid:arc_x_noise:arc_fraction=0.75,noise_std=0.08",50,0,0,0.0,0.0,0.0,,4.244230177912456e-09,4.150185060011848e-09,4.747819287172173e-10,3.6726763327532353e-09,5.254949694066212e-09,1.0824747111031909e-08,0.08428345352132663,
heydemann,"grid:arc_x_noise:arc_fraction=0.75,noise_std=0.08",50,50,0,1.0,0.0,1.0,,,,,,,,,
kasa,"grid:arc_x_noise:arc_fraction=0.75,noise_std=0.08",50,0,0,0.0,0.0,0.0,,5.701465368605229e-09,5.6762691587619615e-09,5.137487790709718e-10,5.0443568206804285e-09,6.658175406383941e-09,1.4099209059967286e-08,0.11322175547855126,
koning_wimmer_witkovsky,"grid:arc_x_noise:arc_fraction=0.75,noise_std=0.08",50,0,0,0.0,0.0,0.0,1.0,4.573093602660692e-09,4.520708632065188e-09,7.411842873750076e-10,3.673589573978572e-09,5.727964375391513e-09,1.134218393371225e-08,0.0908141420119931,
raw_atan2,"grid:arc_x_noise:arc_fraction=0.75,noise_std=0.08",50,0,0,0.0,0.0,0.0,,5.437621951945923e-09,5.428674520098782e-09,4.1415537044389117e-10,4.8342021478014974e-09,6.144114600946891e-09,1.3238459565399672e-08,0.10798225775747096,
taubin,"grid:arc_x_noise:arc_fraction=0.75,noise_std=0.08",50,0,0,0.0,0.0,0.0,,6.182687585284633e-09,6.117167267461537e-09,6.732739429402654e-10,5.248760425610869e-09,7.205915725391338e-09,1.5462062875251727e-08,0.12277803980639077,
fitzgibbon,"grid:arc_x_noise:arc_fraction=0.75,noise_std=0.1",50,0,0,0.0,0.0,0.0,,5.322951986548709e-09,5.275067153394934e-09,6.132232290653653e-10,4.495698866144724e-09,6.272408417855891e-09,1.3667197890033702e-08,0.10570510022978902,
halir_flusser,"grid:arc_x_noise:arc_fraction=0.75,noise_std=0.1",50,0,0,0.0,0.0,0.0,,5.322951986548615e-09,5.275067153394971e-09,6.132232290653593e-10,4.495698866144798e-09,6.272408417855539e-09,1.3667197890033565e-08,0.10570510022978712,
heydemann,"grid:arc_x_noise:arc_fraction=0.75,noise_std=0.1",50,50,0,1.0,0.0,1.0,,,,,,,,,
kasa,"grid:arc_x_noise:arc_fraction=0.75,noise_std=0.1",50,0,0,0.0,0.0,0.0,,6.3932296791279875e-09,6.3150137011286996e-09,5.675891108550341e-10,5.606653785720937e-09,7.368111480979803e-09,1.604012465340421e-08,0.12695906063628773,
koning_wimmer_witkovsky,"grid:arc_x_noise:arc_fraction=0.75,noise_std=0.1",50,1,0,0.02,0.0,0.02,0.98,6.066266376320068e-09,5.4930031430977876e-09,1.4751666006912264e-09,4.597194777454678e-09,9.278030944943593e-09,1.4771016788862108e-08,0.12046610545237613,
raw_atan2,"grid:arc_x_noise:arc_fraction=0.75,noise_std=0.1",50,0,0,0.0,0.0,0.0,,6.189504468082405e-09,6.159837857659125e-09,5.415254189066654e-10,5.283431942721815e-09,7.245255257529607e-09,1.5152393646000283e-08,0.12291341192344425,
taubin,"grid:arc_x_noise:arc_fraction=0.75,noise_std=0.1",50,0,0,0.0,0.0,0.0,,7.008015796359469e-09,6.988892942752993e-09,6.686904753904293e-10,5.9715245196274295e-09,8.162377879562372e-09,1.7925962374059185e-08,0.139167705070064,
fitzgibbon,"grid:arc_x_noise:arc_fraction=1.0,noise_std=0.0",50,0,0,0.0,0.0,0.0,,1.7785692572996504e-11,1.7553892004023366e-11,1.5867543259539068e-12,1.5161189136446044e-11,2.0011329435621136e-11,4.829604370776803e-11,0.00035319469738516034,
halir_flusser,"grid:arc_x_noise:arc_fraction=1.0,noise_std=0.0",50,0,0,0.0,0.0,0.0,,1.7785692573000413e-11,1.75538920040861e-11,1.5867543259285247e-12,1.516118913651389e-11,2.0011329435561718e-11,4.8296043707810076e-11,0.00035319469738523797,
heydemann,"grid:arc_x_noise:arc_fraction=1.0,noise_std=0.0",50,0,0,0.0,0.0,0.0,,1.676777787882401e-11,1.6524469067921493e-11,1.442255632432093e-12,1.456715685969827e-11,1.8919745426256796e-11,4.584554629676895e-11,0.0003329805802853284,
kasa,"grid:arc_x_noise:arc_fraction=1.0,noise_std=0.0",50,0,0,0.0,0.0,0.0,,3.6070179060679087e-09,3.606766010364311e-09,2.129366113132e-12,3.603449069841207e-09,3.6103005401773547e-09,6.123747952037481e-09,0.07162946242142719,
koning_wimmer_witkovsky,"grid:arc_x_noise:arc_fraction=1.0,noise_std=0.0",50,0,0,0.0,0.0,0.0,1.0,1.776026673471837e-11,1.7644931930819532e-11,1.574404738780393e-12,1.5120963533358387e-11,1.9953592254660947e-11,4.8248734053244505e-11,0.0003526897819190038,
raw_atan2,"grid:arc_x_noise:arc_fraction=1.0,noise_std=0.0",50,0,0,0.0,0.0,0.0,,3.727034379997724e-09,3.726835296614783e-09,2.0457365266886954e-12,3.72365593459227e-09,3.7302056357098605e-09,6.657194368313976e-09,0.07401279284372592,
taubin,"grid:arc_x_noise:arc_fraction=1.0,noise_std=0.0",50,0,0,0.0,0.0,0.0,,3.607018007516508e-09,3.606766138239058e-09,2.1293613139910735e-12,3.6034492608079557e-09,3.6103006672004756e-09,6.123768623265117e-09,0.07162946443603008,
fitzgibbon,"grid:arc_x_noise:arc_fraction=1.0,noise_std=0.005",50,0,0,0.0,0.0,0.0,,2.4913287801104407e-10,2.483515205184461e-10,2.4288659255901185e-11,2.0878425769363483e-10,2.856560239491918e-10,6.4812006473405e-10,0.004947370539362693,
halir_flusser,"grid:arc_x_noise:arc_fraction=1.0,noise_std=0.005",50,0,0,0.0,0.0,0.0,,2.4913287801104045e-10,2.483515205184539e-10,2.4288659255894047e-11,2.0878425769363884e-10,2.85656023949191e-10,6.481200647340318e-10,0.004947370539362622,
heydemann,"grid:arc_x_noise:arc_fraction=1.0,noise_std=0.005",50,0,0,0.0,0.0,0.0,,2.3875926777311767e-10,2.3883415181260245e-10,2.3149131771097956e-11,1.9881728135799983e-10,2.7825225602850186e-10,6.250193264238918e-10,0.004741367646096743,
kasa,"grid:arc_x_noise:arc_fraction=1.0,noise_std=0.005",50,0,0,0.0,0.0,0.0,,3.612756656936016e-09,3.6108272547649234e-09,2.7014731216724005e-11,3.5724853259966344e-09,3.6558909131076336e-09,6.390018744641756e-09,0.07174342460580158,
koning_wimmer_witkovsky,"grid:arc_x_noise:arc_fraction=1.0,noise_std=0.005",50,0,0,0.0,0.0,0.0,1.0,2.48768363695184e-10,2.482739430680568e-10,2.4140945760902604e-11,2.0932671319528685e-10,2.8693642286751963e-10,6.469752446136984e-10,0.004940131882619114,
raw_atan2,"grid:arc_x_noise:arc_fraction=1.0,noise_std=0.005",50,0,0,0.0,0.0,0.0,,3.73015035881876e-09,3.730704102486355e-09,2.5857947592939674e-11,3.6896091538955444e-09,3.774801724861726e-09,6.800832052389908e-09,0.07407467107490738,
taubin,"grid:arc_x_noise:arc_fraction=1.0,noise_std=0.005",50,0,0,0.0,0.0,0.0,,3.612775790286559e-09,3.610833038652168e-09,2.7017841663790604e-11,3.572488789987874e-09,3.6559072993979507e-09,6.390548908695777e-09,0.07174380456277693,
fitzgibbon,"grid:arc_x_noise:arc_fraction=1.0,noise_std=0.01",50,0,0,0.0,0.0,0.0,,5.085203342032757e-10,5.07889201469997e-10,5.363481621494569e-11,4.286629551101363e-10,5.925845587863066e-10,1.369131655567487e-09,0.01009838019048064,
halir_flusser,"grid:arc_x_noise:arc_fraction=1.0,noise_std=0.01",50,0,0,0.0,0.0,0.0,,5.085203342032752e-10,5.078892014699127e-10,5.363481621494034e-11,4.286629551101618e-10,5.9258455878634e-10,1.3691316555674418e-09,0.010098380190480632,
heydemann,"grid:arc_x_noise:arc_fraction=1.0,noise_std=0.01",50,0,0,0.0,0.0,0.0,,4.79002805952402e-10,4.783898884063598e-10,4.548093730003064e-11,4.084428820211203e-10,5.426005175397349e-10,1.2977770325931273e-09,0.00951221046920963,
kasa,"grid:arc_x_noise:arc_fraction=1.0,noise_std=0.01",50,0,0,0.0,0.0,0.0,,3.659949498440279e-09,3.6650377314324767e-09,7.025415348556337e-11,3.537978869226271e-09,3.758115057542152e-09,6.794260722646392e-09,0.07268059707212154,
koning_wimmer_witkovsky,"grid:arc_x_noise:arc_fraction=1.0,noise_std=0.01",50,0,0,0.0,0.0,0.0,1.0,5.090904309351658e-10,5.04710182187016e-10,5.3770532253304484e-11,4.2782986489839413e-10,5.989715422551064e-10,1.3669368072948968e-09,0.010109701376983431,
raw_atan2,"grid:arc_x_noise:arc_fraction=1.0,noise_std=0.01",50,0,0,0.0,0.0,0.0,,3.774466710530196e-09,3.786549848630231e-09,7.215523441678878e-11,3.6484565759431875e-09,3.8783986072281785e-09,7.186596853056334e-09,0.07495472116953791,
taubin,"grid:arc_x_noise:arc_fraction=1.0,noise_std=0.01",50,0,0,0.0,0.0,0.0,,3.6600547122336624e-09,3.6650954188249593e-09,7.026341358488546e-11,3.5380443042429572e-09,3.7581219765230166e-09,6.795493995184064e-09,0.07268268644557509,
fitzgibbon,"grid:arc_x_noise:arc_fraction=1.0,noise_std=0.02",50,0,0,0.0,0.0,0.0,,1.0093440767435125e-09,1.02374573215887e-09,1.0689932146380547e-10,8.44928643359358e-10,1.1702470172099991e-09,2.66663152303814e-09,0.020043918688001202,
halir_flusser,"grid:arc_x_noise:arc_fraction=1.0,noise_std=0.02",50,0,0,0.0,0.0,0.0,,1.0093440767435243e-09,1.0237457321588956e-09,1.0689932146380599e-10,8.449286433593482e-10,1.1702470172099416e-09,2.666631523038183e-09,0.02004391868800144,
heydemann,"grid:arc_x_noise:arc_fraction=1.0,noise_std=0.02",50,0,0,0.0,0.0,0.0,,9.61662687698122e-10,9.806341233945301e-10,9.537282898441516e-11,8.013778645874837e-10,1.09348406139959e-09,2.529440965045844e-09,0.01909704446841868,
kasa,"grid:arc_x_noise:arc_fraction=1.0,noise_std=0.02",50,0,0,0.0,0.0,0.0,,3.732945328606626e-09,3.731330023205167e-09,1.1896325732914802e-10,3.5735406469901377e-09,3.929557591766628e-09,7.581804417975042e-09,0.07413017459293877,
koning_wimmer_witkovsky,"grid:arc_x_noise:arc_fraction=1.0,noise_std=0.02",50,0,0,0.0,0.0,0.0,1.0,1.0106119804987103e-09,1.0178369743902497e-09,1.0624705235487536e-10,8.405614469180143e-10,1.1721277583557288e-09,2.667454363329537e-09,0.02006909717803148,
raw_atan2,"grid:arc_x_noise:arc_fraction=1.0,noise_std=0.02",50,0,0,0.0,0.0,0.0,,3.846004254696709e-09,3.8607249680892685e-09,1.191295304385086e-10,3.6867875235400815e-09,4.039062746679304e-09,7.86311427518823e-09,0.07637533952105101,
taubin,"grid:arc_x_noise:arc_fraction=1.0,noise_std=0.02",50,0,0,0.0,0.0,0.0,,3.733329078271083e-09,3.73208599106721e-09,1.1893402937998244e-10,3.573969512268413e-09,3.929825727488618e-09,7.584132680090192e-09,0.07413779523217186,
fitzgibbon,"grid:arc_x_noise:arc_fraction=1.0,noise_std=0.03",50,0,0,0.0,0.0,0.0,,1.5219479270076783e-09,1.5167480490621124e-09,1.6166341211279189e-10,1.2916985252626612e-09,1.870945783756092e-09,4.0044798757288745e-09,0.030223390813107064,
halir_flusser,"grid:arc_x_noise:arc_fraction=1.0,noise_std=0.03",50,0,0,0.0,0.0,0.0,,1.5219479270076942e-09,1.5167480490620547e-09,1.616634121128059e-10,1.291698525262688e-09,1.8709457837562196e-09,4.004479875728893e-09,0.03022339081310738,
heydemann,"grid:arc_x_noise:arc_fraction=1.0,noise_std=0.03",50,0,0,0.0,0.0,0.0,,1.4404453945569602e-09,1.4411056555935356e-09,1.3469790563111958e-10,1.2126340263699656e-09,1.660890338677254e-09,3.769991051236475e-09,0.02860488413045131,
kasa,"grid:arc_x_noise:arc_fraction=1.0,noise_std=0.03",50,0,0,0.0,0.0,0.0,,3.868602850222558e-09,3.851481447965608e-09,2.1314207058254936e-10,3.544133987958365e-09,4.238101654071215e-09,8.383351928282353e-09,0.07682411058100962,
koning_wimmer_witkovsky,"grid:arc_x_noise:arc_fraction=1.0,noise_std=0.03",50,0,0,0.0,0.0,0.0,1.0,1.5253184397732619e-09,1.5277423185820327e-09,1.6097405849219794e-10,1.3137916073067812e-09,1.8281904250134167e-09,3.999917223702836e-09,0.030290323671155025,
raw_atan2,"grid:arc_x_noise:arc_fraction=1.0,noise_std=0.03",50,0,0,0.0,0.0,0.0,,3.974950437539238e-09,3.951650973919157e-09,2.07071283930511e-10,3.6953485309866543e-09,4.326511918266205e-09,8.57173506083976e-09,0.07893599932336792,
taubin,"grid:arc_x_noise:arc_fraction=1.0,noise_std=0.03",50,0,0,0.0,0.0,0.0,,3.869326835038113e-09,3.8522783649380685e-09,2.1306545062668017e-10,3.5446671505541066e-09,4.239146696975064e-09,8.387080578230471e-09,0.07683848773257637,
fitzgibbon,"grid:arc_x_noise:arc_fraction=1.0,noise_std=0.04",50,0,0,0.0,0.0,0.0,,1.9839633715935376e-09,1.9995561779503614e-09,1.9784536453135472e-10,1.6215601764361648e-09,2.29424123950317e-09,5.089246324849441e-09,0.03939826013394117,
halir_flusser,"grid:arc_x_noise:arc_fraction=1.0,noise_std=0.04",50,0,0,0.0,0.0,0.0,,1.9839633715935297e-09,1.9995561779503767e-09,1.9784536453135958e-10,1.6215601764361454e-09,2.2942412395031633e-09,5.089246324849349e-09,0.039398260133941015,
heydemann,"grid:arc_x_noise:arc_fraction=1.0,noise_std=0.04",50,0,0,0.0,0.0,0.0,,1.8739666109445074e-09,1.876833229697212e-09,1.7991366861314217e-10,1.582417940628048e-09,2.2055582925254565e-09,4.824913740621135e-09,0.03721390479150333,
kasa,"grid:arc_x_noise:arc_fraction=1.0,noise_std=0.04",50,0,0,0.0,0.0,0.0,,4.0902379883865715e-09,4.064801213691475e-09,1.880959534182033e-10,3.876880008317261e-09,4.410393453608751e-09,9.21269970745787e-09,0.0812254210856457,
koning_wimmer_witkovsky,"grid:arc_x_noise:arc_fraction=1.0,noise_std=0.04",50,0,0,0.0,0.0,0.0,1.0,2.0019872296442655e-09,2.006664680846318e-09,2.0040437856982167e-10,1.6395354709207693e-09,2.2878237468298e-09,5.084828151626352e-09,0.03975618440727565,
raw_atan2,"grid:arc_x_noise:arc_fraction=1.0,noise_std=0.04",50,0,0,0.0,0.0,0.0,,4.186195202142902e-09,4.181928975058393e-09,1.8868316370215e-10,3.941895468051894e-09,4.5111973093541396e-09,9.261727613804754e-09,0.08313097404263577,
taubin,"grid:arc_x_noise:arc_fraction=1.0,noise_std=0.04",50,0,0,0.0,0.0,0.0,,4.092289658441864e-09,4.068186871480421e-09,1.8804546327208631e-10,3.880354652369275e-09,4.41265674912662e-09,9.221778097172942e-09,0.0812661638895224,
fitzgibbon,"grid:arc_x_noise:arc_fraction=1.0,noise_std=0.05",50,0,0,0.0,0.0,0.0,,2.5565201357924904e-09,2.5264745652716666e-09,2.525897120420641e-10,2.157928796918874e-09,2.927790551848833e-09,6.630007524010395e-09,0.05076829884551245,
halir_flusser,"grid:arc_x_noise:arc_fraction=1.0,noise_std=0.05",50,0,0,0.0,0.0,0.0,,2.556520135792485e-09,2.5264745652716674e-09,2.5258971204204744e-10,2.157928796918896e-09,2.9277905518488252e-09,6.6300075240103834e-09,0.05076829884551235,
heydemann,"grid:arc_x_noise:arc_fraction=1.0,noise_std=0.05",50,0,0,0.0,0.0,0.0,,2.430776719685167e-09,2.4061669469553356e-09,2.3433212591991786e-10,2.0918459498855007e-09,2.7432018056966758e-09,6.247716207003117e-09,0.04827124074007595,
kasa,"grid:arc_x_noise:arc_fraction=1.0,noise_std=0.05",50,0,0,0.0,0.0,0.0,,4.321180488848533e-09,4.3514817200342814e-09,3.086066647250942e-10,3.79169253663694e-09,4.8667921204539975e-09,1.0350331915493472e-08,0.08581156054742163,
koning_wimmer_witkovsky,"grid:arc_x_noise:arc_fraction=1.0,noise_std=0.05",50,0,0,0.0,0.0,0.0,1.0,2.6047065072319846e-09,2.5749288063055465e-09,2.6323134262333957e-10,2.2377654507150555e-09,2.9692736004594272e-09,6.761512532609532e-09,0.05172520118759503,
raw_atan2,"grid:arc_x_noise:arc_fraction=1.0,noise_std=0.05",50,0,0,0.0,0.0,0.0,,4.409116949064555e-09,4.407950441500898e-09,2.882582942074386e-10,3.886415593250545e-09,4.935370836445579e-09,1.0362313207572219e-08,0.08755783448798636,
taubin,"grid:arc_x_noise:arc_fraction=1.0,noise_std=0.05",50,0,0,0.0,0.0,0.0,,4.324622371884269e-09,4.357272583740317e-09,3.0946947637871213e-10,3.794329115968432e-09,4.868540859923005e-09,1.0363319157884543e-08,0.08587991070203341,
fitzgibbon,"grid:arc_x_noise:arc_fraction=1.0,noise_std=0.06",50,0,0,0.0,0.0,0.0,,3.019904941608402e-09,3.011472793114138e-09,2.938373784847923e-10,2.5949520913725412e-09,3.568505580478354e-09,7.740258406182315e-09,0.05997036143550233,
halir_flusser,"grid:arc_x_noise:arc_fraction=1.0,noise_std=0.06",50,0,0,0.0,0.0,0.0,,3.0199049416083844e-09,3.0114727931141406e-09,2.938373784847963e-10,2.594952091372579e-09,3.5685055804783204e-09,7.740258406182229e-09,0.05997036143550199,
heydemann,"grid:arc_x_noise:arc_fraction=1.0,noise_std=0.06",50,0,0,0.0,0.0,0.0,,2.854560538124418e-09,2.832438913397627e-09,3.022440433857611e-10,2.366646583288459e-09,3.4081084340572613e-09,7.395483497900936e-09,0.056686892640954466,
kasa,"grid:arc_x_noise:arc_fraction=1.0,noise_std=0.06",50,0,0,0.0,0.0,0.0,,4.561418528932562e-09,4.624701171882372e-09,3.110411214874947e-10,4.10501006374364e-09,5.0782855822761384e-09,1.1534412850817156e-08,0.09058229418737611,
koning_wimmer_witkovsky,"grid:arc_x_noise:arc_fraction=1.0,noise_std=0.06",50,0,0,0.0,0.0,0.0,1.0,3.076294558636364e-09,3.107352714805652e-09,3.3495638623197e-10,2.5642489356530806e-09,3.646118931938845e-09,7.828492391072328e-09,0.06109016678691693,
raw_atan2,"grid:arc_x_noise:arc_fraction=1.0,noise_std=0.06",50,0,0,0.0,0.0,0.0,,4.6128463168143935e-09,4.627865275422027e-09,3.419039452114312e-10,4.11215369385429e-09,5.139605774969496e-09,1.1512048637291204e-08,0.09160356574616206,
taubin,"grid:arc_x_noise:arc_fraction=1.0,noise_std=0.06",50,0,0,0.0,0.0,0.0,,4.567751750388061e-09,4.6297720475160826e-09,3.0985879162369013e-10,4.108284690795415e-09,5.0819248187899184e-09,1.1551811148081078e-08,0.09070806158306605,
fitzgibbon,"grid:arc_x_noise:arc_fraction=1.0,noise_std=0.08",50,0,0,0.0,0.0,0.0,,4.102310398654641e-09,4.131341792017464e-09,4.0858911056677144e-10,3.454254207168125e-09,4.679199305421941e-09,1.046083853357245e-08,0.08146515936256911,
halir_flusser,"grid:arc_x_noise:arc_fraction=1.0,noise_std=0.08",50,0,0,0.0,0.0,0.0,,4.102310398654632e-09,4.13134179201756e-09,4.085891105667716e-10,3.454254207168138e-09,4.679199305421942e-09,1.0460838533572467e-08,0.08146515936256896,
heydemann,"grid:arc_x_noise:arc_fraction=1.0,noise_std=0.08",50,0,0,0.0,0.0,0.0,,3.881723186300501e-09,3.849089322412016e-09,3.684678816085624e-10,3.3518411634124874e-09,4.496985076419291e-09,1.020725285307776e-08,0.07708465894659176,
kasa,"grid:arc_x_noise:arc_fraction=1.0,noise_std=0.08",50,0,0,0.0,0.0,0.0,,5.309442456881091e-09,5.339032688977533e-09,4.0578379180253905e-10,4.719991986602021e-09,6.104623575968538e-09,1.3146815079274105e-08,0.10543682311754347,
koning_wimmer_witkovsky,"grid:arc_x_noise:arc_fraction=1.0,noise_std=0.08",50,0,0,0.0,0.0,0.0,1.0,4.2855821014398686e-09,4.212966155241997e-09,5.551331798697765e-10,3.530049900104626e-09,5.1947290599700725e-09,1.087409814856862e-08,0.08510463493198105,
raw_atan2,"grid:arc_x_noise:arc_fraction=1.0,noise_std=0.08",50,0,0,0.0,0.0,0.0,,5.332941268583346e-09,5.346005344931533e-09,3.930574519284316e-10,4.731200440148648e-09,5.998160604785441e-09,1.3263090614266553e-08,0.10590347099498906,
taubin,"grid:arc_x_noise:arc_fraction=1.0,noise_std=0.08",50,0,0,0.0,0.0,0.0,,5.323644057091532e-09,5.3464318636475254e-09,4.099035234262419e-10,4.726918826986681e-09,6.1185621836993624e-09,1.3172493159101446e-08,0.1057188436162182,
fitzgibbon,"grid:arc_x_noise:arc_fraction=1.0,noise_std=0.1",50,0,0,0.0,0.0,0.0,,5.058986410460939e-09,4.950571985511516e-09,6.222296625847748e-10,4.250273403572987e-09,6.224708869470329e-09,1.2984092925016817e-08,0.1004631766227224,
halir_flusser,"grid:arc_x_noise:arc_fraction=1.0,noise_std=0.1",50,0,0,0.0,0.0,0.0,,5.058986410460935e-09,4.950571985511568e-09,6.222296625847507e-10,4.250273403573e-09,6.224708869470142e-09,1.2984092925016758e-08,0.10046317662272232,
heydemann,"grid:arc_x_noise:arc_fraction=1.0,noise_std=0.1",50,0,0,0.0,0.0,0.0,,4.767200637300877e-09,4.791828652868338e-09,4.883275727838641e-10,3.920845386016571e-09,5.641765943881427e-09,1.2261510271581802e-08,0.09466878950905827,
kasa,"grid:arc_x_noise:arc_fraction=1.0,noise_std=0.1",50,0,0,0.0,0.0,0.0,,6.01609143026693e-09,5.908132042869176e-09,6.018914217199803e-10,5.218828212159622e-09,7.188734038126831e-09,1.4948218982366454e-08,0.11946971327845195,
koning_wimmer_witkovsky,"grid:arc_x_noise:arc_fraction=1.0,noise_std=0.1",50,0,0,0.0,0.0,0.0,1.0,5.544840053091715e-09,5.397781073304319e-09,8.97650730932673e-10,4.61045451248976e-09,7.2137248336543685e-09,1.3923192933138801e-08,0.11011143347739173,
raw_atan2,"grid:arc_x_noise:arc_fraction=1.0,noise_std=0.1",50,0,0,0.0,0.0,0.0,,6.049078832864264e-09,5.937423678010436e-09,5.87679689957266e-10,5.297567701262246e-09,7.192408144260461e-09,1.4865969263481472e-08,0.12012478901587796,
taubin,"grid:arc_x_noise:arc_fraction=1.0,noise_std=0.1",50,0,0,0.0,0.0,0.0,,6.038162373921824e-09,5.9543689212919285e-09,6.052581702146376e-10,5.222467370190363e-09,7.210563833987901e-09,1.5040423944949923e-08,0.11990800603726363,
