method_name,condition_name,n_seeds,n_failed,n_gross_error,failure_rate,gross_error_rate,unusable_rate,convergence_rate,displacement_rmse_mean_m,displacement_rmse_median_m,displacement_rmse_std_m,displacement_rmse_p05_m,displacement_rmse_p95_m,peak_absolute_error_mean_m,phase_rmse_mean_rad,runtime_s_mean
fitzgibbon,"grid:n_x_noise:samples_per_fit=100,noise_std=0.0",50,0,0,0.0,0.0,0.0,,1.7602860697300328e-11,1.750681102427753e-11,1.1655908526521529e-12,1.5842688088193084e-11,1.9300727115294945e-11,5.120800248059859e-11,0.000349563956060703,0.00010304264002115815
halir_flusser,"grid:n_x_noise:samples_per_fit=100,noise_std=0.0",50,0,0,0.0,0.0,0.0,,1.7602860697302958e-11,1.7506811024277603e-11,1.1655908526581313e-12,1.584268808810232e-11,1.930072711534885e-11,5.120800248062677e-11,0.0003495639560607552,7.691163995332317e-05
heydemann,"grid:n_x_noise:samples_per_fit=100,noise_std=0.0",50,0,0,0.0,0.0,0.0,,1.703990573167243e-11,1.7037960166825216e-11,1.0062196223901794e-12,1.5473762748071556e-11,1.8387384412154178e-11,4.939293214686031e-11,0.00033838459332796917,3.373054001713172e-05
kasa,"grid:n_x_noise:samples_per_fit=100,noise_std=0.0",50,0,0,0.0,0.0,0.0,,3.607675273060624e-09,3.6078164675057823e-09,1.9476913976642606e-12,3.6048992029642278e-09,3.6109338206774337e-09,6.131631990266486e-09,0.07164251665224276,2.2081780007283668e-05
koning_wimmer_witkovsky,"grid:n_x_noise:samples_per_fit=100,noise_std=0.0",50,0,0,0.0,0.0,0.0,1.0,1.760074562476157e-11,1.7522875730740103e-11,1.1584815919983772e-12,1.5803890834862225e-11,1.919768570078162e-11,5.113901494142413e-11,0.000349521954187444,0.00023060232006173466
raw_atan2,"grid:n_x_noise:samples_per_fit=100,noise_std=0.0",50,0,0,0.0,0.0,0.0,,3.727794867139356e-09,3.727705293439102e-09,1.898728850959465e-12,3.7245974165434714e-09,3.730429251351416e-09,6.663396394577328e-09,0.07402789487164818,3.58698003765312e-06
taubin,"grid:n_x_noise:samples_per_fit=100,noise_std=0.0",50,0,0,0.0,0.0,0.0,,3.6076753384944325e-09,3.6078165593206862e-09,1.9476944547698177e-12,3.604899275724384e-09,3.6109338618954532e-09,6.131643432640287e-09,0.07164251795165096,9.250561992303119e-05
fitzgibbon,"grid:n_x_noise:samples_per_fit=100,noise_std=0.005",50,0,0,0.0,0.0,0.0,,2.524527518121184e-10,2.5169177763294477e-10,1.9996596903828662e-11,2.2631814675196296e-10,2.8493303879365863e-10,7.12032490478225e-10,0.005013297790590888,0.00010732964005001122
halir_flusser,"grid:n_x_noise:samples_per_fit=100,noise_std=0.005",50,0,0,0.0,0.0,0.0,,2.5245275181212007e-10,2.516917776329936e-10,1.999659690383929e-11,2.2631814675197943e-10,2.849330387937827e-10,7.120324904781065e-10,0.005013297790590922,7.517965996157727e-05
heydemann,"grid:n_x_noise:samples_per_fit=100,noise_std=0.005",50,0,0,0.0,0.0,0.0,,2.4255237048847684e-10,2.4308591333570965e-10,1.8542279554562965e-11,2.140568627963526e-10,2.7332594052070237e-10,6.936856159292919e-10,0.004816692447771104,3.5932900009356674e-05
kasa,"grid:n_x_noise:samples_per_fit=100,noise_std=0.005",50,0,0,0.0,0.0,0.0,,3.6177384120467436e-09,3.617202801192162e-09,2.3702062235799118e-11,3.579431327326789e-09,3.6551904375857737e-09,6.461954017906632e-09,0.07184235409542133,2.3543980005342747e-05
koning_wimmer_witkovsky,"grid:n_x_noise:samples_per_fit=100,noise_std=0.005",50,0,0,0.0,0.0,0.0,1.0,2.522387459793587e-10,2.5200877221507573e-10,2.0123604385345423e-11,2.2455295204990754e-10,2.843671286493495e-10,7.122810762458189e-10,0.00500904798558442,0.00025144343995634697
raw_atan2,"grid:n_x_noise:samples_per_fit=100,noise_std=0.005",50,0,0,0.0,0.0,0.0,,3.737583683183802e-09,3.73694448664474e-09,2.4050760557093104e-11,3.7015803174325812e-09,3.776866471506697e-09,6.881970812274813e-09,0.07422228471091852,4.030479940411169e-06
taubin,"grid:n_x_noise:samples_per_fit=100,noise_std=0.005",50,0,0,0.0,0.0,0.0,,3.617753436410544e-09,3.617219651384994e-09,2.370122293486761e-11,3.579449337971776e-09,3.6551983196903726e-09,6.462311312064251e-09,0.0718426524546561,8.892602010746487e-05
fitzgibbon,"grid:n_x_noise:samples_per_fit=100,noise_std=0.01",50,0,0,0.0,0.0,0.0,,4.915521118736954e-10,4.902484672641159e-10,3.289994406724079e-11,4.4087539720684683e-10,5.459061219589962e-10,1.3498905206807e-09,0.009761419112003475,0.0001068166600089171
halir_flusser,"grid:n_x_noise:samples_per_fit=100,noise_std=0.01",50,0,0,0.0,0.0,0.0,,4.915521118737033e-10,4.902484672641405e-10,3.2899944067250815e-11,4.408753972068599e-10,5.45906121959011e-10,1.3498905206806725e-09,0.00976141911200363,7.428903996697045e-05
heydemann,"grid:n_x_noise:samples_per_fit=100,noise_std=0.01",50,0,0,0.0,0.0,0.0,,4.755621150805532e-10,4.70746857383042e-10,3.174432718753812e-11,4.2775261992137766e-10,5.326556160725653e-10,1.3010222178994045e-09,0.009443883989018267,4.109483994398033e-05
kasa,"grid:n_x_noise:samples_per_fit=100,noise_std=0.01",50,0,0,0.0,0.0,0.0,,3.639509966527123e-09,3.6446774804329726e-09,4.009345036927102e-11,3.5819411895496215e-09,3.688702991776417e-09,6.8280703892754934e-09,0.07227470147603314,2.241069994852296e-05
koning_wimmer_witkovsky,"grid:n_x_noise:samples_per_fit=100,noise_std=0.01",50,0,0,0.0,0.0,0.0,1.0,4.920063168751301e-10,4.939690331814113e-10,3.341332155484347e-11,4.379878772315038e-10,5.477860200500281e-10,1.3497399676111092e-09,0.009770438878727437,0.0002607731000171043
raw_atan2,"grid:n_x_noise:samples_per_fit=100,noise_std=0.01",50,0,0,0.0,0.0,0.0,,3.759055462426054e-09,3.764560198978963e-09,4.156535599270987e-11,3.700520352098628e-09,3.812759034796154e-09,7.189962947926352e-09,0.07464867904674002,3.7704999340348877e-06
taubin,"grid:n_x_noise:samples_per_fit=100,noise_std=0.01",50,0,0,0.0,0.0,0.0,,3.639554380633571e-09,3.644710298901151e-09,4.0098063063956735e-11,3.581965570361449e-09,3.6887434818239577e-09,6.828973048856793e-09,0.0722755834673766,8.40304799930891e-05
fitzgibbon,"grid:n_x_noise:samples_per_fit=100,noise_std=0.02",50,0,0,0.0,0.0,0.0,,9.900012917038993e-10,9.919153698088827e-10,6.705263507052353e-11,8.918522469131391e-10,1.068997793325547e-09,2.700735915045373e-09,0.01965980268686078,0.00010501455995836296
halir_flusser,"grid:n_x_noise:samples_per_fit=100,noise_std=0.02",50,0,0,0.0,0.0,0.0,,9.90001291703903e-10,9.919153698088835e-10,6.705263507056597e-11,8.918522469130577e-10,1.068997793325567e-09,2.7007359150454416e-09,0.019659802686860853,7.453629996234667e-05
heydemann,"grid:n_x_noise:samples_per_fit=100,noise_std=0.02",50,0,0,0.0,0.0,0.0,,9.601097728159502e-10,9.604746929716088e-10,6.132313555262569e-11,8.652274489350953e-10,1.0327192962208915e-09,2.6178049300798345e-09,0.019066206124641938,3.573995996703161e-05
kasa,"grid:n_x_noise:samples_per_fit=100,noise_std=0.02",50,0,0,0.0,0.0,0.0,,3.727123158126837e-09,3.72751094032726e-09,1.0145046310073292e-10,3.5581139902291096e-09,3.87504491938988e-09,7.82195289602792e-09,0.07401455583183099,2.1709760021622058e-05
koning_wimmer_witkovsky,"grid:n_x_noise:samples_per_fit=100,noise_std=0.02",50,0,0,0.0,0.0,0.0,1.0,9.913236377848198e-10,9.946306435823086e-10,6.817762680987499e-11,8.899168654144993e-10,1.0822891035640017e-09,2.707608247687353e-09,0.019686062312229448,0.00028452598009607753
raw_atan2,"grid:n_x_noise:samples_per_fit=100,noise_std=0.02",50,0,0,0.0,0.0,0.0,,3.8421804511445295e-09,3.833297499489722e-09,9.888500978537263e-11,3.6888799589923493e-09,3.979180356422218e-09,8.108064879760933e-09,0.07629940505108704,4.867359948548256e-06
taubin,"grid:n_x_noise:samples_per_fit=100,noise_std=0.02",50,0,0,0.0,0.0,0.0,,3.727364974746319e-09,3.727731506875913e-09,1.0139506832719255e-10,3.5582153541984775e-09,3.8753032611004866e-09,7.824315428740714e-09,0.0740193579134699,8.448121991023072e-05
fitzgibbon,"grid:n_x_noise:samples_per_fit=100,noise_std=0.03",50,0,0,0.0,0.0,0.0,,1.477214896080678e-09,1.488755221618526e-09,8.687903329849564e-11,1.3366970088356817e-09,1.6198830664434017e-09,4.068033231332198e-09,0.029335066152341764,0.00010891358000662876
halir_flusser,"grid:n_x_noise:samples_per_fit=100,noise_std=0.03",50,0,0,0.0,0.0,0.0,,1.4772148960806814e-09,1.4887552216185504e-09,8.687903329848442e-11,1.3366970088357473e-09,1.6198830664434632e-09,4.0680332313321535e-09,0.029335066152341837,8.211411994125229e-05
heydemann,"grid:n_x_noise:samples_per_fit=100,noise_std=0.03",50,0,0,0.0,0.0,0.0,,1.4257822122885324e-09,1.4304732577137786e-09,8.439682962481853e-11,1.2970611609564157e-09,1.5601804116260277e-09,3.942166473660879e-09,0.028313697368803133,3.631355999459629e-05
kasa,"grid:n_x_noise:samples_per_fit=100,noise_std=0.03",50,0,0,0.0,0.0,0.0,,3.9226349059007575e-09,3.91329209668884e-09,1.457884019355182e-10,3.6857364838141684e-09,4.144204369688431e-09,8.728753833692424e-09,0.07789709862890462,2.3203799919429003e-05
koning_wimmer_witkovsky,"grid:n_x_noise:samples_per_fit=100,noise_std=0.03",50,0,0,0.0,0.0,0.0,1.0,1.4933774508073629e-09,1.4980774426671041e-09,9.271330673196798e-11,1.3432090854768385e-09,1.6671817101485804e-09,4.098099861886866e-09,0.02965602799300293,0.000318795860021055
raw_atan2,"grid:n_x_noise:samples_per_fit=100,noise_std=0.03",50,0,0,0.0,0.0,0.0,,4.030518108243956e-09,4.033819322595931e-09,1.4876220852456777e-10,3.817155591185097e-09,4.280591971602503e-09,8.887388556746051e-09,0.08003948216826703,3.899260009347927e-06
taubin,"grid:n_x_noise:samples_per_fit=100,noise_std=0.03",50,0,0,0.0,0.0,0.0,,3.923167314773914e-09,3.913857605517209e-09,1.4585689244371621e-10,3.6858953352377576e-09,4.144377055717483e-09,8.732320212527589e-09,0.07790767139631682,8.592685995608917e-05
fitzgibbon,"grid:n_x_noise:samples_per_fit=100,noise_std=0.04",50,0,0,0.0,0.0,0.0,,2.0189573094108514e-09,2.0313951929173876e-09,1.257871706586526e-10,1.8272381803644158e-09,2.2198511578397096e-09,5.455361490640526e-09,0.04009318237140673,0.00011205198004972772
halir_flusser,"grid:n_x_noise:samples_per_fit=100,noise_std=0.04",50,0,0,0.0,0.0,0.0,,2.018957309410853e-09,2.031395192917453e-09,1.2578717065865166e-10,1.8272381803644228e-09,2.219851157839775e-09,5.455361490640439e-09,0.040093182371406764,8.045262005907716e-05
heydemann,"grid:n_x_noise:samples_per_fit=100,noise_std=0.04",50,0,0,0.0,0.0,0.0,,1.949369204098292e-09,1.937823432232329e-09,1.126739227004066e-10,1.791532302077824e-09,2.1269761741759855e-09,5.346093144467887e-09,0.038711276679705295,3.6164879948046294e-05
kasa,"grid:n_x_noise:samples_per_fit=100,noise_std=0.04",50,0,0,0.0,0.0,0.0,,4.0996579127312605e-09,4.097071069802837e-09,1.8622926046485488e-10,3.832544434261169e-09,4.4444371272985355e-09,9.694445308232036e-09,0.08141248534050438,2.1675499847333414e-05
koning_wimmer_witkovsky,"grid:n_x_noise:samples_per_fit=100,noise_std=0.04",50,0,0,0.0,0.0,0.0,1.0,2.03035689369497e-09,1.9939450344347325e-09,1.4245699659789826e-10,1.8332749624032564e-09,2.2811546205908903e-09,5.466532949250859e-09,0.04031955942729146,0.0003506465200916864
raw_atan2,"grid:n_x_noise:samples_per_fit=100,noise_std=0.04",50,0,0,0.0,0.0,0.0,,4.2005183609884726e-09,4.183034592195749e-09,1.8530535821338533e-10,3.968531343708473e-09,4.536442945153481e-09,9.870338926105257e-09,0.08341540849652607,3.662060044007376e-06
taubin,"grid:n_x_noise:samples_per_fit=100,noise_std=0.04",50,0,0,0.0,0.0,0.0,,4.100851190750242e-09,4.0990269200529784e-09,1.861692036871209e-10,3.833654581082748e-09,4.444770383629546e-09,9.697859788067938e-09,0.08143618188575168,8.677541993165505e-05
fitzgibbon,"grid:n_x_noise:samples_per_fit=100,noise_std=0.05",50,0,0,0.0,0.0,0.0,,2.508658853441865e-09,2.5216404215119424e-09,1.5386432136530765e-10,2.244667610858082e-09,2.768904080915972e-09,7.002877590444783e-09,0.04981785223979744,0.00010668758000974777
halir_flusser,"grid:n_x_noise:samples_per_fit=100,noise_std=0.05",50,0,0,0.0,0.0,0.0,,2.5086588534418724e-09,2.5216404215119714e-09,1.5386432136529286e-10,2.2446676108581583e-09,2.7689040809159753e-09,7.002877590444764e-09,0.04981785223979762,7.758373994875001e-05
heydemann,"grid:n_x_noise:samples_per_fit=100,noise_std=0.05",50,0,0,0.0,0.0,0.0,,2.437467042653552e-09,2.4446970551834263e-09,1.489746034650993e-10,2.2039428309580465e-09,2.689687681168891e-09,6.769416665512679e-09,0.048404099586394675,3.7471379928319946e-05
kasa,"grid:n_x_noise:samples_per_fit=100,noise_std=0.05",50,0,0,0.0,0.0,0.0,,4.327344528281892e-09,4.322955611654791e-09,1.7583042200517202e-10,4.0323788716762706e-09,4.609554041837267e-09,1.0948661474217247e-08,0.08593396826550177,2.2935419983696193e-05
koning_wimmer_witkovsky,"grid:n_x_noise:samples_per_fit=100,noise_std=0.05",50,0,0,0.0,0.0,0.0,1.0,2.5678399490967945e-09,2.5565376235440153e-09,1.7310253828971275e-10,2.3033675367910453e-09,2.8443452723146385e-09,7.091746024086606e-09,0.05099309178051122,0.000357507559874648
raw_atan2,"grid:n_x_noise:samples_per_fit=100,noise_std=0.05",50,0,0,0.0,0.0,0.0,,4.397432118616347e-09,4.390375549211978e-09,1.6857516104167273e-10,4.12497733852648e-09,4.62870741600148e-09,1.0925408787975821e-08,0.08732579291090341,3.63354001819971e-06
taubin,"grid:n_x_noise:samples_per_fit=100,noise_std=0.05",50,0,0,0.0,0.0,0.0,,4.329519875651693e-09,4.325483959123361e-09,1.7594781217426971e-10,4.034913253447332e-09,4.613761726895031e-09,1.0954743775663399e-08,0.08597716709809325,8.443319999059895e-05
fitzgibbon,"grid:n_x_noise:samples_per_fit=100,noise_std=0.06",50,0,0,0.0,0.0,0.0,,3.0144971414042325e-09,3.008979171383416e-09,2.475265525710318e-10,2.605721926951014e-09,3.4186913954767274e-09,8.461805158782292e-09,0.05986297138876719,0.00010462884003572981
halir_flusser,"grid:n_x_noise:samples_per_fit=100,noise_std=0.06",50,0,0,0.0,0.0,0.0,,3.014497141404232e-09,3.0089791713834293e-09,2.4752655257102283e-10,2.605721926951059e-09,3.4186913954767807e-09,8.461805158782289e-09,0.05986297138876719,8.129652003844967e-05
heydemann,"grid:n_x_noise:samples_per_fit=100,noise_std=0.06",50,0,0,0.0,0.0,0.0,,2.9113357099384273e-09,2.9150267436891664e-09,2.252253586951945e-10,2.5181268730008117e-09,3.3042213771747534e-09,8.07737695151201e-09,0.057814354478357706,3.6280459989939115e-05
kasa,"grid:n_x_noise:samples_per_fit=100,noise_std=0.06",50,0,0,0.0,0.0,0.0,,4.677217525364833e-09,4.678827508665337e-09,2.65005529437953e-10,4.266601771955715e-09,5.100272219031701e-09,1.205268831158678e-08,0.09288187242052837,2.290219998030807e-05
koning_wimmer_witkovsky,"grid:n_x_noise:samples_per_fit=100,noise_std=0.06",50,0,0,0.0,0.0,0.0,1.0,3.1025925220488707e-09,3.0645709562490796e-09,2.955018732943312e-10,2.632654617227842e-09,3.517533126112358e-09,8.671652652854626e-09,0.06161240122851682,0.0003725573600786447
raw_atan2,"grid:n_x_noise:samples_per_fit=100,noise_std=0.06",50,0,0,0.0,0.0,0.0,,4.752314761673915e-09,4.766147444921945e-09,2.7042892451878477e-10,4.309743935304368e-09,5.113538284713082e-09,1.2136624160126127e-08,0.09437318042238373,3.684980019897921e-06
taubin,"grid:n_x_noise:samples_per_fit=100,noise_std=0.06",50,0,0,0.0,0.0,0.0,,4.681546774567822e-09,4.680719516142505e-09,2.656472252580553e-10,4.272705687633702e-09,5.112333371689339e-09,1.206327352664396e-08,0.09296784421251114,8.277219998490182e-05
fitzgibbon,"grid:n_x_noise:samples_per_fit=100,noise_std=0.08",50,0,0,0.0,0.0,0.0,,4.000853838516953e-09,3.980213343321485e-09,3.217122917253609e-10,3.4592243600327133e-09,4.546796025535193e-09,1.1316385578390501e-08,0.0794503984018419,0.00011221988002944271
halir_flusser,"grid:n_x_noise:samples_per_fit=100,noise_std=0.08",50,0,0,0.0,0.0,0.0,,4.000853838516954e-09,3.9802133433215366e-09,3.217122917253574e-10,3.4592243600327087e-09,4.5467960255352264e-09,1.1316385578390498e-08,0.0794503984018419,7.541461998698651e-05
heydemann,"grid:n_x_noise:samples_per_fit=100,noise_std=0.08",50,0,0,0.0,0.0,0.0,,3.8560077238812245e-09,3.848609184450633e-09,3.396074919958838e-10,3.3415880841837277e-09,4.433642360177521e-09,1.0709390184229562e-08,0.07657399201978986,3.5384539987717286e-05
kasa,"grid:n_x_noise:samples_per_fit=100,noise_std=0.08",50,0,0,0.0,0.0,0.0,,5.305629053077702e-09,5.359872061425312e-09,3.439144883226851e-10,4.730045972669651e-09,5.797643100486843e-09,1.4008240792472679e-08,0.10536109516954158,2.214547999756178e-05
koning_wimmer_witkovsky,"grid:n_x_noise:samples_per_fit=100,noise_std=0.08",50,0,0,0.0,0.0,0.0,1.0,4.194378409563852e-09,4.271430315032416e-09,3.6964164046278345e-10,3.5530647857252156e-09,4.6982951198704755e-09,1.1553050307347488e-08,0.08329347912681062,0.0004308340599345684
raw_atan2,"grid:n_x_noise:samples_per_fit=100,noise_std=0.08",50,0,0,0.0,0.0,0.0,,5.3442206524787995e-09,5.415375318494064e-09,3.431550738505585e-10,4.792761887242218e-09,5.888683434055164e-09,1.3857406063315258e-08,0.1061274610682064,3.6664399340224917e-06
taubin,"grid:n_x_noise:samples_per_fit=100,noise_std=0.08",50,0,0,0.0,0.0,0.0,,5.313900203714091e-09,5.366578830238109e-09,3.451071798695754e-10,4.735396644547496e-09,5.808385779642337e-09,1.4020487277953195e-08,0.10552534666180462,8.398062003834638e-05
fitzgibbon,"grid:n_x_noise:samples_per_fit=100,noise_std=0.1",50,0,0,0.0,0.0,0.0,,4.981936801608641e-09,4.946158328780119e-09,3.9107662295335144e-10,4.364672692252042e-09,5.562287260891745e-09,1.3817805323398604e-08,0.09893309770279607,0.00011460944000646123
halir_flusser,"grid:n_x_noise:samples_per_fit=100,noise_std=0.1",50,0,0,0.0,0.0,0.0,,4.981936801608645e-09,4.9461583287801315e-09,3.910766229533521e-10,4.364672692252045e-09,5.5622872608917404e-09,1.3817805323398666e-08,0.09893309770279615,7.51054799548001e-05
heydemann,"grid:n_x_noise:samples_per_fit=100,noise_std=0.1",50,0,0,0.0,0.0,0.0,,4.836438502330944e-09,4.843664158969408e-09,3.819050466368753e-10,4.2994387629717515e-09,5.41634163435726e-09,1.344362245669642e-08,0.09604374000291856,3.557871992597938e-05
kasa,"grid:n_x_noise:samples_per_fit=100,noise_std=0.1",50,0,0,0.0,0.0,0.0,,6.146813027005381e-09,6.218234026522408e-09,4.448238945165275e-10,5.3606434160445656e-09,6.763469190068933e-09,1.6791527137074012e-08,0.12206562989020316,2.2222560019145022e-05
koning_wimmer_witkovsky,"grid:n_x_noise:samples_per_fit=100,noise_std=0.1",50,0,0,0.0,0.0,0.0,1.0,5.338913370215222e-09,5.37094986295866e-09,5.311783395772021e-10,4.530211064089087e-09,6.208907812577967e-09,1.4331799377841584e-08,0.1060220671429865,0.000488736040006188
raw_atan2,"grid:n_x_noise:samples_per_fit=100,noise_std=0.1",50,0,0,0.0,0.0,0.0,,6.173216952198327e-09,6.237117804900766e-09,4.5213284668823554e-10,5.402801565794141e-09,6.815751040198267e-09,1.6794779017813988e-08,0.12258996855905335,3.8009999661881012e-06
taubin,"grid:n_x_noise:samples_per_fit=100,noise_std=0.1",50,0,0,0.0,0.0,0.0,,6.1626285924501466e-09,6.228772612793481e-09,4.462108691508766e-10,5.366627668925375e-09,6.772851767916029e-09,1.6823007916604816e-08,0.12237970109256507,8.99572400157922e-05
fitzgibbon,"grid:n_x_noise:samples_per_fit=1000,noise_std=0.0",50,0,0,0.0,0.0,0.0,,1.709747224949741e-11,1.7137800866358702e-11,3.222768638284603e-13,1.6595082820277155e-11,1.764050953610841e-11,6.794951416072126e-11,0.00033952776999985094,0.00012898872004370786
halir_flusser,"grid:n_x_noise:samples_per_fit=1000,noise_std=0.0",50,0,0,0.0,0.0,0.0,,1.7097472249499217e-11,1.7137800866372e-11,3.2227686382852267e-13,1.6595082820272647e-11,1.7640509536108053e-11,6.794951416070919e-11,0.00033952776999988677,9.684026004833867e-05
heydemann,"grid:n_x_noise:samples_per_fit=1000,noise_std=0.0",50,0,0,0.0,0.0,0.0,,1.7039794172998493e-11,1.7085791870934728e-11,3.25935211100926e-13,1.6499040351063723e-11,1.7591905920144787e-11,6.766835422669145e-11,0.0003383823779555893,5.407776010542875e-05
kasa,"grid:n_x_noise:samples_per_fit=1000,noise_std=0.0",50,0,0,0.0,0.0,0.0,,3.607802363642916e-09,3.6077904899498897e-09,5.749157776446987e-13,3.6068282098575704e-09,3.6087923743457914e-09,6.150892308724514e-09,0.07164504046286015,4.199875993435853e-05
koning_wimmer_witkovsky,"grid:n_x_noise:samples_per_fit=1000,noise_std=0.0",50,0,0,0.0,0.0,0.0,1.0,1.7096580739885384e-11,1.7141995427801967e-11,3.22391842753476e-13,1.6597720523770126e-11,1.764345658729481e-11,6.794228690567769e-11,0.00033951006608045936,0.01687584483996034
raw_atan2,"grid:n_x_noise:samples_per_fit=1000,noise_std=0.0",50,0,0,0.0,0.0,0.0,,3.727848644006744e-09,3.7278475833228045e-09,5.919841277923014e-13,3.7269140613952814e-09,3.728816727426205e-09,6.689815522079363e-09,0.07402896279207495,1.0497720086277696e-05
taubin,"grid:n_x_noise:samples_per_fit=1000,noise_std=0.0",50,0,0,0.0,0.0,0.0,,3.60780237146105e-09,3.6077904988099536e-09,5.749152951318301e-13,3.6068282169058966e-09,3.6087923768207034e-09,6.150889888299204e-09,0.07164504061811547,0.00010145159998501186
fitzgibbon,"grid:n_x_noise:samples_per_fit=1000,noise_std=0.005",50,0,0,0.0,0.0,0.0,,2.416335754143323e-10,2.418016862240533e-10,4.223940819960726e-12,2.3529538422706953e-10,2.480289441735777e-10,8.325099305153258e-10,0.0047984466838325015,0.00013315221996890614
halir_flusser,"grid:n_x_noise:samples_per_fit=1000,noise_std=0.005",50,0,0,0.0,0.0,0.0,,2.4163357541432833e-10,2.4180168622404863e-10,4.223940819959444e-12,2.3529538422710153e-10,2.4802894417359536e-10,8.325099305153168e-10,0.004798446683832422,0.00010493388008399051
heydemann,"grid:n_x_noise:samples_per_fit=1000,noise_std=0.005",50,0,0,0.0,0.0,0.0,,2.4078731819723994e-10,2.409318003140821e-10,4.235715578823988e-12,2.347359717125665e-10,2.468776560216692e-10,8.303547610277761e-10,0.00478164140281945,4.951864002578077e-05
kasa,"grid:n_x_noise:samples_per_fit=1000,noise_std=0.005",50,0,0,0.0,0.0,0.0,,3.6166744358866447e-09,3.6158637981750414e-09,6.435318996673644e-12,3.60654375426044e-09,3.6284024718715094e-09,6.6937845231134415e-09,0.07182122527311942,4.092246012078249e-05
koning_wimmer_witkovsky,"grid:n_x_noise:samples_per_fit=1000,noise_std=0.005",50,0,0,0.0,0.0,0.0,1.0,2.416345340894856e-10,2.417731993384474e-10,4.232470539749402e-12,2.355007426561261e-10,2.482282420895502e-10,8.335827227439244e-10,0.004798465721549434,0.019653203639954882
raw_atan2,"grid:n_x_noise:samples_per_fit=1000,noise_std=0.005",50,0,0,0.0,0.0,0.0,,3.736534303354284e-09,3.736458293325964e-09,6.590252174185144e-12,3.728060796215768e-09,3.749672033685939e-09,7.197966295708675e-09,0.07420144574781336,1.0649539981386623e-05
taubin,"grid:n_x_noise:samples_per_fit=1000,noise_std=0.005",50,0,0,0.0,0.0,0.0,,3.616675464727058e-09,3.6158652437806804e-09,6.435344290497157e-12,3.606545668547799e-09,3.6284026765185882e-09,6.693848098912783e-09,0.0718212457042034,0.00010017141999924206
fitzgibbon,"grid:n_x_noise:samples_per_fit=1000,noise_std=0.01",50,0,0,0.0,0.0,0.0,,4.838943232051087e-10,4.830868579503208e-10,9.124733493637684e-12,4.697126320725956e-10,5.004736961696851e-10,1.6511479657379187e-09,0.009609347982901228,0.00014710662006109487
halir_flusser,"grid:n_x_noise:samples_per_fit=1000,noise_std=0.01",50,0,0,0.0,0.0,0.0,,4.838943232051111e-10,4.830868579503194e-10,9.124733493643318e-12,4.697126320725753e-10,5.004736961697412e-10,1.6511479657378922e-09,0.009609347982901275,0.00010852132003492442
heydemann,"grid:n_x_noise:samples_per_fit=1000,noise_std=0.01",50,0,0,0.0,0.0,0.0,,4.822839089508808e-10,4.815274291398099e-10,8.874389741049216e-12,4.68851377431346e-10,4.969854245828002e-10,1.6482765420592563e-09,0.009577367795857498,6.139523997262585e-05
kasa,"grid:n_x_noise:samples_per_fit=1000,noise_std=0.01",50,0,0,0.0,0.0,0.0,,3.6375650717127077e-09,3.6374720450851075e-09,1.0253303055372041e-11,3.620026580816912e-09,3.654879485373837e-09,7.29479224893327e-09,0.0722360790533974,4.381365995868691e-05
koning_wimmer_witkovsky,"grid:n_x_noise:samples_per_fit=1000,noise_std=0.01",50,0,0,0.0,0.0,0.0,1.0,4.841883626240318e-10,4.83101484274831e-10,9.294325643306986e-12,4.704241442104228e-10,5.024082509731726e-10,1.6481539633868358e-09,0.009615187123725215,0.021941113239936385
raw_atan2,"grid:n_x_noise:samples_per_fit=1000,noise_std=0.01",50,0,0,0.0,0.0,0.0,,3.756793256338627e-09,3.756397841152692e-09,1.0526458811979712e-11,3.737990364977489e-09,3.773088607496521e-09,7.709124279813434e-09,0.07460375534240901,1.1583439954847563e-05
taubin,"grid:n_x_noise:samples_per_fit=1000,noise_std=0.01",50,0,0,0.0,0.0,0.0,,3.637570493264188e-09,3.637479089325801e-09,1.0252619621535609e-11,3.620036864582857e-09,3.654881867548566e-09,7.2948595654705986e-09,0.07223618671652193,0.00011215884003831889
fitzgibbon,"grid:n_x_noise:samples_per_fit=1000,noise_std=0.02",50,0,0,0.0,0.0,0.0,,9.69603018685724e-10,9.715456621829066e-10,2.313135697151649e-11,9.441278471215532e-10,1.0066594767119758e-09,3.32193785093625e-09,0.019254726424788607,0.0001374712400502176
halir_flusser,"grid:n_x_noise:samples_per_fit=1000,noise_std=0.02",50,0,0,0.0,0.0,0.0,,9.696030186857248e-10,9.715456621829074e-10,2.3131356971512853e-11,9.441278471215627e-10,1.0066594767119605e-09,3.3219378509362675e-09,0.019254726424788614,0.00010824216002220055
heydemann,"grid:n_x_noise:samples_per_fit=1000,noise_std=0.02",50,0,0,0.0,0.0,0.0,,9.656249368542025e-10,9.673727070931844e-10,2.3044981287076377e-11,9.40705137381752e-10,1.0022931180089348e-09,3.3053257523535155e-09,0.01917572824111423,5.0330499998381126e-05
kasa,"grid:n_x_noise:samples_per_fit=1000,noise_std=0.02",50,0,0,0.0,0.0,0.0,,3.724277328505554e-09,3.7252095254578855e-09,2.8152246361004737e-11,3.6784244195321384e-09,3.76372607156106e-09,8.544096043476586e-09,0.07395804232088539,4.0496079927834215e-05
koning_wimmer_witkovsky,"grid:n_x_noise:samples_per_fit=1000,noise_std=0.02",50,0,0,0.0,0.0,0.0,1.0,9.725834389372594e-10,9.747443358013538e-10,2.3819700798596607e-11,9.450366867833812e-10,1.0104036657875264e-09,3.3170122511467687e-09,0.019313912685008795,0.02387666091999563
raw_atan2,"grid:n_x_noise:samples_per_fit=1000,noise_std=0.02",50,0,0,0.0,0.0,0.0,,3.841166687981917e-09,3.838466757262505e-09,2.9281271185614604e-11,3.798231624867576e-09,3.8857462784654945e-09,8.889395084956656e-09,0.07627927337659815,1.1450580132077448e-05
taubin,"grid:n_x_noise:samples_per_fit=1000,noise_std=0.02",50,0,0,0.0,0.0,0.0,,3.7243067232989954e-09,3.7252494522262246e-09,2.8147846037528255e-11,3.6784788551939208e-09,3.763758034436607e-09,8.544244023431924e-09,0.07395862605329456,9.739119990626932e-05
fitzgibbon,"grid:n_x_noise:samples_per_fit=1000,noise_std=0.03",50,0,0,0.0,0.0,0.0,,1.457328347793985e-09,1.4642169700481432e-09,3.599510162144571e-11,1.3856609006893022e-09,1.511097366655921e-09,5.066719657110082e-09,0.02894015190453688,0.00013988332002554671
halir_flusser,"grid:n_x_noise:samples_per_fit=1000,noise_std=0.03",50,0,0,0.0,0.0,0.0,,1.4573283477939842e-09,1.464216970048129e-09,3.5995101621445195e-11,1.3856609006893006e-09,1.5110973666559178e-09,5.066719657110118e-09,0.028940151904536866,0.00011023666003893595
heydemann,"grid:n_x_noise:samples_per_fit=1000,noise_std=0.03",50,0,0,0.0,0.0,0.0,,1.4514241171492867e-09,1.4516765384290173e-09,3.635027471572622e-11,1.3792744458635844e-09,1.5069490812120223e-09,5.033341407599868e-09,0.028822903563079972,5.161159995623166e-05
kasa,"grid:n_x_noise:samples_per_fit=1000,noise_std=0.03",50,0,0,0.0,0.0,0.0,,3.879730292921866e-09,3.87669604519937e-09,4.25279877719321e-11,3.819188921183764e-09,3.952258561647633e-09,9.976092870365976e-09,0.07704508335115746,4.3069559960713374e-05
koning_wimmer_witkovsky,"grid:n_x_noise:samples_per_fit=1000,noise_std=0.03",50,0,0,0.0,0.0,0.0,1.0,1.465222780234166e-09,1.4657588705712934e-09,3.9599620050459224e-11,1.3864947650403239e-09,1.5193265016002738e-09,5.084374905339172e-09,0.029096922390999168,0.028533779040026276
raw_atan2,"grid:n_x_noise:samples_per_fit=1000,noise_std=0.03",50,0,0,0.0,0.0,0.0,,3.988727323316832e-09,3.987113540891236e-09,4.127155511356232e-11,3.930609631986103e-09,4.060463947848644e-09,1.0237561261791675e-08,0.07920958568966524,1.1580699974729213e-05
taubin,"grid:n_x_noise:samples_per_fit=1000,noise_std=0.03",50,0,0,0.0,0.0,0.0,,3.879801713112258e-09,3.876699189722318e-09,4.253185419295974e-11,3.8192158676341575e-09,3.952335537683474e-09,9.976818537300802e-09,0.0770465016390554,0.00010410069993668004
fitzgibbon,"grid:n_x_noise:samples_per_fit=1000,noise_std=0.04",50,0,0,0.0,0.0,0.0,,1.94040391364859e-09,1.9383109191052975e-09,4.7277345815658784e-11,1.8743744844816618e-09,2.00968251852191e-09,6.6677038526676505e-09,0.03853324070869338,0.0001329551999515388
halir_flusser,"grid:n_x_noise:samples_per_fit=1000,noise_std=0.04",50,0,0,0.0,0.0,0.0,,1.940403913648595e-09,1.9383109191052967e-09,4.727734581565531e-11,1.874374484481668e-09,2.0096825185219057e-09,6.667703852667719e-09,0.03853324070869348,0.00010557845991570502
heydemann,"grid:n_x_noise:samples_per_fit=1000,noise_std=0.04",50,0,0,0.0,0.0,0.0,,1.9332950385378877e-09,1.9274617394895905e-09,4.7644248958416383e-11,1.8659944848936743e-09,2.004018617333207e-09,6.656048324533433e-09,0.03839207010298498,4.972963999534841e-05
kasa,"grid:n_x_noise:samples_per_fit=1000,noise_std=0.04",50,0,0,0.0,0.0,0.0,,4.0797035296373575e-09,4.071656863151115e-09,5.20898066387353e-11,4.003051585132972e-09,4.157277994497525e-09,1.1296864487537811e-08,0.08101622400463382,4.074544003742631e-05
koning_wimmer_witkovsky,"grid:n_x_noise:samples_per_fit=1000,noise_std=0.04",50,0,0,0.0,0.0,0.0,1.0,1.964343083030736e-09,1.9609359813545905e-09,4.9966489900744995e-11,1.8967487920886495e-09,2.037363444314742e-09,6.745208754952738e-09,0.039008633367757804,0.029805918660003955
raw_atan2,"grid:n_x_noise:samples_per_fit=1000,noise_std=0.04",50,0,0,0.0,0.0,0.0,,4.183549894772722e-09,4.1762012436423735e-09,5.18310588110398e-11,4.106688478726356e-09,4.274097660711155e-09,1.153537690398837e-08,0.08307844257486938,1.1420839891798096e-05
taubin,"grid:n_x_noise:samples_per_fit=1000,noise_std=0.04",50,0,0,0.0,0.0,0.0,,4.079844603175136e-09,4.071709505112218e-09,5.20785316524681e-11,4.003186895867997e-09,4.157455659088476e-09,1.1297773541746203e-08,0.08101902549382409,0.00011429988000600134
fitzgibbon,"grid:n_x_noise:samples_per_fit=1000,noise_std=0.05",50,0,0,0.0,0.0,0.0,,2.4317124733953073e-09,2.423884493473044e-09,5.640592009992154e-11,2.344873429023031e-09,2.5085689924475253e-09,8.349689940054864e-09,0.04828982327472416,0.0001381516800393001
halir_flusser,"grid:n_x_noise:samples_per_fit=1000,noise_std=0.05",50,0,0,0.0,0.0,0.0,,2.431712473395306e-09,2.4238844934730332e-09,5.640592009991979e-11,2.344873429023034e-09,2.5085689924475232e-09,8.349689940054849e-09,0.04828982327472414,0.00010319398006686242
heydemann,"grid:n_x_noise:samples_per_fit=1000,noise_std=0.05",50,0,0,0.0,0.0,0.0,,2.4247978712507082e-09,2.4173472904789134e-09,5.677947291250969e-11,2.3412267051527425e-09,2.5024552675941484e-09,8.341456225387829e-09,0.04815251061163965,5.123590004586731e-05
kasa,"grid:n_x_noise:samples_per_fit=1000,noise_std=0.05",50,0,0,0.0,0.0,0.0,,4.3423169987015335e-09,4.333005557163617e-09,6.257707167654777e-11,4.247758424754688e-09,4.444991435240778e-09,1.269480912107278e-08,0.08623129698279908,4.034499996123486e-05
koning_wimmer_witkovsky,"grid:n_x_noise:samples_per_fit=1000,noise_std=0.05",50,0,0,0.0,0.0,0.0,1.0,2.475165523590612e-09,2.470848133401858e-09,5.9285043759064e-11,2.3950268862416686e-09,2.569051961697096e-09,8.469605006799558e-09,0.04915272961650443,0.031698176659992895
raw_atan2,"grid:n_x_noise:samples_per_fit=1000,noise_std=0.05",50,0,0,0.0,0.0,0.0,,4.442157487130701e-09,4.438339795116929e-09,6.411683186966832e-11,4.344661594759316e-09,4.5455968202963424e-09,1.278021847414828e-08,0.08821396540871496,1.1869240006490145e-05
taubin,"grid:n_x_noise:samples_per_fit=1000,noise_std=0.05",50,0,0,0.0,0.0,0.0,,4.342495376490978e-09,4.333168552512187e-09,6.261598474518849e-11,4.248086196837111e-09,4.4452551515303095e-09,1.2695450184640783e-08,0.08623483927327243,0.00010926154001936084
fitzgibbon,"grid:n_x_noise:samples_per_fit=1000,noise_std=0.06",50,0,0,0.0,0.0,0.0,,2.9097060674499907e-09,2.910861909612059e-09,6.166531246268271e-11,2.8171741150946674e-09,3.0043635547381605e-09,9.982403116123008e-09,0.05778199245010454,0.00016690114000084578
halir_flusser,"grid:n_x_noise:samples_per_fit=1000,noise_std=0.06",50,0,0,0.0,0.0,0.0,,2.909706067449992e-09,2.910861909612059e-09,6.16653124626853e-11,2.8171741150946707e-09,3.0043635547381423e-09,9.982403116122978e-09,0.05778199245010456,0.00010003801995480898
heydemann,"grid:n_x_noise:samples_per_fit=1000,noise_std=0.06",50,0,0,0.0,0.0,0.0,,2.898602532140015e-09,2.9041673314691e-09,6.148874543015339e-11,2.8050942633475423e-09,2.994491056886474e-09,9.966413367544034e-09,0.05756149444151608,5.1151499937986956e-05
kasa,"grid:n_x_noise:samples_per_fit=1000,noise_std=0.06",50,0,0,0.0,0.0,0.0,,4.6077653932403945e-09,4.610342476524474e-09,6.94061029029122e-11,4.488652509535041e-09,4.712822588752108e-09,1.4011128670446164e-08,0.09150266693343431,4.041515996505041e-05
koning_wimmer_witkovsky,"grid:n_x_noise:samples_per_fit=1000,noise_std=0.06",50,0,0,0.0,0.0,0.0,1.0,2.9835619576145857e-09,2.9810531816299377e-09,6.846566301601438e-11,2.8884352788594487e-09,3.112381388985202e-09,1.0128114250075193e-08,0.05924864935254087,0.03585770910000065
raw_atan2,"grid:n_x_noise:samples_per_fit=1000,noise_std=0.06",50,0,0,0.0,0.0,0.0,,4.699991766203722e-09,4.7023354098373305e-09,7.005871637440969e-11,4.582145737330941e-09,4.810024830473625e-09,1.4113906768929096e-08,0.09333413150845846,1.2868419980804902e-05
taubin,"grid:n_x_noise:samples_per_fit=1000,noise_std=0.06",50,0,0,0.0,0.0,0.0,,4.608135338788597e-09,4.610364781751218e-09,6.941546322026146e-11,4.489520655773078e-09,4.712840829995639e-09,1.4012090200758532e-08,0.09151001344554847,0.00010161088001041207
fitzgibbon,"grid:n_x_noise:samples_per_fit=1000,noise_std=0.08",50,0,0,0.0,0.0,0.0,,3.888376018058135e-09,3.902888052488373e-09,9.326129293247323e-11,3.725150550043365e-09,4.048923769924903e-09,1.3736933564415985e-08,0.07721677327892648,0.0001311052800156176
halir_flusser,"grid:n_x_noise:samples_per_fit=1000,noise_std=0.08",50,0,0,0.0,0.0,0.0,,3.888376018058141e-09,3.902888052488391e-09,9.326129293247629e-11,3.7251505500433714e-09,4.0489237699249215e-09,1.3736933564415958e-08,0.07721677327892658,0.00010309682005754439
heydemann,"grid:n_x_noise:samples_per_fit=1000,noise_std=0.08",50,0,0,0.0,0.0,0.0,,3.874269747747245e-09,3.8819611714478615e-09,9.201400788418873e-11,3.7122772446764296e-09,4.031243995189394e-09,1.3703020676408205e-08,0.07693664587577705,5.445803995826281e-05
kasa,"grid:n_x_noise:samples_per_fit=1000,noise_std=0.08",50,0,0,0.0,0.0,0.0,,5.285111106597036e-09,5.271074252226699e-09,1.0868990777895378e-10,5.122434642304507e-09,5.483160273298585e-09,1.728834726095971e-08,0.10495364238869197,4.677469993112027e-05
koning_wimmer_witkovsky,"grid:n_x_noise:samples_per_fit=1000,noise_std=0.08",50,0,0,0.0,0.0,0.0,1.0,4.084678881124179e-09,4.082273185420049e-09,1.1362845199305114e-10,3.9228936069384015e-09,4.254326716202296e-09,1.436881502015145e-08,0.08111502632878062,0.04033316933993774
raw_atan2,"grid:n_x_noise:samples_per_fit=1000,noise_std=0.08",50,0,0,0.0,0.0,0.0,,5.360457760717906e-09,5.346031968624413e-09,1.0972568916645035e-10,5.195557276963939e-09,5.554778660524293e-09,1.734667811904223e-08,0.10644990341940436,1.1710600083461032e-05
taubin,"grid:n_x_noise:samples_per_fit=1000,noise_std=0.08",50,0,0,0.0,0.0,0.0,,5.285754891699512e-09,5.271199313153641e-09,1.0891629117961121e-10,5.1225395543204175e-09,5.485054568691726e-09,1.7290177805446834e-08,0.10496642690543301,0.00010020599997005775
fitzgibbon,"grid:n_x_noise:samples_per_fit=1000,noise_std=0.1",50,0,0,0.0,0.0,0.0,,4.881448243767243e-09,4.872067534398976e-09,1.1901030214246657e-10,4.7284604681933336e-09,5.066546403406104e-09,1.719679225233633e-08,0.09693755968077095,0.00012919838005473138
halir_flusser,"grid:n_x_noise:samples_per_fit=1000,noise_std=0.1",50,0,0,0.0,0.0,0.0,,4.881448243767239e-09,4.8720675343989805e-09,1.1901030214246598e-10,4.728460468193343e-09,5.066546403406146e-09,1.7196792252336265e-08,0.09693755968077092,0.00010749240007498884
heydemann,"grid:n_x_noise:samples_per_fit=1000,noise_std=0.1",50,0,0,0.0,0.0,0.0,,4.860518648047935e-09,4.859677479605928e-09,1.1312303854384229e-10,4.714596702350875e-09,5.047605830003209e-09,1.710416078736835e-08,0.09652193222088233,5.5152740023913794e-05
kasa,"grid:n_x_noise:samples_per_fit=1000,noise_std=0.1",50,0,0,0.0,0.0,0.0,,6.024290864962841e-09,5.994915539244415e-09,1.4030863864742205e-10,5.824157431930805e-09,6.244577823626509e-09,2.044471738709896e-08,0.1196325406097052,4.360537994216429e-05
koning_wimmer_witkovsky,"grid:n_x_noise:samples_per_fit=1000,noise_std=0.1",50,0,0,0.0,0.0,0.0,1.0,5.3070660361166845e-09,5.275945032410058e-09,1.5107011760709413e-10,5.092064392804586e-09,5.556913796036849e-09,1.8189627583406055e-08,0.10538963129696635,0.04803218404005747
raw_atan2,"grid:n_x_noise:samples_per_fit=1000,noise_std=0.1",50,0,0,0.0,0.0,0.0,,6.095749949026327e-09,6.07232434178379e-09,1.447136851184446e-10,5.888850428316653e-09,6.315533932759393e-09,2.055716136754465e-08,0.1210516008721964,1.3251180007500807e-05
taubin,"grid:n_x_noise:samples_per_fit=1000,noise_std=0.1",50,0,0,0.0,0.0,0.0,,6.025845871925881e-09,5.996112813777717e-09,1.406666781571855e-10,5.828357281406486e-09,6.246344686794971e-09,2.045066198452052e-08,0.1196634204987783,0.0001056360600341577
fitzgibbon,"grid:n_x_noise:samples_per_fit=20,noise_std=0.0",50,0,0,0.0,0.0,0.0,,1.8983433161588275e-11,1.8665659886382524e-11,3.834646027967926e-12,1.3142916296784477e-11,2.5247378732317493e-11,4.1982501860949876e-11,0.0003769798619491693,0.00016835741995237187
halir_flusser,"grid:n_x_noise:samples_per_fit=20,noise_std=0.0",50,0,0,0.0,0.0,0.0,,1.8983433161616348e-11,1.8665659886474754e-11,3.834646027977772e-12,1.3142916296733762e-11,2.5247378732343003e-11,4.198250186102188e-11,0.0003769798619497268,7.866484005717212e-05
heydemann,"grid:n_x_noise:samples_per_fit=20,noise_std=0.0",50,0,0,0.0,0.0,0.0,,1.6495047062701187e-11,1.5881730029067874e-11,3.120945233136148e-12,1.2181565422831913e-11,2.1403540125834595e-11,3.649366327315365e-11,0.0003275645933805306,3.36832399625564e-05
kasa,"grid:n_x_noise:samples_per_fit=20,noise_std=0.0",50,0,0,0.0,0.0,0.0,,3.607676989024752e-09,3.6074002688573008e-09,3.8612503831729925e-12,3.6023756236697566e-09,3.6137464565758596e-09,6.124605916384905e-09,0.07164255072847729,2.4913060060498536e-05
koning_wimmer_witkovsky,"grid:n_x_noise:samples_per_fit=20,noise_std=0.0",50,0,0,0.0,0.0,0.0,1.0,1.8962833913652596e-11,1.8872464074278766e-11,3.821083617606855e-12,1.3002169383783013e-11,2.5222164466438872e-11,4.1875965158225426e-11,0.00037657079465470533,0.00015017943995189852
raw_atan2,"grid:n_x_noise:samples_per_fit=20,noise_std=0.0",50,0,0,0.0,0.0,0.0,,3.7274079824771865e-09,3.7273636818197855e-09,3.725462753160194e-12,3.7223784294769807e-09,3.7332587685715655e-09,6.567621692922687e-09,0.07402021197649988,2.9399399863905275e-06
taubin,"grid:n_x_noise:samples_per_fit=20,noise_std=0.0",50,0,0,0.0,0.0,0.0,,3.6076772838320755e-09,3.6074004068165517e-09,3.861253480093694e-12,3.6023758544463738e-09,3.6137465667879676e-09,6.12466416886464e-09,0.07164255658286743,8.497458007695968e-05
fitzgibbon,"grid:n_x_noise:samples_per_fit=20,noise_std=0.005",50,0,0,0.0,0.0,0.0,,2.7580940117309934e-10,2.7279916388233437e-10,4.31001517405547e-11,2.1109241804538167e-10,3.429161965461449e-10,5.786469866118417e-10,0.005477122556993737,0.00010922459996436374
halir_flusser,"grid:n_x_noise:samples_per_fit=20,noise_std=0.005",50,0,0,0.0,0.0,0.0,,2.758094011731106e-10,2.727991638822759e-10,4.310015174055004e-11,2.1109241804538105e-10,3.429161965461718e-10,5.786469866119353e-10,0.005477122556993959,7.238011992740212e-05
heydemann,"grid:n_x_noise:samples_per_fit=20,noise_std=0.005",50,0,0,0.0,0.0,0.0,,2.3999189292049553e-10,2.3837217626549064e-10,3.259078107289006e-11,1.8404957058131128e-10,2.9578797100664414e-10,5.114983898187467e-10,0.004765845560809969,3.675780004414264e-05
kasa,"grid:n_x_noise:samples_per_fit=20,noise_std=0.005",50,0,0,0.0,0.0,0.0,,3.6190410463292866e-09,3.611041530974947e-09,5.319010752064173e-11,3.5263293766892306e-09,3.697146507726011e-09,6.283965581095834e-09,0.0718682222767889,2.0872799959761325e-05
koning_wimmer_witkovsky,"grid:n_x_noise:samples_per_fit=20,noise_std=0.005",50,0,0,0.0,0.0,0.0,1.0,2.7496299708839153e-10,2.6989349136675127e-10,4.3011822295217685e-11,2.1050001635870522e-10,3.436314722001889e-10,5.771817716331541e-10,0.00546031435943061,0.00016236420002314845
raw_atan2,"grid:n_x_noise:samples_per_fit=20,noise_std=0.005",50,0,0,0.0,0.0,0.0,,3.736656797953281e-09,3.733515198776365e-09,5.23050798851158e-11,3.643528145209242e-09,3.81205609562348e-09,6.628260540082522e-09,0.07420387828973697,2.9617200198117644e-06
taubin,"grid:n_x_noise:samples_per_fit=20,noise_std=0.005",50,0,0,0.0,0.0,0.0,,3.6191077357151546e-09,3.611230433047105e-09,5.3183780133158464e-11,3.5264990407566056e-09,3.697202627426478e-09,6.285085903981542e-09,0.07186954661866447,8.717762009837316e-05
fitzgibbon,"grid:n_x_noise:samples_per_fit=20,noise_std=0.01",50,0,0,0.0,0.0,0.0,,5.408042967955702e-10,5.391541158608572e-10,9.63977472315088e-11,3.8717993981871235e-10,7.026802637514107e-10,1.1715147453132355e-09,0.010739486762596444,0.00010722145994805032
halir_flusser,"grid:n_x_noise:samples_per_fit=20,noise_std=0.01",50,0,0,0.0,0.0,0.0,,5.408042967955663e-10,5.391541158608756e-10,9.639774723151814e-11,3.871799398187378e-10,7.026802637513573e-10,1.171514745313217e-09,0.01073948676259637,7.821596002031583e-05
heydemann,"grid:n_x_noise:samples_per_fit=20,noise_std=0.01",50,0,0,0.0,0.0,0.0,,4.503876787662747e-10,4.529369170077741e-10,7.550798677925659e-11,3.2446007551519653e-10,5.710528032516446e-10,9.698947130827335e-10,0.008943960953726224,3.3879519996844465e-05
kasa,"grid:n_x_noise:samples_per_fit=20,noise_std=0.01",50,0,0,0.0,0.0,0.0,,3.6471845266178023e-09,3.641257316177207e-09,9.753101381234276e-11,3.4929850589639094e-09,3.793856522635594e-09,6.4659240703276025e-09,0.07242710565808379,2.1323179953469663e-05
koning_wimmer_witkovsky,"grid:n_x_noise:samples_per_fit=20,noise_std=0.01",50,0,0,0.0,0.0,0.0,1.0,5.423819446247493e-10,5.451030980467783e-10,9.561305920247383e-11,3.9235489600962076e-10,7.025838640879732e-10,1.1766042784612855e-09,0.010770816262154606,0.00018809857992891922
raw_atan2,"grid:n_x_noise:samples_per_fit=20,noise_std=0.01",50,0,0,0.0,0.0,0.0,,3.762756832790408e-09,3.7648060117396164e-09,9.79239984008726e-11,3.5980745615186066e-09,3.905626381764487e-09,6.768372408951709e-09,0.07472218219430557,2.9797599927405825e-06
taubin,"grid:n_x_noise:samples_per_fit=20,noise_std=0.01",50,0,0,0.0,0.0,0.0,,3.6474444801787207e-09,3.641474895901326e-09,9.750343324799165e-11,3.493322186974748e-09,3.794102449796968e-09,6.468878462466701e-09,0.07243226790964673,9.408668003743514e-05
fitzgibbon,"grid:n_x_noise:samples_per_fit=20,noise_std=0.02",50,0,0,0.0,0.0,0.0,,1.1064875188295325e-09,1.1162852982044045e-09,1.89314014895819e-10,8.177321529530719e-10,1.4697429616969737e-09,2.355945510797161e-09,0.021973028194966226,0.00011594559995501186
halir_flusser,"grid:n_x_noise:samples_per_fit=20,noise_std=0.02",50,0,0,0.0,0.0,0.0,,1.106487518829514e-09,1.1162852982044132e-09,1.893140148957789e-10,8.177321529530806e-10,1.469742961696785e-09,2.355945510797109e-09,0.02197302819496586,7.372241991106421e-05
heydemann,"grid:n_x_noise:samples_per_fit=20,noise_std=0.02",50,0,0,0.0,0.0,0.0,,9.344934537087203e-10,9.280611735568528e-10,1.4220814258729171e-10,7.317547403769535e-10,1.1445901865463138e-09,1.984015075644206e-09,0.0185575080214859,3.590438005630858e-05
kasa,"grid:n_x_noise:samples_per_fit=20,noise_std=0.02",50,0,0,0.0,0.0,0.0,,3.742165229858042e-09,3.777292701799791e-09,2.2811577677677683e-10,3.372815119812238e-09,4.071193850219124e-09,7.0501982947673206e-09,0.07431326671707451,2.0337260048108873e-05
koning_wimmer_witkovsky,"grid:n_x_noise:samples_per_fit=20,noise_std=0.02",50,0,0,0.0,0.0,0.0,1.0,1.0993700467385388e-09,1.096960572825523e-09,1.8684856177771311e-10,8.031485175494406e-10,1.4626058416435724e-09,2.335915194355472e-09,0.021831686867322765,0.00018955373991047964
raw_atan2,"grid:n_x_noise:samples_per_fit=20,noise_std=0.02",50,0,0,0.0,0.0,0.0,,3.840506740267015e-09,3.8429038215496704e-09,2.1836497955475756e-10,3.469533263257274e-09,4.183287629406723e-09,7.2240368349528915e-09,0.07626616789687066,3.01864014545572e-06
taubin,"grid:n_x_noise:samples_per_fit=20,noise_std=0.02",50,0,0,0.0,0.0,0.0,,3.743538851501699e-09,3.7788767616962246e-09,2.2801420508519168e-10,3.374129519997122e-09,4.072293121318569e-09,7.057040827248004e-09,0.07434054459106011,8.037187995796558e-05
fitzgibbon,"grid:n_x_noise:samples_per_fit=20,noise_std=0.03",50,0,0,0.0,0.0,0.0,,1.6080737900299683e-09,1.589285005424663e-09,3.5323397059511787e-10,1.162281204352076e-09,2.214590124810442e-09,3.5850741559499627e-09,0.031933709261621,0.0001085736000277393
halir_flusser,"grid:n_x_noise:samples_per_fit=20,noise_std=0.03",50,0,0,0.0,0.0,0.0,,1.6080737900299745e-09,1.5892850054246594e-09,3.532339705951494e-10,1.1622812043520737e-09,2.2145901248104358e-09,3.58507415594997e-09,0.03193370926162113,8.430979994955123e-05
heydemann,"grid:n_x_noise:samples_per_fit=20,noise_std=0.03",50,0,0,0.0,0.0,0.0,,1.3684552524061745e-09,1.3216991763398327e-09,2.695237369241479e-10,1.0283310147786773e-09,1.7661093145106476e-09,2.9848753672154387e-09,0.0271752779249406,3.402560005270061e-05
kasa,"grid:n_x_noise:samples_per_fit=20,noise_std=0.03",50,0,0,0.0,0.0,0.0,,3.90757049875528e-09,3.918559483169605e-09,3.277438261978153e-10,3.2964204482949845e-09,4.40480146513865e-09,7.65955680840014e-09,0.07759794419894937,2.357163994020084e-05
koning_wimmer_witkovsky,"grid:n_x_noise:samples_per_fit=20,noise_std=0.03",50,0,0,0.0,0.0,0.0,1.0,1.6222206611913935e-09,1.6113708083773281e-09,3.5685571623334075e-10,1.1932023115132026e-09,2.219849680909502e-09,3.6220190073305966e-09,0.03221464293110277,0.00020889597997665986
raw_atan2,"grid:n_x_noise:samples_per_fit=20,noise_std=0.03",50,0,0,0.0,0.0,0.0,,3.9578177763745235e-09,3.947485229075565e-09,3.354034030505943e-10,3.3470550893797056e-09,4.46604335738279e-09,7.617496213230472e-09,0.07859577275919909,2.939140067610424e-06
taubin,"grid:n_x_noise:samples_per_fit=20,noise_std=0.03",50,0,0,0.0,0.0,0.0,,3.910749555162743e-09,3.922991935836082e-09,3.278994350160002e-10,3.2986037083220488e-09,4.405854322684146e-09,7.669699166443225e-09,0.07766107504759057,8.69281000632327e-05
fitzgibbon,"grid:n_x_noise:samples_per_fit=20,noise_std=0.04",50,0,0,0.0,0.0,0.0,,2.141706549792217e-09,2.1524009173457905e-09,3.841966568749639e-10,1.4934164799103678e-09,2.814227256535105e-09,4.844918986071445e-09,0.042530781055451154,0.00011409317994548474
halir_flusser,"grid:n_x_noise:samples_per_fit=20,noise_std=0.04",50,0,0,0.0,0.0,0.0,,2.141706549792212e-09,2.1524009173458633e-09,3.8419665687498887e-10,1.4934164799103e-09,2.814227256534994e-09,4.844918986071485e-09,0.04253078105545106,7.705010006247903e-05
heydemann,"grid:n_x_noise:samples_per_fit=20,noise_std=0.04",50,0,0,0.0,0.0,0.0,,1.8513353092547429e-09,1.806820821152737e-09,3.1687737644987343e-10,1.3375728316068674e-09,2.4035536858595873e-09,4.2107782436502465e-09,0.036764484240746444,3.333471995574655e-05
kasa,"grid:n_x_noise:samples_per_fit=20,noise_std=0.04",50,0,0,0.0,0.0,0.0,,4.0739046566837194e-09,4.0966471871665495e-09,3.901114647175805e-10,3.455103313705785e-09,4.6571780473631604e-09,8.026767098461259e-09,0.0809010678942024,2.0370659894979328e-05
koning_wimmer_witkovsky,"grid:n_x_noise:samples_per_fit=20,noise_std=0.04",50,0,0,0.0,0.0,0.0,1.0,2.1491850045816977e-09,2.0944518769715363e-09,3.902826054239241e-10,1.5261778476569796e-09,2.8203392117153672e-09,4.7941312944620385e-09,0.04267929090770676,0.00022438742005761013
raw_atan2,"grid:n_x_noise:samples_per_fit=20,noise_std=0.04",50,0,0,0.0,0.0,0.0,,4.129045361283589e-09,4.076298762547008e-09,3.9700332185233287e-10,3.535387016471879e-09,4.748994383838434e-09,8.17251276045438e-09,0.08199607189220949,2.9512600121961443e-06
taubin,"grid:n_x_noise:samples_per_fit=20,noise_std=0.04",50,0,0,0.0,0.0,0.0,,4.079047664823496e-09,4.106121671582001e-09,3.912788393126294e-10,3.457337168065327e-09,4.660934386637266e-09,8.043382817510548e-09,0.08100319960462767,8.408329998928821e-05
fitzgibbon,"grid:n_x_noise:samples_per_fit=20,noise_std=0.05",50,0,0,0.0,0.0,0.0,,2.6836092342233275e-09,2.652648613417171e-09,5.148031786813483e-10,1.9417298399050142e-09,3.6454339468048547e-09,5.719823844962071e-09,0.05329207999583904,0.0001047643400306697
halir_flusser,"grid:n_x_noise:samples_per_fit=20,noise_std=0.05",50,0,0,0.0,0.0,0.0,,2.6836092342232935e-09,2.6526486134171718e-09,5.148031786813069e-10,1.941729839905128e-09,3.645433946804612e-09,5.719823844961984e-09,0.05329207999583836,7.84813200152712e-05
heydemann,"grid:n_x_noise:samples_per_fit=20,noise_std=0.05",50,0,0,0.0,0.0,0.0,,2.2800064220085087e-09,2.2224552088541792e-09,3.5903607072888416e-10,1.755520174485784e-09,2.9326650302921167e-09,4.96682330605774e-09,0.045277189794686985,3.3598639911360804e-05
kasa,"grid:n_x_noise:samples_per_fit=20,noise_std=0.05",50,0,0,0.0,0.0,0.0,,4.266896060212307e-09,4.176160935267498e-09,5.651253785465814e-10,3.463751986234539e-09,5.166548733389655e-09,8.528985569988106e-09,0.08473356078630982,2.59990199447202e-05
koning_wimmer_witkovsky,"grid:n_x_noise:samples_per_fit=20,noise_std=0.05",50,0,0,0.0,0.0,0.0,1.0,2.6992959690467658e-09,2.665733668245118e-09,5.404719270454612e-10,2.055776640540975e-09,3.804002307059939e-09,5.7833818422098865e-09,0.05360359283326081,0.00022548507995452384
raw_atan2,"grid:n_x_noise:samples_per_fit=20,noise_std=0.05",50,0,0,0.0,0.0,0.0,,4.315524572532115e-09,4.255508781685555e-09,5.251590120899696e-10,3.622102393839473e-09,5.1508676775608326e-09,8.579854770129553e-09,0.08569924332144833,3.350379956827965e-06
taubin,"grid:n_x_noise:samples_per_fit=20,noise_std=0.05",50,0,0,0.0,0.0,0.0,,4.275697082163642e-09,4.181101247648816e-09,5.682096057852467e-10,3.465137124547794e-09,5.182173333349891e-09,8.550515636582945e-09,0.08490833465423901,8.15477000651299e-05
fitzgibbon,"grid:n_x_noise:samples_per_fit=20,noise_std=0.06",50,0,0,0.0,0.0,0.0,,3.3195580281883568e-09,3.2868416412328085e-09,7.728686380881056e-10,2.38319873579711e-09,4.690404568619219e-09,7.072779114167227e-09,0.06592098049634361,0.0001048807600091095
halir_flusser,"grid:n_x_noise:samples_per_fit=20,noise_std=0.06",50,0,0,0.0,0.0,0.0,,3.3195580281883663e-09,3.286841641232833e-09,7.728686380881562e-10,2.3831987357971255e-09,4.690404568619203e-09,7.072779114167264e-09,0.06592098049634382,7.710292000410845e-05
heydemann,"grid:n_x_noise:samples_per_fit=20,noise_std=0.06",50,0,0,0.0,0.0,0.0,,2.811234021547442e-09,2.8780452422868457e-09,5.363603982736053e-10,1.993263485723653e-09,3.6372035912064304e-09,6.019416339380363e-09,0.05582649904940033,3.6086539930693105e-05
kasa,"grid:n_x_noise:samples_per_fit=20,noise_std=0.06",50,0,0,0.0,0.0,0.0,,4.660879827223824e-09,4.630288536549528e-09,6.234034622421513e-10,3.6116204344789593e-09,5.561867714886105e-09,9.880775998647752e-09,0.09255743251878151,2.025618010520702e-05
koning_wimmer_witkovsky,"grid:n_x_noise:samples_per_fit=20,noise_std=0.06",50,0,0,0.0,0.0,0.0,1.0,3.368571978654651e-09,3.212628800929761e-09,8.285834764853825e-10,2.4185893394186285e-09,5.136712781830648e-09,7.133325722429806e-09,0.06689431720120029,0.00024090532006084686
raw_atan2,"grid:n_x_noise:samples_per_fit=20,noise_std=0.06",50,0,0,0.0,0.0,0.0,,4.677799287331877e-09,4.729523014831789e-09,6.108787481069264e-10,3.6071719706573604e-09,5.6255708593907945e-09,9.826235049960607e-09,0.09289342525947784,2.9863599411328323e-06
taubin,"grid:n_x_noise:samples_per_fit=20,noise_std=0.06",50,0,0,0.0,0.0,0.0,,4.675858479652963e-09,4.637215875404789e-09,6.282626871363965e-10,3.635016233823594e-09,5.594284669193419e-09,9.914536776806616e-09,0.09285488400065288,8.147658001689706e-05
fitzgibbon,"grid:n_x_noise:samples_per_fit=20,noise_std=0.08",50,0,0,0.0,0.0,0.0,,4.431456860935666e-09,4.22406997117259e-09,9.617694963955805e-10,3.3494475088605613e-09,6.134049412756079e-09,9.958838000004711e-09,0.088001468514637,0.00010382503995060689
halir_flusser,"grid:n_x_noise:samples_per_fit=20,noise_std=0.08",50,0,0,0.0,0.0,0.0,,4.431456860935652e-09,4.224069971172383e-09,9.617694963956094e-10,3.34944750886057e-09,6.134049412755938e-09,9.958838000004648e-09,0.08800146851463671,7.736859999567968e-05
heydemann,"grid:n_x_noise:samples_per_fit=20,noise_std=0.08",50,0,0,0.0,0.0,0.0,,3.791683374614151e-09,3.603991689435971e-09,7.379880598295148e-10,2.875444124143121e-09,4.992348609074253e-09,8.367864456246702e-09,0.07529661589397203,3.456937998635112e-05
kasa,"grid:n_x_noise:samples_per_fit=20,noise_std=0.08",50,0,0,0.0,0.0,0.0,,5.575766404161757e-09,5.565991900370152e-09,9.221768903618925e-10,4.134117264869313e-09,6.988472610332984e-09,1.1976777488590386e-08,0.11072558011028667,2.144077991033555e-05
koning_wimmer_witkovsky,"grid:n_x_noise:samples_per_fit=20,noise_std=0.08",50,0,0,0.0,0.0,0.0,1.0,4.5303748921434735e-09,4.307416201974335e-09,1.0502497226276213e-09,3.3953442649059527e-09,6.279147824459582e-09,9.977618443102708e-09,0.08996581845237413,0.0002753115400264505
raw_atan2,"grid:n_x_noise:samples_per_fit=20,noise_std=0.08",50,0,0,0.0,0.0,0.0,,5.49756913665866e-09,5.4988742367297554e-09,9.960186523830065e-10,3.9654142452375605e-09,7.148047121323947e-09,1.172096305992035e-08,0.10917271057097869,3.7549999069597107e-06
taubin,"grid:n_x_noise:samples_per_fit=20,noise_std=0.08",50,0,0,0.0,0.0,0.0,,5.612413939729813e-09,5.600400959236774e-09,9.195936386326843e-10,4.170807186918451e-09,7.009845465188151e-09,1.2059350901576184e-08,0.11145334008824356,8.139631998346886e-05
fitzgibbon,"grid:n_x_noise:samples_per_fit=20,noise_std=0.1",50,0,0,0.0,0.0,0.0,,5.552578454597541e-09,5.586271649367572e-09,1.0265253940580835e-09,4.373214264990768e-09,7.1143578759790505e-09,1.1683626410467584e-08,0.11026510544528825,0.00010424399997646105
halir_flusser,"grid:n_x_noise:samples_per_fit=20,noise_std=0.1",50,0,0,0.0,0.0,0.0,,5.5525784545975085e-09,5.586271649367607e-09,1.0265253940580394e-09,4.373214264990804e-09,7.114357875978959e-09,1.1683626410467511e-08,0.11026510544528759,7.199340003353427e-05
heydemann,"grid:n_x_noise:samples_per_fit=20,noise_std=0.1",50,0,0,0.0,0.0,0.0,,4.840584684960508e-09,4.8467477465766636e-09,9.219223484273554e-10,3.246987615254067e-09,6.168555742993726e-09,1.0209761086792971e-08,0.09612607639286472,3.4361019952484636e-05
kasa,"grid:n_x_noise:samples_per_fit=20,noise_std=0.1",50,0,0,0.0,0.0,0.0,,6.392931168580969e-09,6.346338298120975e-09,1.0446145446133117e-09,4.9335564498691654e-09,8.44624239105245e-09,1.3447261997937781e-08,0.12695313270618955,2.5415220079594292e-05
koning_wimmer_witkovsky,"grid:n_x_noise:samples_per_fit=20,noise_std=0.1",50,0,0,0.0,0.0,0.0,1.0,5.778818685333216e-09,5.6915104882173714e-09,1.1153222993909146e-09,3.977595765169566e-09,7.655026265696648e-09,1.193134820788829e-08,0.11475786553900288,0.0002948854599890183
raw_atan2,"grid:n_x_noise:samples_per_fit=20,noise_std=0.1",50,0,0,0.0,0.0,0.0,,6.318567727499531e-09,6.229414841488632e-09,9.926588069004157e-10,4.77573006020472e-09,8.011385648584238e-09,1.3167176372792828e-08,0.12547639667460225,2.9801600248902106e-06
taubin,"grid:n_x_noise:samples_per_fit=20,noise_std=0.1",50,0,0,0.0,0.0,0.0,,6.448199080682729e-09,6.38099176670153e-09,1.066087782383603e-09,4.944331241906923e-09,8.473482560715845e-09,1.356570855294136e-08,0.1280506628366455,8.270590007668942e-05
fitzgibbon,"grid:n_x_noise:samples_per_fit=200,noise_std=0.0",50,0,0,0.0,0.0,0.0,,1.7411758920994544e-11,1.750628337714315e-11,1.0366475616051344e-12,1.5606139473488127e-11,1.9210144579096225e-11,5.650977183181084e-11,0.0003457689880674654,0.00010626525994666735
halir_flusser,"grid:n_x_noise:samples_per_fit=200,noise_std=0.0",50,0,0,0.0,0.0,0.0,,1.741175892099387e-11,1.7506283377157795e-11,1.0366475616015329e-12,1.5606139473499113e-11,1.9210144579107673e-11,5.650977183184617e-11,0.0003457689880674518,8.27993000348215e-05
heydemann,"grid:n_x_noise:samples_per_fit=200,noise_std=0.0",50,0,0,0.0,0.0,0.0,,1.7103585504731993e-11,1.7168793570477186e-11,9.684485177519496e-13,1.5385831837168287e-11,1.84825818137113e-11,5.557100530904107e-11,0.00033964916922699697,3.730978000021423e-05
kasa,"grid:n_x_noise:samples_per_fit=200,noise_std=0.0",50,0,0,0.0,0.0,0.0,,3.6076568318532726e-09,3.607522644311718e-09,1.1830515127998236e-12,3.6057001454312326e-09,3.6095968751055626e-09,6.135971916393641e-09,0.07164215044009652,2.7100239967694507e-05
koning_wimmer_witkovsky,"grid:n_x_noise:samples_per_fit=200,noise_std=0.0",50,0,0,0.0,0.0,0.0,1.0,1.7406701360591814e-11,1.7485880015167428e-11,1.0323109191089798e-12,1.5597502159961882e-11,1.9200517285274644e-11,5.646805649018872e-11,0.00034566855320901835,0.000409144319837651
raw_atan2,"grid:n_x_noise:samples_per_fit=200,noise_std=0.0",50,0,0,0.0,0.0,0.0,,3.7277201549615e-09,3.7278431441926685e-09,1.3009946387674034e-12,3.725617503811845e-09,3.729945850993817e-09,6.677341945751352e-09,0.07402641121027595,4.803619958693162e-06
taubin,"grid:n_x_noise:samples_per_fit=200,noise_std=0.0",50,0,0,0.0,0.0,0.0,,3.607656867196752e-09,3.6075226914348533e-09,1.1830536876564181e-12,3.605700154604768e-09,3.609596887252626e-09,6.135978052272128e-09,0.07164215114196008,9.262250003303052e-05
fitzgibbon,"grid:n_x_noise:samples_per_fit=200,noise_std=0.005",50,0,0,0.0,0.0,0.0,,2.4670262567827796e-10,2.4749521716452167e-10,1.1300536807265147e-11,2.2934266951953854e-10,2.644629152439735e-10,7.59233807776208e-10,0.0048991097120871735,0.00010827177995452075
halir_flusser,"grid:n_x_noise:samples_per_fit=200,noise_std=0.005",50,0,0,0.0,0.0,0.0,,2.467026256782791e-10,2.4749521716451805e-10,1.1300536807256034e-11,2.2934266951958788e-10,2.6446291524386013e-10,7.592338077763064e-10,0.004899109712087194,8.262051998826792e-05
heydemann,"grid:n_x_noise:samples_per_fit=200,noise_std=0.005",50,0,0,0.0,0.0,0.0,,2.412506474277337e-10,2.439676932785462e-10,1.1206462161600372e-11,2.2226778356554914e-10,2.554390639133339e-10,7.444687560547747e-10,0.0047908423617746485,3.956358003051719e-05
kasa,"grid:n_x_noise:samples_per_fit=200,noise_std=0.005",50,0,0,0.0,0.0,0.0,,3.61410397570107e-09,3.6154042925138693e-09,2.0876906416496903e-11,3.5818252282146604e-09,3.6514237562287413e-09,6.543274032657229e-09,0.07177018014773798,2.8610400131583448e-05
koning_wimmer_witkovsky,"grid:n_x_noise:samples_per_fit=200,noise_std=0.005",50,0,0,0.0,0.0,0.0,1.0,2.4657753205856463e-10,2.481096161447538e-10,1.129579589341054e-11,2.2886719375064734e-10,2.635627261039197e-10,7.595963137964246e-10,0.004896625557872871,0.0004681687200354645
raw_atan2,"grid:n_x_noise:samples_per_fit=200,noise_std=0.005",50,0,0,0.0,0.0,0.0,,3.734163823543525e-09,3.734594798834567e-09,1.9823687551984022e-11,3.7047838871983445e-09,3.769139753335314e-09,6.996922215786601e-09,0.07415437190483636,4.778719994646963e-06
taubin,"grid:n_x_noise:samples_per_fit=200,noise_std=0.005",50,0,0,0.0,0.0,0.0,,3.6141127981918863e-09,3.615420311483307e-09,2.0877057929973042e-11,3.581831077405114e-09,3.651427911674975e-09,6.5434734251463334e-09,0.07177035534794235,8.821679999527987e-05
fitzgibbon,"grid:n_x_noise:samples_per_fit=200,noise_std=0.01",50,0,0,0.0,0.0,0.0,,4.914469583114285e-10,4.922211048017639e-10,2.3200185837642604e-11,4.509951528603686e-10,5.251661017848749e-10,1.437818274385443e-09,0.00975933093464117,0.00011337041993101593
halir_flusser,"grid:n_x_noise:samples_per_fit=200,noise_std=0.01",50,0,0,0.0,0.0,0.0,,4.914469583114357e-10,4.922211048017511e-10,2.3200185837645337e-11,4.50995152860357e-10,5.25166101784891e-10,1.4378182743854891e-09,0.009759330934641312,8.4664679980051e-05
heydemann,"grid:n_x_noise:samples_per_fit=200,noise_std=0.01",50,0,0,0.0,0.0,0.0,,4.822975912053109e-10,4.817118907792057e-10,2.3666769239857016e-11,4.467136700586619e-10,5.234321412953387e-10,1.416050536138903e-09,0.009577639503000368,3.809255995292915e-05
kasa,"grid:n_x_noise:samples_per_fit=200,noise_std=0.01",50,0,0,0.0,0.0,0.0,,3.6302863196015413e-09,3.632270006780689e-09,3.3158597378940166e-11,3.578770804166665e-09,3.6830931329868814e-09,6.975154573306079e-09,0.07209153496894899,2.7747279964387418e-05
koning_wimmer_witkovsky,"grid:n_x_noise:samples_per_fit=200,noise_std=0.01",50,0,0,0.0,0.0,0.0,1.0,4.915649648601522e-10,4.921251441694e-10,2.2621540020789416e-11,4.521921259729992e-10,5.262329694714885e-10,1.4407809999007064e-09,0.00976167435124386,0.00048232064002149853
raw_atan2,"grid:n_x_noise:samples_per_fit=200,noise_std=0.01",50,0,0,0.0,0.0,0.0,,3.7533738076843075e-09,3.75669472723819e-09,3.354045819576221e-11,3.7084615001237436e-09,3.812848091266026e-09,7.3801943517262826e-09,0.07453585069783418,5.409220011642901e-06
taubin,"grid:n_x_noise:samples_per_fit=200,noise_std=0.01",50,0,0,0.0,0.0,0.0,,3.630312137734181e-09,3.632300065632455e-09,3.3161389575508416e-11,3.5788023389410237e-09,3.6831062653077793e-09,6.975652687709984e-09,0.07209204767473805,8.83530000828614e-05
fitzgibbon,"grid:n_x_noise:samples_per_fit=200,noise_std=0.02",50,0,0,0.0,0.0,0.0,,9.850018051048496e-10,9.779816130962178e-10,5.186704591857743e-11,9.094273679061308e-10,1.0606012694967118e-09,2.9331940216890635e-09,0.019560521078951208,0.00012174275998404483
halir_flusser,"grid:n_x_noise:samples_per_fit=200,noise_std=0.02",50,0,0,0.0,0.0,0.0,,9.850018051048696e-10,9.77981613096241e-10,5.186704591859877e-11,9.094273679061594e-10,1.0606012694967132e-09,2.9331940216891313e-09,0.0195605210789516,8.107056008157088e-05
heydemann,"grid:n_x_noise:samples_per_fit=200,noise_std=0.02",50,0,0,0.0,0.0,0.0,,9.655980887355302e-10,9.648275019872808e-10,5.02882927169237e-11,8.985602682882788e-10,1.0436266580105924e-09,2.8654271183961354e-09,0.01917519508149107,3.8614340046478903e-05
kasa,"grid:n_x_noise:samples_per_fit=200,noise_std=0.02",50,0,0,0.0,0.0,0.0,,3.7298743344292405e-09,3.731157800404216e-09,6.691252306966672e-11,3.6282612446443654e-09,3.819216765684008e-09,8.081854130132379e-09,0.07406918968303428,2.845975996024208e-05
koning_wimmer_witkovsky,"grid:n_x_noise:samples_per_fit=200,noise_std=0.02",50,0,0,0.0,0.0,0.0,1.0,9.875894292901209e-10,9.79758531593636e-10,5.150012915192497e-11,9.23003141017418e-10,1.0757215232650595e-09,2.944069215019454e-09,0.019611907053228697,0.0005837905000043975
raw_atan2,"grid:n_x_noise:samples_per_fit=200,noise_std=0.02",50,0,0,0.0,0.0,0.0,,3.8448153672671344e-09,3.8439734814532816e-09,6.944820142468945e-11,3.750454394307533e-09,3.9444425215056885e-09,8.289023632270402e-09,0.07635173016571159,4.702399965026416e-06
taubin,"grid:n_x_noise:samples_per_fit=200,noise_std=0.02",50,0,0,0.0,0.0,0.0,,3.729999361434631e-09,3.731253129595578e-09,6.693289505359828e-11,3.6283166553629733e-09,3.819378610756594e-09,8.083534698056826e-09,0.07407167251439734,9.757215999343315e-05
fitzgibbon,"grid:n_x_noise:samples_per_fit=200,noise_std=0.03",50,0,0,0.0,0.0,0.0,,1.4704145546095108e-09,1.4682342311590788e-09,7.868520688239118e-11,1.3614653685629655e-09,1.5972886365835982e-09,4.275962403204666e-09,0.02920002251891749,0.000110396319978463
halir_flusser,"grid:n_x_noise:samples_per_fit=200,noise_std=0.03",50,0,0,0.0,0.0,0.0,,1.4704145546095145e-09,1.4682342311590161e-09,7.86852068823993e-11,1.3614653685629537e-09,1.5972886365837427e-09,4.2759624032046475e-09,0.02920002251891756,7.88850401477248e-05
heydemann,"grid:n_x_noise:samples_per_fit=200,noise_std=0.03",50,0,0,0.0,0.0,0.0,,1.4433172514731002e-09,1.4428641684113197e-09,7.708778044773434e-11,1.3432485989582103e-09,1.5611139177273784e-09,4.1919103990237565e-09,0.0286619145008047,3.860766008074279e-05
kasa,"grid:n_x_noise:samples_per_fit=200,noise_std=0.03",50,0,0,0.0,0.0,0.0,,3.877272001562725e-09,3.8811656527601354e-09,1.0579718670940731e-10,3.7155753334599205e-09,4.038187438234146e-09,9.119667548998629e-09,0.07699626571478414,2.500757997040637e-05
koning_wimmer_witkovsky,"grid:n_x_noise:samples_per_fit=200,noise_std=0.03",50,0,0,0.0,0.0,0.0,1.0,1.4810237973241273e-09,1.4664700014418999e-09,8.156284152867445e-11,1.3688924811746237e-09,1.6262477925577174e-09,4.317296699858019e-09,0.029410704686884562,0.0006213164599648735
raw_atan2,"grid:n_x_noise:samples_per_fit=200,noise_std=0.03",50,0,0,0.0,0.0,0.0,,3.983008584195026e-09,3.981589286085261e-09,1.0972597749760947e-10,3.798204431141216e-09,4.159569330169779e-09,9.329909491386777e-09,0.07909602090576598,6.748560081177857e-06
taubin,"grid:n_x_noise:samples_per_fit=200,noise_std=0.03",50,0,0,0.0,0.0,0.0,,3.8776202640043545e-09,3.882083083334299e-09,1.0575123394476457e-10,3.7164512658115416e-09,4.038467726358202e-09,9.121393094845127e-09,0.07700318163594815,8.871610005371622e-05
fitzgibbon,"grid:n_x_noise:samples_per_fit=200,noise_std=0.04",50,0,0,0.0,0.0,0.0,,1.952326788824536e-09,1.9444399343617464e-09,1.0277151868170974e-10,1.7989390119074714e-09,2.126891378475418e-09,5.960164130095419e-09,0.038770009463828775,0.00011018708008123213
halir_flusser,"grid:n_x_noise:samples_per_fit=200,noise_std=0.04",50,0,0,0.0,0.0,0.0,,1.9523267888245445e-09,1.9444399343617497e-09,1.0277151868172417e-10,1.7989390119075074e-09,2.126891378475437e-09,5.960164130095361e-09,0.038770009463828956,7.909512005426223e-05
heydemann,"grid:n_x_noise:samples_per_fit=200,noise_std=0.04",50,0,0,0.0,0.0,0.0,,1.9264291991777073e-09,1.9167971140683394e-09,1.0131541492776675e-10,1.7710375578567556e-09,2.1168445791491017e-09,5.9079167702635955e-09,0.03825572578885938,4.1217199905077e-05
kasa,"grid:n_x_noise:samples_per_fit=200,noise_std=0.04",50,0,0,0.0,0.0,0.0,,4.089405470670103e-09,4.109753811624405e-09,1.291650773539274e-10,3.873672904457241e-09,4.274756113430397e-09,1.0518565855170641e-08,0.08120888864859108,2.4591640030848794e-05
koning_wimmer_witkovsky,"grid:n_x_noise:samples_per_fit=200,noise_std=0.04",50,0,0,0.0,0.0,0.0,1.0,1.9661990841994385e-09,1.9615571036466504e-09,1.0982840690896821e-10,1.8008625908645196e-09,2.132863997285904e-09,6.017536247453798e-09,0.039045490508318174,0.0006452015999639115
raw_atan2,"grid:n_x_noise:samples_per_fit=200,noise_std=0.04",50,0,0,0.0,0.0,0.0,,4.2003095932704074e-09,4.205084575187173e-09,1.2202476396185035e-10,3.985322433455492e-09,4.387626779197809e-09,1.06859030757195e-08,0.0834112627118903,5.511160015885252e-06
taubin,"grid:n_x_noise:samples_per_fit=200,noise_std=0.04",50,0,0,0.0,0.0,0.0,,4.089993137918691e-09,4.110379899574896e-09,1.2920793199483584e-10,3.874423671556147e-09,4.274997340003329e-09,1.0520464476711198e-08,0.0812205587567511,9.483816003921674e-05
fitzgibbon,"grid:n_x_noise:samples_per_fit=200,noise_std=0.05",50,0,0,0.0,0.0,0.0,,2.4429656512197483e-09,2.4231508163344858e-09,1.1699027792358246e-10,2.274537901458909e-09,2.645595315949503e-09,7.176162941123513e-09,0.048513292938332286,0.00011375610007235082
halir_flusser,"grid:n_x_noise:samples_per_fit=200,noise_std=0.05",50,0,0,0.0,0.0,0.0,,2.4429656512197412e-09,2.4231508163344854e-09,1.16990277923585e-10,2.2745379014588927e-09,2.6455953159495537e-09,7.176162941123433e-09,0.048513292938332134,7.634507999682683e-05
heydemann,"grid:n_x_noise:samples_per_fit=200,noise_std=0.05",50,0,0,0.0,0.0,0.0,,2.3995605467165013e-09,2.39353142597628e-09,1.1820303438873963e-10,2.231686972871953e-09,2.6215477684644026e-09,7.095711860952828e-09,0.047651338719396134,3.702231999341166e-05
kasa,"grid:n_x_noise:samples_per_fit=200,noise_std=0.05",50,0,0,0.0,0.0,0.0,,4.316417366881151e-09,4.312627429174184e-09,1.3653285646082549e-10,4.090642817160327e-09,4.5307169020774295e-09,1.1232418822968066e-08,0.08571697275361076,2.5022339941642712e-05
koning_wimmer_witkovsky,"grid:n_x_noise:samples_per_fit=200,noise_std=0.05",50,0,0,0.0,0.0,0.0,1.0,2.486913557721401e-09,2.4672295826421114e-09,1.269725334905974e-10,2.3116574368842563e-09,2.7307680520557554e-09,7.235237582631198e-09,0.04938602631511005,0.0006908076799845731
raw_atan2,"grid:n_x_noise:samples_per_fit=200,noise_std=0.05",50,0,0,0.0,0.0,0.0,,4.4122747615492735e-09,4.415387819149337e-09,1.324719543486522e-10,4.1953815197444345e-09,4.623363686916813e-09,1.1300373787267242e-08,0.08762054346714826,5.182200002309401e-06
taubin,"grid:n_x_noise:samples_per_fit=200,noise_std=0.05",50,0,0,0.0,0.0,0.0,,4.317631683085538e-09,4.312804143458078e-09,1.36452206194806e-10,4.092312039946057e-09,4.531800516150122e-09,1.1237800306359117e-08,0.08574108708273111,9.169946000838536e-05
fitzgibbon,"grid:n_x_noise:samples_per_fit=200,noise_std=0.06",50,0,0,0.0,0.0,0.0,,2.9339434283455847e-09,2.930076617703042e-09,1.4636964312918645e-10,2.7037001727215597e-09,3.1962736127967774e-09,8.910951501469844e-09,0.05826330670378344,0.00011229762005314114
halir_flusser,"grid:n_x_noise:samples_per_fit=200,noise_std=0.06",50,0,0,0.0,0.0,0.0,,2.9339434283455855e-09,2.9300766177030556e-09,1.4636964312918014e-10,2.703700172721585e-09,3.196273612796745e-09,8.910951501469912e-09,0.05826330670378347,8.174320000762237e-05
heydemann,"grid:n_x_noise:samples_per_fit=200,noise_std=0.06",50,0,0,0.0,0.0,0.0,,2.8885550932608614e-09,2.8671875627201307e-09,1.3642890504028865e-10,2.6747192571132522e-09,3.1025238982393164e-09,8.811819998294188e-09,0.05736196877672377,3.793754001890193e-05
kasa,"grid:n_x_noise:samples_per_fit=200,noise_std=0.06",50,0,0,0.0,0.0,0.0,,4.589967040666198e-09,4.610367350602929e-09,1.89317647156073e-10,4.220448476894263e-09,4.915548627163311e-09,1.2511904678953641e-08,0.09114922082917959,2.925529997810372e-05
koning_wimmer_witkovsky,"grid:n_x_noise:samples_per_fit=200,noise_std=0.06",50,0,0,0.0,0.0,0.0,1.0,3.0125166944892037e-09,3.0212810666381363e-09,1.8166666903640232e-10,2.7329844970097644e-09,3.356687197450291e-09,9.15932929412051e-09,0.05982364295969589,0.0007528941199961991
raw_atan2,"grid:n_x_noise:samples_per_fit=200,noise_std=0.06",50,0,0,0.0,0.0,0.0,,4.672564236822903e-09,4.6726107712702884e-09,1.8947285737449468e-10,4.303709922216023e-09,4.998090836471572e-09,1.2576030033958518e-08,0.09278946573849069,5.027000079280697e-06
taubin,"grid:n_x_noise:samples_per_fit=200,noise_std=0.06",50,0,0,0.0,0.0,0.0,,4.591664360056794e-09,4.614529159664039e-09,1.8927449432569405e-10,4.223340975520073e-09,4.916693204646544e-09,1.2520580945291623e-08,0.09118292680976298,8.919791998778237e-05
fitzgibbon,"grid:n_x_noise:samples_per_fit=200,noise_std=0.08",50,0,0,0.0,0.0,0.0,,3.925352386777707e-09,3.957569874752519e-09,2.422902143677995e-10,3.5653526948859368e-09,4.296667381722157e-09,1.1425696254290916e-08,0.07795106334419724,0.00012008832001811243
halir_flusser,"grid:n_x_noise:samples_per_fit=200,noise_std=0.08",50,0,0,0.0,0.0,0.0,,3.925352386777716e-09,3.957569874752504e-09,2.4229021436780987e-10,3.5653526948859173e-09,4.296667381722185e-09,1.1425696254290979e-08,0.07795106334419741,8.506567999575054e-05
heydemann,"grid:n_x_noise:samples_per_fit=200,noise_std=0.08",50,0,0,0.0,0.0,0.0,,3.854684947165594e-09,3.8833139994761034e-09,2.1962936449324663e-10,3.5101576959446423e-09,4.184125166866256e-09,1.1300729705850026e-08,0.0765477238427218,3.8748320039303505e-05
kasa,"grid:n_x_noise:samples_per_fit=200,noise_std=0.08",50,0,0,0.0,0.0,0.0,,5.289273424725291e-09,5.3023138451380334e-09,2.703658159932981e-10,4.902801111042064e-09,5.783756707328593e-09,1.4774878192992524e-08,0.10503629920319024,2.8299380028329323e-05
koning_wimmer_witkovsky,"grid:n_x_noise:samples_per_fit=200,noise_std=0.08",50,0,0,0.0,0.0,0.0,1.0,4.130302067365503e-09,4.101955830603823e-09,2.7472615237464865e-10,3.734236930833083e-09,4.553647685652748e-09,1.1819695643154421e-08,0.08202102801480532,0.000831918099993345
raw_atan2,"grid:n_x_noise:samples_per_fit=200,noise_std=0.08",50,0,0,0.0,0.0,0.0,,5.36300726049998e-09,5.382100925548066e-09,2.611763240185471e-10,4.949339989194953e-09,5.8292394630579044e-09,1.4681312099971075e-08,0.10650053230553384,5.016280010750052e-06
taubin,"grid:n_x_noise:samples_per_fit=200,noise_std=0.08",50,0,0,0.0,0.0,0.0,,5.293018005579955e-09,5.3068855283373275e-09,2.7088425813162994e-10,4.90652352591258e-09,5.788827673149751e-09,1.4781849184916116e-08,0.1051106604402559,0.00010810419997142162
fitzgibbon,"grid:n_x_noise:samples_per_fit=200,noise_std=0.1",50,0,0,0.0,0.0,0.0,,4.910724514939534e-09,4.872788357774374e-09,2.0862636138038797e-10,4.641404431326802e-09,5.225019512198615e-09,1.5036369814378158e-08,0.097518938431968,0.0001174466400698293
halir_flusser,"grid:n_x_noise:samples_per_fit=200,noise_std=0.1",50,0,0,0.0,0.0,0.0,,4.910724514939533e-09,4.872788357774374e-09,2.0862636138038794e-10,4.641404431326772e-09,5.225019512198575e-09,1.5036369814378118e-08,0.097518938431968,8.364098001038655e-05
heydemann,"grid:n_x_noise:samples_per_fit=200,noise_std=0.1",50,0,0,0.0,0.0,0.0,,4.8171988606924525e-09,4.797183670447605e-09,2.1606962174667587e-10,4.522967364626637e-09,5.112950064176044e-09,1.4616541196987802e-08,0.09566167226063546,4.3309580069035294e-05
kasa,"grid:n_x_noise:samples_per_fit=200,noise_std=0.1",50,0,0,0.0,0.0,0.0,,6.032969416861249e-09,5.985132826426119e-09,2.7432902944421625e-10,5.639690121549266e-09,6.517800315358625e-09,1.7657150126424894e-08,0.1198048824231555,2.8010320056637285e-05
koning_wimmer_witkovsky,"grid:n_x_noise:samples_per_fit=200,noise_std=0.1",50,0,0,0.0,0.0,0.0,1.0,5.3055319235438715e-09,5.276977663189202e-09,3.6086185252570186e-10,4.659438192002778e-09,5.896865057152211e-09,1.5836568697269415e-08,0.10535916633622977,0.0009970216000147046
raw_atan2,"grid:n_x_noise:samples_per_fit=200,noise_std=0.1",50,0,0,0.0,0.0,0.0,,6.09054105968951e-09,6.0358733417583185e-09,2.823748850802051e-10,5.660083636607222e-09,6.589804867704279e-09,1.7554745499924807e-08,0.12094816086920074,5.200919968046947e-06
taubin,"grid:n_x_noise:samples_per_fit=200,noise_std=0.1",50,0,0,0.0,0.0,0.0,,6.04113842900829e-09,6.001413202064799e-09,2.733713828490338e-10,5.6502977053483305e-09,6.5257169509875295e-09,1.7679302199264014e-08,0.11996710561246163,8.597086000008858e-05
fitzgibbon,"grid:n_x_noise:samples_per_fit=40,noise_std=0.0",50,0,0,0.0,0.0,0.0,,1.9259812757116636e-11,1.9027862832210896e-11,2.36861630812267e-12,1.592389877223228e-11,2.2806408951917023e-11,5.179793575986949e-11,0.000382468307631306,0.00010741421994680422
halir_flusser,"grid:n_x_noise:samples_per_fit=40,noise_std=0.0",50,0,0,0.0,0.0,0.0,,1.9259812757105317e-11,1.9027862832021876e-11,2.3686163081381304e-12,1.5923898772204344e-11,2.2806408951935098e-11,5.179793575987039e-11,0.0003824683076310812,7.07755000803445e-05
heydemann,"grid:n_x_noise:samples_per_fit=40,noise_std=0.0",50,0,0,0.0,0.0,0.0,,1.7827035869486056e-11,1.7562488408613403e-11,1.8708554715322882e-12,1.5256393227216436e-11,2.047825700687076e-11,4.7968547090265365e-11,0.00035401570747698564,3.426479994232068e-05
kasa,"grid:n_x_noise:samples_per_fit=40,noise_std=0.0",50,0,0,0.0,0.0,0.0,,3.608325655596534e-09,3.6081708802278843e-09,2.421348347238316e-12,3.6041160263542962e-09,3.6122697097984435e-09,6.127767312550716e-09,0.07165543218319623,2.0269239885237768e-05
koning_wimmer_witkovsky,"grid:n_x_noise:samples_per_fit=40,noise_std=0.0",50,0,0,0.0,0.0,0.0,1.0,1.9235959859592993e-11,1.904724259710265e-11,2.372814866945743e-12,1.5985876508856127e-11,2.2925772868140856e-11,5.166197268209571e-11,0.00038199462818992095,0.00014554489996953634
raw_atan2,"grid:n_x_noise:samples_per_fit=40,noise_std=0.0",50,0,0,0.0,0.0,0.0,,3.728291039596248e-09,3.728495236685007e-09,2.4835516977117256e-12,3.724268120175603e-09,3.731841422433339e-09,6.644459059427607e-09,0.07403774804323783,3.062060077354545e-06
taubin,"grid:n_x_noise:samples_per_fit=40,noise_std=0.0",50,0,0,0.0,0.0,0.0,,3.608325863410973e-09,3.6081710034665277e-09,2.4213533430636676e-12,3.6041161446142313e-09,3.612270095520671e-09,6.127822446161086e-09,0.07165543631005034,7.89572999747179e-05
fitzgibbon,"grid:n_x_noise:samples_per_fit=40,noise_std=0.005",50,0,0,0.0,0.0,0.0,,2.6358624047674655e-10,2.6318556275428647e-10,2.9992668797714675e-11,2.221939355420997e-10,3.0704156475839616e-10,6.585527733664318e-10,0.005234390623698479,0.00010647813995092293
halir_flusser,"grid:n_x_noise:samples_per_fit=40,noise_std=0.005",50,0,0,0.0,0.0,0.0,,2.6358624047672716e-10,2.6318556275423575e-10,2.999266879774546e-11,2.2219393554204674e-10,3.0704156475864033e-10,6.585527733663961e-10,0.005234390623698094,7.550768008513841e-05
heydemann,"grid:n_x_noise:samples_per_fit=40,noise_std=0.005",50,0,0,0.0,0.0,0.0,,2.407718934665123e-10,2.4242828794945327e-10,1.9782920265768653e-11,2.0832539949678566e-10,2.663798272553433e-10,6.015379990131933e-10,0.0047813350929538515,3.580794013032573e-05
kasa,"grid:n_x_noise:samples_per_fit=40,noise_std=0.005",50,0,0,0.0,0.0,0.0,,3.61700332892792e-09,3.6195702005539345e-09,3.947709848145113e-11,3.5455152693242453e-09,3.6734992161683352e-09,6.33114000463932e-09,0.07182775654974576,2.0978600023227045e-05
koning_wimmer_witkovsky,"grid:n_x_noise:samples_per_fit=40,noise_std=0.005",50,0,0,0.0,0.0,0.0,1.0,2.633990793408483e-10,2.6391741675212525e-10,2.941712255871979e-11,2.2313387038254878e-10,3.0624298947984324e-10,6.595398047871267e-10,0.005230673910363614,0.00017266180004298803
raw_atan2,"grid:n_x_noise:samples_per_fit=40,noise_std=0.005",50,0,0,0.0,0.0,0.0,,3.7369740411054235e-09,3.737889652806041e-09,3.7430933280212753e-11,3.666044874306445e-09,3.791447060788481e-09,6.781269715052485e-09,0.07421017821866345,3.539119970810134e-06
taubin,"grid:n_x_noise:samples_per_fit=40,noise_std=0.005",50,0,0,0.0,0.0,0.0,,3.6170404892382887e-09,3.6195980861112984e-09,3.948262648643829e-11,3.5455183348968387e-09,3.6736652873465366e-09,6.332077630874017e-09,0.07182849449259064,8.549395992304199e-05
fitzgibbon,"grid:n_x_noise:samples_per_fit=40,noise_std=0.01",50,0,0,0.0,0.0,0.0,,5.156129912245634e-10,5.098719693300518e-10,6.469400825118997e-11,4.181744000390283e-10,6.393466520920147e-10,1.2505887601109902e-09,0.010239228731520524,0.0001060580800367461
halir_flusser,"grid:n_x_noise:samples_per_fit=40,noise_std=0.01",50,0,0,0.0,0.0,0.0,,5.156129912245638e-10,5.098719693300978e-10,6.46940082512089e-11,4.181744000389099e-10,6.393466520921295e-10,1.2505887601109931e-09,0.01023922873152053,7.315788003324997e-05
heydemann,"grid:n_x_noise:samples_per_fit=40,noise_std=0.01",50,0,0,0.0,0.0,0.0,,4.73371898792167e-10,4.699306056237427e-10,5.394235902667738e-11,3.9035004292353615e-10,5.766273253227656e-10,1.1561797622618522e-09,0.00940038988407916,3.459110001131194e-05
kasa,"grid:n_x_noise:samples_per_fit=40,noise_std=0.01",50,0,0,0.0,0.0,0.0,,3.642963502868036e-09,3.645250258387746e-09,6.251282486184314e-11,3.547962615075883e-09,3.749809787019764e-09,6.65239254174582e-09,0.0723432830461818,2.0643580010073494e-05
koning_wimmer_witkovsky,"grid:n_x_noise:samples_per_fit=40,noise_std=0.01",50,0,0,0.0,0.0,0.0,1.0,5.150263347578228e-10,5.067256744295051e-10,6.72372748663319e-11,4.151698043566247e-10,6.530277169398718e-10,1.2510784072358671e-09,0.010227578695830932,0.00018573609984741778
raw_atan2,"grid:n_x_noise:samples_per_fit=40,noise_std=0.01",50,0,0,0.0,0.0,0.0,,3.761502412772818e-09,3.7657134518111956e-09,6.155658760141971e-11,3.6566702999875444e-09,3.851804658131272e-09,6.9549254304911e-09,0.07469727146919954,3.462860022409586e-06
taubin,"grid:n_x_noise:samples_per_fit=40,noise_std=0.01",50,0,0,0.0,0.0,0.0,,3.643086604648241e-09,3.6453281706967952e-09,6.249260235819233e-11,3.5480291517661803e-09,3.749912001930526e-09,6.653389161762591e-09,0.07234572764572882,8.892191997802002e-05
fitzgibbon,"grid:n_x_noise:samples_per_fit=40,noise_std=0.02",50,0,0,0.0,0.0,0.0,,1.0522564930778916e-09,1.0660352214467136e-09,1.0090131449990162e-10,8.721801428968195e-10,1.1898985394394355e-09,2.573455213501595e-09,0.020896088927595854,0.00010136178014363395
halir_flusser,"grid:n_x_noise:samples_per_fit=40,noise_std=0.02",50,0,0,0.0,0.0,0.0,,1.0522564930778745e-09,1.0660352214466915e-09,1.0090131449989031e-10,8.72180142896816e-10,1.1898985394394564e-09,2.573455213501612e-09,0.020896088927595508,8.341482000105315e-05
heydemann,"grid:n_x_noise:samples_per_fit=40,noise_std=0.02",50,0,0,0.0,0.0,0.0,,9.7169817656659e-10,9.800279664184209e-10,9.278326449063537e-11,8.076411885029711e-10,1.096410991035649e-09,2.3791578014067447e-09,0.01929633282558911,3.378896009962773e-05
kasa,"grid:n_x_noise:samples_per_fit=40,noise_std=0.02",50,0,0,0.0,0.0,0.0,,3.742451250516937e-09,3.751645633575989e-09,1.557947745787832e-10,3.4816896822996188e-09,3.995371279100911e-09,7.441178225793237e-09,0.07431894661846995,2.0647360033763108e-05
koning_wimmer_witkovsky,"grid:n_x_noise:samples_per_fit=40,noise_std=0.02",50,0,0,0.0,0.0,0.0,1.0,1.0502261364057461e-09,1.0717188069608896e-09,1.0081543247594217e-10,8.680610637893728e-10,1.179380220390869e-09,2.5852372702620563e-09,0.020855769372568167,0.00020906115996695008
raw_atan2,"grid:n_x_noise:samples_per_fit=40,noise_std=0.02",50,0,0,0.0,0.0,0.0,,3.848725142618543e-09,3.8671767637944e-09,1.5904392073363113e-10,3.588570293387496e-09,4.095222317884674e-09,7.602000332512601e-09,0.07642937189466967,3.3614400854276027e-06
taubin,"grid:n_x_noise:samples_per_fit=40,noise_std=0.02",50,0,0,0.0,0.0,0.0,,3.742966547855038e-09,3.752311669653906e-09,1.559451328678155e-10,3.4819941941709488e-09,3.996050780333214e-09,7.445457741396806e-09,0.07432917957884788,8.520094002960832e-05
fitzgibbon,"grid:n_x_noise:samples_per_fit=40,noise_std=0.03",50,0,0,0.0,0.0,0.0,,1.511928645233823e-09,1.486565571052821e-09,1.7673486908436837e-10,1.2415771693603096e-09,1.860298047462501e-09,3.761235130020712e-09,0.030024424302266414,0.00010152574002859183
halir_flusser,"grid:n_x_noise:samples_per_fit=40,noise_std=0.03",50,0,0,0.0,0.0,0.0,,1.511928645233818e-09,1.486565571052778e-09,1.7673486908438047e-10,1.2415771693603034e-09,1.8602980474625501e-09,3.761235130020696e-09,0.030024424302266324,8.41328599199187e-05
heydemann,"grid:n_x_noise:samples_per_fit=40,noise_std=0.03",50,0,0,0.0,0.0,0.0,,1.408830037141781e-09,1.402765090603506e-09,1.7380973490897513e-10,1.1708324792242742e-09,1.7004341895552967e-09,3.470154991217536e-09,0.02797705496106987,3.937782010325463e-05
kasa,"grid:n_x_noise:samples_per_fit=40,noise_std=0.03",50,0,0,0.0,0.0,0.0,,3.8931490046821144e-09,3.906808784075837e-09,1.785647448004073e-10,3.5791643737580384e-09,4.192505366495856e-09,8.066723146020486e-09,0.07731155696864567,2.265661996716517e-05
koning_wimmer_witkovsky,"grid:n_x_noise:samples_per_fit=40,noise_std=0.03",50,0,0,0.0,0.0,0.0,1.0,1.5241977905737172e-09,1.5079727387208373e-09,1.7574941025976583e-10,1.2566108881250104e-09,1.831421691397251e-09,3.792083035446948e-09,0.030268069415197118,0.00021310585994797294
raw_atan2,"grid:n_x_noise:samples_per_fit=40,noise_std=0.03",50,0,0,0.0,0.0,0.0,,3.995555738331184e-09,4.0220160480922276e-09,1.7700453146134147e-10,3.6896958737983867e-09,4.256463420740097e-09,8.221440549770851e-09,0.07934518681763458,3.3719000384735407e-06
taubin,"grid:n_x_noise:samples_per_fit=40,noise_std=0.03",50,0,0,0.0,0.0,0.0,,3.894758808953363e-09,3.908319499207307e-09,1.7875395378660557e-10,3.5798262881330846e-09,4.194116276531378e-09,8.071556036595093e-09,0.07734352504242742,8.145870000589639e-05
fitzgibbon,"grid:n_x_noise:samples_per_fit=40,noise_std=0.04",50,0,0,0.0,0.0,0.0,,2.042638797771467e-09,2.0691687243580167e-09,2.58121830888854e-10,1.6720968138642645e-09,2.4721371460747852e-09,5.0586148122969394e-09,0.040563457907814966,0.00010871740001675789
halir_flusser,"grid:n_x_noise:samples_per_fit=40,noise_std=0.04",50,0,0,0.0,0.0,0.0,,2.042638797771498e-09,2.0691687243580175e-09,2.581218308888857e-10,1.672096813864272e-09,2.4721371460747613e-09,5.0586148122969584e-09,0.04056345790781559,7.528094001827413e-05
heydemann,"grid:n_x_noise:samples_per_fit=40,noise_std=0.04",50,0,0,0.0,0.0,0.0,,1.895403369363142e-09,1.8654877889343658e-09,2.3635211753739693e-10,1.5488799076394107e-09,2.312841776223983e-09,4.7344011397475265e-09,0.03763960367117944,3.420591994654387e-05
kasa,"grid:n_x_noise:samples_per_fit=40,noise_std=0.04",50,0,0,0.0,0.0,0.0,,4.128081657237846e-09,4.12865212153258e-09,2.995115596380931e-10,3.71339234764289e-09,4.5380236059812346e-09,9.047573763267975e-09,0.08197693430971677,2.5242160045308993e-05
koning_wimmer_witkovsky,"grid:n_x_noise:samples_per_fit=40,noise_std=0.04",50,0,0,0.0,0.0,0.0,1.0,2.0615779808004763e-09,2.0744199439994787e-09,2.6580183403531013e-10,1.6510750689892999e-09,2.4897160647730644e-09,5.133580391297866e-09,0.040939559034672925,0.0002467607600920019
raw_atan2,"grid:n_x_noise:samples_per_fit=40,noise_std=0.04",50,0,0,0.0,0.0,0.0,,4.208339684516154e-09,4.2431712281527814e-09,2.905791096247309e-10,3.793032722346166e-09,4.570473394725918e-09,9.035251847331713e-09,0.08357072715983778,3.1392199707624967e-06
taubin,"grid:n_x_noise:samples_per_fit=40,noise_std=0.04",50,0,0,0.0,0.0,0.0,,4.130474725300114e-09,4.13100424150407e-09,2.9957025566665167e-10,3.7198754338744642e-09,4.5430731172006135e-09,9.058026300596934e-09,0.08202445671833854,8.086274001470884e-05
fitzgibbon,"grid:n_x_noise:samples_per_fit=40,noise_std=0.05",50,0,0,0.0,0.0,0.0,,2.5668961648395332e-09,2.5177949738065457e-09,3.5466308780563956e-10,1.9893003803181752e-09,3.117548433587072e-09,6.067443601345624e-09,0.05097434977236214,0.00010629545999108813
halir_flusser,"grid:n_x_noise:samples_per_fit=40,noise_std=0.05",50,0,0,0.0,0.0,0.0,,2.5668961648395353e-09,2.5177949738065093e-09,3.546630878056454e-10,1.9893003803181665e-09,3.117548433587011e-09,6.067443601345586e-09,0.0509743497723622,8.17766398722597e-05
heydemann,"grid:n_x_noise:samples_per_fit=40,noise_std=0.05",50,0,0,0.0,0.0,0.0,,2.3837364419182725e-09,2.3444841502402602e-09,3.227717488330103e-10,1.8925754841566e-09,2.8505053809297097e-09,5.562810274349744e-09,0.04733709793947356,3.6544599915941944e-05
kasa,"grid:n_x_noise:samples_per_fit=40,noise_std=0.05",50,0,0,0.0,0.0,0.0,,4.298167594400365e-09,4.244168267463112e-09,4.192165993317623e-10,3.7351541363925095e-09,5.0119423465108615e-09,9.618108392223239e-09,0.08535456219004994,2.184748000217951e-05
koning_wimmer_witkovsky,"grid:n_x_noise:samples_per_fit=40,noise_std=0.05",50,0,0,0.0,0.0,0.0,1.0,2.5972485440304222e-09,2.6125329949730687e-09,3.7944575034369945e-10,1.979058115430505e-09,3.1993087121453653e-09,6.137834466285815e-09,0.05157709826468243,0.00023695983998550218
raw_atan2,"grid:n_x_noise:samples_per_fit=40,noise_std=0.05",50,0,0,0.0,0.0,0.0,,4.410939202124753e-09,4.363720606921506e-09,4.185047167084772e-10,3.856821994708343e-09,5.167701030278926e-09,9.77434270177156e-09,0.08759402144643708,3.1849599326960742e-06
taubin,"grid:n_x_noise:samples_per_fit=40,noise_std=0.05",50,0,0,0.0,0.0,0.0,,4.302764952835379e-09,4.24705984760205e-09,4.207659988521297e-10,3.736088052126059e-09,5.019016192635406e-09,9.628641928149512e-09,0.08544585819185374,8.599165999839897e-05
fitzgibbon,"grid:n_x_noise:samples_per_fit=40,noise_std=0.06",50,0,0,0.0,0.0,0.0,,3.1146422277365424e-09,3.1097263793433656e-09,3.073612035533452e-10,2.659406560153476e-09,3.6904865790477127e-09,7.338732730330585e-09,0.0618516886296945,0.00011298713994619902
halir_flusser,"grid:n_x_noise:samples_per_fit=40,noise_std=0.06",50,0,0,0.0,0.0,0.0,,3.1146422277365345e-09,3.1097263793433726e-09,3.0736120355333354e-10,2.659406560153456e-09,3.690486579047521e-09,7.338732730330579e-09,0.06185168862969432,7.384227992588422e-05
heydemann,"grid:n_x_noise:samples_per_fit=40,noise_std=0.06",50,0,0,0.0,0.0,0.0,,2.879323063286744e-09,2.911022894292957e-09,2.5427738593998257e-10,2.4261725979865445e-09,3.2417976645634227e-09,6.815613177124386e-09,0.05717863579603852,3.640268001618097e-05
kasa,"grid:n_x_noise:samples_per_fit=40,noise_std=0.06",50,0,0,0.0,0.0,0.0,,4.680473068473411e-09,4.703493297817151e-09,3.2961462815224246e-10,4.190150031363834e-09,5.083592168329646e-09,1.040104095938635e-08,0.09294652216966463,2.1871540029678725e-05
koning_wimmer_witkovsky,"grid:n_x_noise:samples_per_fit=40,noise_std=0.06",50,0,0,0.0,0.0,0.0,1.0,3.1814787948691646e-09,3.179965884125308e-09,3.264383046563403e-10,2.66737801755413e-09,3.6995512990555518e-09,7.464315270313491e-09,0.0631789532838981,0.0002558242199665983
raw_atan2,"grid:n_x_noise:samples_per_fit=40,noise_std=0.06",50,0,0,0.0,0.0,0.0,,4.771210636167983e-09,4.879341167530096e-09,3.484075075636004e-10,4.202539940928431e-09,5.194706653908681e-09,1.0662691735279746e-08,0.0947484215127359,3.1690200376033316e-06
taubin,"grid:n_x_noise:samples_per_fit=40,noise_std=0.06",50,0,0,0.0,0.0,0.0,,4.6872648762689005e-09,4.705436348880645e-09,3.306595732428143e-10,4.192606947021257e-09,5.090404368740673e-09,1.0420817893267442e-08,0.0930813963382797,9.273026007576846e-05
fitzgibbon,"grid:n_x_noise:samples_per_fit=40,noise_std=0.08",50,0,0,0.0,0.0,0.0,,4.044289519933874e-09,4.044924935465063e-09,5.665507800288491e-10,3.2312409163233357e-09,5.0976850114108995e-09,9.527839867261981e-09,0.0803129598281571,0.00010823481996339978
halir_flusser,"grid:n_x_noise:samples_per_fit=40,noise_std=0.08",50,0,0,0.0,0.0,0.0,,4.04428951993388e-09,4.044924935465094e-09,5.665507800288602e-10,3.231240916323321e-09,5.097685011411041e-09,9.527839867261935e-09,0.08031295982815723,7.573504000902176e-05
heydemann,"grid:n_x_noise:samples_per_fit=40,noise_std=0.08",50,0,0,0.0,0.0,0.0,,3.727017448498004e-09,3.719958005159688e-09,4.568714812716402e-10,3.0529037727494935e-09,4.3111851108301814e-09,9.015736610568435e-09,0.07401245661189824,3.4863539985963145e-05
kasa,"grid:n_x_noise:samples_per_fit=40,noise_std=0.08",50,0,0,0.0,0.0,0.0,,5.290857148612002e-09,5.303362769707469e-09,5.415635673838574e-10,4.4607039427349555e-09,6.2129319251778945e-09,1.2568103731123685e-08,0.10506774936329016,2.283423993503675e-05
koning_wimmer_witkovsky,"grid:n_x_noise:samples_per_fit=40,noise_std=0.08",50,0,0,0.0,0.0,0.0,1.0,4.209864832305677e-09,4.105841445679777e-09,6.51944556109372e-10,3.407274656027033e-09,5.179445444026522e-09,9.928500396965293e-09,0.08360101409467474,0.00029694199987716273
raw_atan2,"grid:n_x_noise:samples_per_fit=40,noise_std=0.08",50,0,0,0.0,0.0,0.0,,5.310643775864403e-09,5.3228272424778506e-09,5.198064270863971e-10,4.5308732784929115e-09,6.169314540524146e-09,1.2481743614501464e-08,0.10546067934316035,3.1875399690761695e-06
taubin,"grid:n_x_noise:samples_per_fit=40,noise_std=0.08",50,0,0,0.0,0.0,0.0,,5.309348355528372e-09,5.3130608213644876e-09,5.441216603469911e-10,4.469557872026368e-09,6.243675401632868e-09,1.2604906280312101e-08,0.10543495441894425,9.537662004731829e-05
fitzgibbon,"grid:n_x_noise:samples_per_fit=40,noise_std=0.1",50,0,0,0.0,0.0,0.0,,5.284191116200657e-09,5.2635080620412e-09,6.170599260649551e-10,4.379925084441246e-09,6.31319430739223e-09,1.3145974368883721e-08,0.10493537288761337,0.00010450707999552833
halir_flusser,"grid:n_x_noise:samples_per_fit=40,noise_std=0.1",50,0,0,0.0,0.0,0.0,,5.28419111620066e-09,5.263508062041155e-09,6.17059926064967e-10,4.379925084441202e-09,6.313194307392199e-09,1.3145974368883721e-08,0.10493537288761341,7.418130000587553e-05
heydemann,"grid:n_x_noise:samples_per_fit=40,noise_std=0.1",50,0,0,0.0,0.0,0.0,,4.858484651896098e-09,4.9767459267590105e-09,6.172549627496032e-10,3.8215372298668515e-09,5.758511132087711e-09,1.2190499637961754e-08,0.0964815403917544,3.4886819994426334e-05
kasa,"grid:n_x_noise:samples_per_fit=40,noise_std=0.1",50,0,0,0.0,0.0,0.0,,6.169953104649275e-09,6.2108730222546684e-09,6.984677062298943e-10,4.941146974075388e-09,7.194800053267614e-09,1.4787618336459336e-08,0.12252515389734323,2.091664000545279e-05
koning_wimmer_witkovsky,"grid:n_x_noise:samples_per_fit=40,noise_std=0.1",50,0,0,0.0,0.0,0.0,1.0,5.562052444565333e-09,5.67680898601188e-09,7.417654458610472e-10,4.368400261825622e-09,6.568167401238478e-09,1.3420388756279154e-08,0.11045324335478884,0.0003204116400956991
raw_atan2,"grid:n_x_noise:samples_per_fit=40,noise_std=0.1",50,0,0,0.0,0.0,0.0,,6.111177313411102e-09,6.128695419049646e-09,6.934949951095583e-10,5.1178233203259906e-09,7.128695093749717e-09,1.4788968899757407e-08,0.12135796303790727,3.275360013503814e-06
taubin,"grid:n_x_noise:samples_per_fit=40,noise_std=0.1",50,0,0,0.0,0.0,0.0,,6.213273763472726e-09,6.233560281267317e-09,7.038243003053666e-10,5.001271481856027e-09,7.238989637366823e-09,1.488893299647219e-08,0.12338543116351533,8.627524008261389e-05
fitzgibbon,"grid:n_x_noise:samples_per_fit=500,noise_std=0.0",50,0,0,0.0,0.0,0.0,,1.7119872942673788e-11,1.7134000733096752e-11,6.355329555377132e-13,1.6024132335579097e-11,1.8067335179672407e-11,6.185977106220249e-11,0.00033997261104358185,0.00011621779996858095
halir_flusser,"grid:n_x_noise:samples_per_fit=500,noise_std=0.0",50,0,0,0.0,0.0,0.0,,1.7119872942676916e-11,1.7134000733093628e-11,6.355329555439048e-13,1.6024132335570848e-11,1.8067335179672e-11,6.18597710621864e-11,0.0003399726110436439,8.669082000778872e-05
heydemann,"grid:n_x_noise:samples_per_fit=500,noise_std=0.0",50,0,0,0.0,0.0,0.0,,1.6981201185677698e-11,1.7030345829567834e-11,5.856753211956534e-13,1.593344973131649e-11,1.78780114422924e-11,6.123277450086086e-11,0.0003372188172822714,3.9996020004764434e-05
kasa,"grid:n_x_noise:samples_per_fit=500,noise_std=0.0",50,0,0,0.0,0.0,0.0,,3.60786269634988e-09,3.607834802706599e-09,8.202250517809908e-13,3.6065401526683853e-09,3.6091323127876533e-09,6.1461929114232695e-09,0.07164623857151356,2.9520380030589878e-05
koning_wimmer_witkovsky,"grid:n_x_noise:samples_per_fit=500,noise_std=0.0",50,0,0,0.0,0.0,0.0,1.0,1.711756312665087e-11,1.7137231193293694e-11,6.380012158242349e-13,1.6022391534782477e-11,1.807956329690571e-11,6.183802030426237e-11,0.00033992674188398165,0.0036926348600718486
raw_atan2,"grid:n_x_noise:samples_per_fit=500,noise_std=0.0",50,0,0,0.0,0.0,0.0,,3.727893654202105e-09,3.7279032437857975e-09,8.109278569367623e-13,3.7265523306825844e-09,3.729187293701742e-09,6.684067041935591e-09,0.07402985662076701,6.906120015628403e-06
taubin,"grid:n_x_noise:samples_per_fit=500,noise_std=0.0",50,0,0,0.0,0.0,0.0,,3.607862710893437e-09,3.6078348077082954e-09,8.202257095063236e-13,3.606540164647002e-09,3.6091323182278717e-09,6.146197706364201e-09,0.07164623886032477,8.926683995014173e-05
fitzgibbon,"grid:n_x_noise:samples_per_fit=500,noise_std=0.005",50,0,0,0.0,0.0,0.0,,2.4481189806328775e-10,2.4592548528570104e-10,7.433627528144638e-12,2.313806682069857e-10,2.5706232812403913e-10,8.138657800490291e-10,0.004861562961232605,0.00012274362004973226
halir_flusser,"grid:n_x_noise:samples_per_fit=500,noise_std=0.005",50,0,0,0.0,0.0,0.0,,2.4481189806329514e-10,2.459254852857168e-10,7.433627528150933e-12,2.3138066820694141e-10,2.570623281240612e-10,8.138657800490589e-10,0.004861562961232751,8.95639000191295e-05
heydemann,"grid:n_x_noise:samples_per_fit=500,noise_std=0.005",50,0,0,0.0,0.0,0.0,,2.431527077972529e-10,2.4401998469108313e-10,7.408598134643004e-12,2.3055615655717778e-10,2.560025846191866e-10,8.070308931077804e-10,0.0048286141625557225,4.462311997485813e-05
kasa,"grid:n_x_noise:samples_per_fit=500,noise_std=0.005",50,0,0,0.0,0.0,0.0,,3.618901222189534e-09,3.620759814371214e-09,1.081605088801935e-11,3.598927009276329e-09,3.6343982963613335e-09,6.652842637813878e-09,0.07186544559859522,3.0093960031081224e-05
koning_wimmer_witkovsky,"grid:n_x_noise:samples_per_fit=500,noise_std=0.005",50,0,0,0.0,0.0,0.0,1.0,2.449069069487269e-10,2.459552713554082e-10,7.518680036797862e-12,2.3127241747126246e-10,2.5697135048699226e-10,8.149008397343484e-10,0.004863449681943866,0.0039923849600018
raw_atan2,"grid:n_x_noise:samples_per_fit=500,noise_std=0.005",50,0,0,0.0,0.0,0.0,,3.738541856597813e-09,3.739678618038438e-09,1.0647729188004254e-11,3.72117378256762e-09,3.7521750359424425e-09,7.118361420734567e-09,0.07424131246413172,7.315880102396477e-06
taubin,"grid:n_x_noise:samples_per_fit=500,noise_std=0.005",50,0,0,0.0,0.0,0.0,,3.618903787372614e-09,3.6207599842091463e-09,1.0815838159894918e-11,3.598932879040651e-09,3.634399836366049e-09,6.652900076521918e-09,0.07186549653892595,9.736580010212492e-05
fitzgibbon,"grid:n_x_noise:samples_per_fit=500,noise_std=0.01",50,0,0,0.0,0.0,0.0,,4.839840347165355e-10,4.816744901291707e-10,1.6302524807980472e-11,4.6053734502601075e-10,5.086135742607513e-10,1.5879151448526957e-09,0.009611129506448896,0.0001154913999926066
halir_flusser,"grid:n_x_noise:samples_per_fit=500,noise_std=0.01",50,0,0,0.0,0.0,0.0,,4.839840347165392e-10,4.816744901291879e-10,1.6302524807974352e-11,4.605373450260272e-10,5.086135742607542e-10,1.587915144852745e-09,0.009611129506448969,8.663319997140206e-05
heydemann,"grid:n_x_noise:samples_per_fit=500,noise_std=0.01",50,0,0,0.0,0.0,0.0,,4.80720756620581e-10,4.791231568596377e-10,1.6200210363158834e-11,4.560804821306035e-10,5.048752154085279e-10,1.5799806648410123e-09,0.009546326153143764,4.2531439921731364e-05
kasa,"grid:n_x_noise:samples_per_fit=500,noise_std=0.01",50,0,0,0.0,0.0,0.0,,3.637398293066666e-09,3.6361478110219933e-09,2.201069395284203e-11,3.604721417024643e-09,3.669561975888003e-09,7.155285404490795e-09,0.07223276710289692,3.033121993212262e-05
koning_wimmer_witkovsky,"grid:n_x_noise:samples_per_fit=500,noise_std=0.01",50,0,0,0.0,0.0,0.0,1.0,4.847864145735494e-10,4.817224979933695e-10,1.6105593385333654e-11,4.614987253891633e-10,5.08725928582708e-10,1.5864183288927908e-09,0.009627063455021486,0.004939605180024956
raw_atan2,"grid:n_x_noise:samples_per_fit=500,noise_std=0.01",50,0,0,0.0,0.0,0.0,,3.7560281241391045e-09,3.756583306567617e-09,2.211640582112288e-11,3.728640026563814e-09,3.796028224424317e-09,7.500460482346871e-09,0.07458856107125196,7.5929199920210524e-06
taubin,"grid:n_x_noise:samples_per_fit=500,noise_std=0.01",50,0,0,0.0,0.0,0.0,,3.6374101774524877e-09,3.636165435903968e-09,2.201108167381196e-11,3.6047328563159854e-09,3.669571430942231e-09,7.155644215824385e-09,0.07223300310731658,8.975826001915266e-05
fitzgibbon,"grid:n_x_noise:samples_per_fit=500,noise_std=0.02",50,0,0,0.0,0.0,0.0,,9.751437182446915e-10,9.753681936994355e-10,2.688345983369296e-11,9.264916612110378e-10,1.0191207961908036e-09,3.1229108246391923e-09,0.019364755634840445,0.00011798137997175218
halir_flusser,"grid:n_x_noise:samples_per_fit=500,noise_std=0.02",50,0,0,0.0,0.0,0.0,,9.751437182446924e-10,9.75368193699445e-10,2.6883459833689744e-11,9.26491661211042e-10,1.0191207961908169e-09,3.12291082463925e-09,0.01936475563484046,9.032540003317991e-05
heydemann,"grid:n_x_noise:samples_per_fit=500,noise_std=0.02",50,0,0,0.0,0.0,0.0,,9.678721612883913e-10,9.687193197375788e-10,2.6795406338791454e-11,9.176071695665822e-10,1.0121686544061794e-09,3.131175045950099e-09,0.01922035443437222,4.083706002347754e-05
kasa,"grid:n_x_noise:samples_per_fit=500,noise_std=0.02",50,0,0,0.0,0.0,0.0,,3.736397272631626e-09,3.7315231163068385e-09,3.8894339116718795e-11,3.6869620409165958e-09,3.797744479006963e-09,8.265726368094214e-09,0.07419872454230378,3.063327998461318e-05
koning_wimmer_witkovsky,"grid:n_x_noise:samples_per_fit=500,noise_std=0.02",50,0,0,0.0,0.0,0.0,1.0,9.780525262716665e-10,9.775966130404614e-10,2.637087063623412e-11,9.320750021744705e-10,1.0198876078480458e-09,3.122858369200185e-09,0.019422519793678924,0.005438518359987939
raw_atan2,"grid:n_x_noise:samples_per_fit=500,noise_std=0.02",50,0,0,0.0,0.0,0.0,,3.851924759585932e-09,3.848764487070291e-09,4.006471519823027e-11,3.800990791212328e-09,3.918803992301784e-09,8.490750785202251e-09,0.07649291104232486,7.145060026232386e-06
taubin,"grid:n_x_noise:samples_per_fit=500,noise_std=0.02",50,0,0,0.0,0.0,0.0,,3.736453254654294e-09,3.731529640389758e-09,3.888615202110565e-11,3.6870569098157707e-09,3.797856097176026e-09,8.26570139958598e-09,0.07419983625349941,9.676211999249063e-05
fitzgibbon,"grid:n_x_noise:samples_per_fit=500,noise_std=0.03",50,0,0,0.0,0.0,0.0,,1.4680787217362815e-09,1.4645457982728607e-09,4.94559310868661e-11,1.3776595775014637e-09,1.5365288922403193e-09,4.872119800342753e-09,0.029153636707321087,0.00011858887999551371
halir_flusser,"grid:n_x_noise:samples_per_fit=500,noise_std=0.03",50,0,0,0.0,0.0,0.0,,1.4680787217362838e-09,1.4645457982728605e-09,4.945593108685659e-11,1.3776595775015e-09,1.536528892240287e-09,4.872119800342735e-09,0.029153636707321136,8.738296000956324e-05
heydemann,"grid:n_x_noise:samples_per_fit=500,noise_std=0.03",50,0,0,0.0,0.0,0.0,,1.4577084498656167e-09,1.4544816449811044e-09,4.9242098975918555e-11,1.3643051987847773e-09,1.521162552659178e-09,4.836915177230845e-09,0.028947700108556174,4.3587280015344734e-05
kasa,"grid:n_x_noise:samples_per_fit=500,noise_std=0.03",50,0,0,0.0,0.0,0.0,,3.901706796750564e-09,3.9033261728891455e-09,5.414121267133483e-11,3.81000514693606e-09,3.980337132547934e-09,9.73067852739775e-09,0.07748150068984157,3.3000920102495004e-05
koning_wimmer_witkovsky,"grid:n_x_noise:samples_per_fit=500,noise_std=0.03",50,0,0,0.0,0.0,0.0,1.0,1.4807175335698323e-09,1.4760192357639998e-09,5.06108462289283e-11,1.3935276819204684e-09,1.553687240183586e-09,4.895331427562544e-09,0.02940462279080014,0.005974703980064078
raw_atan2,"grid:n_x_noise:samples_per_fit=500,noise_std=0.03",50,0,0,0.0,0.0,0.0,,4.006999546752079e-09,4.010998973053937e-09,5.625693337170091e-11,3.908355990948088e-09,4.082687746391442e-09,9.91702668741533e-09,0.07957244209237652,7.2828800693969245e-06
taubin,"grid:n_x_noise:samples_per_fit=500,noise_std=0.03",50,0,0,0.0,0.0,0.0,,3.901830648015728e-09,3.9035090010676375e-09,5.4123395848253864e-11,3.810112866043273e-09,3.980494240000023e-09,9.732006444598805e-09,0.07748396017293119,9.673519998614211e-05
fitzgibbon,"grid:n_x_noise:samples_per_fit=500,noise_std=0.04",50,0,0,0.0,0.0,0.0,,1.972536729266506e-09,1.9733533500771874e-09,6.288972597316422e-11,1.8590326210345643e-09,2.0571603743560367e-09,6.4898094531149126e-09,0.03917134574968201,0.00011639092006589636
halir_flusser,"grid:n_x_noise:samples_per_fit=500,noise_std=0.04",50,0,0,0.0,0.0,0.0,,1.9725367292664997e-09,1.973353350077146e-09,6.288972597316829e-11,1.8590326210345592e-09,2.0571603743560185e-09,6.4898094531148795e-09,0.03917134574968188,8.685340004376486e-05
heydemann,"grid:n_x_noise:samples_per_fit=500,noise_std=0.04",50,0,0,0.0,0.0,0.0,,1.9598121818470325e-09,1.964505174780179e-09,6.044596506379062e-11,1.8551213595659392e-09,2.0499548084907416e-09,6.4128667717782856e-09,0.03891865709801784,4.381737993753632e-05
kasa,"grid:n_x_noise:samples_per_fit=500,noise_std=0.04",50,0,0,0.0,0.0,0.0,,4.105031331595312e-09,4.094555137602631e-09,7.961921087430207e-11,3.9701567919642535e-09,4.234869665817961e-09,1.1196075391053458e-08,0.08151919263018811,3.09434199698444e-05
koning_wimmer_witkovsky,"grid:n_x_noise:samples_per_fit=500,noise_std=0.04",50,0,0,0.0,0.0,0.0,1.0,1.9908888193702397e-09,2.002863286824037e-09,7.121302046720767e-11,1.873550380917932e-09,2.106594844817383e-09,6.5450924841067186e-09,0.039535788173499384,0.006673452119957801
raw_atan2,"grid:n_x_noise:samples_per_fit=500,noise_std=0.04",50,0,0,0.0,0.0,0.0,,4.213227469606607e-09,4.212708007098264e-09,7.634984578230448e-11,4.081447537614651e-09,4.3236357925499565e-09,1.134778000239912e-08,0.08366779055890537,7.530380007665371e-06
taubin,"grid:n_x_noise:samples_per_fit=500,noise_std=0.04",50,0,0,0.0,0.0,0.0,,4.10528015462356e-09,4.094967716779001e-09,7.966141506412783e-11,3.970237731137473e-09,4.235381294624483e-09,1.119722048085973e-08,0.08152413384761913,9.53527599631343e-05
fitzgibbon,"grid:n_x_noise:samples_per_fit=500,noise_std=0.05",50,0,0,0.0,0.0,0.0,,2.4424166368216535e-09,2.4450030126965374e-09,9.615346159531707e-11,2.2925698358587556e-09,2.597836862907124e-09,7.996008528862914e-09,0.04850239041241717,0.00012680742003794875
halir_flusser,"grid:n_x_noise:samples_per_fit=500,noise_std=0.05",50,0,0,0.0,0.0,0.0,,2.4424166368216514e-09,2.4450030126965365e-09,9.615346159531674e-11,2.292569835858757e-09,2.5978368629071307e-09,7.99600852886294e-09,0.048502390412417135,8.849063993693562e-05
heydemann,"grid:n_x_noise:samples_per_fit=500,noise_std=0.05",50,0,0,0.0,0.0,0.0,,2.423778854534885e-09,2.4312996068825835e-09,9.43137719609672e-11,2.2876535455246087e-09,2.5814382846704656e-09,7.95951064500271e-09,0.04813227461019645,4.184280005574692e-05
kasa,"grid:n_x_noise:samples_per_fit=500,noise_std=0.05",50,0,0,0.0,0.0,0.0,,4.349173994704374e-09,4.3392716855801746e-09,9.564149550405397e-11,4.2176434379991534e-09,4.506311025606688e-09,1.2257054593064695e-08,0.08636746568234535,3.345004002767382e-05
koning_wimmer_witkovsky,"grid:n_x_noise:samples_per_fit=500,noise_std=0.05",50,0,0,0.0,0.0,0.0,1.0,2.493296821898559e-09,2.4958911896246563e-09,1.1073696695748984e-10,2.3292921814145927e-09,2.6536524911812395e-09,8.161897729038865e-09,0.04951278747721422,0.007304757500078267
raw_atan2,"grid:n_x_noise:samples_per_fit=500,noise_std=0.05",50,0,0,0.0,0.0,0.0,,4.441099214061749e-09,4.425925665319009e-09,9.620528437335611e-11,4.320190965364143e-09,4.611439044340212e-09,1.2314365534356848e-08,0.08819294984045384,7.371700012299698e-06
taubin,"grid:n_x_noise:samples_per_fit=500,noise_std=0.05",50,0,0,0.0,0.0,0.0,,4.349553747584031e-09,4.340387476471419e-09,9.568185406236671e-11,4.2178182910101565e-09,4.506367654075092e-09,1.2257999813396213e-08,0.08637500695198451,0.00010059551997983363
fitzgibbon,"grid:n_x_noise:samples_per_fit=500,noise_std=0.06",50,0,0,0.0,0.0,0.0,,2.936456507424814e-09,2.9468213584102906e-09,1.0464030063900905e-10,2.791770129850075e-09,3.104417707456289e-09,9.735368056930162e-09,0.05831321233446103,0.00012073959989720606
halir_flusser,"grid:n_x_noise:samples_per_fit=500,noise_std=0.06",50,0,0,0.0,0.0,0.0,,2.9364565074248196e-09,2.9468213584102828e-09,1.046403006390122e-10,2.791770129850034e-09,3.104417707456282e-09,9.73536805693014e-09,0.05831321233446114,9.564049998516565e-05
heydemann,"grid:n_x_noise:samples_per_fit=500,noise_std=0.06",50,0,0,0.0,0.0,0.0,,2.9164247043268887e-09,2.9169431549109004e-09,1.0366466720614771e-10,2.780420820917224e-09,3.0765856858708575e-09,9.64953198726241e-09,0.05791541356422971,4.070883996973862e-05
kasa,"grid:n_x_noise:samples_per_fit=500,noise_std=0.06",50,0,0,0.0,0.0,0.0,,4.634038342466441e-09,4.631685762598897e-09,1.1516520121512306e-10,4.475074562037007e-09,4.808624792982164e-09,1.3593460649422841e-08,0.09202440463429831,3.135937999104499e-05
koning_wimmer_witkovsky,"grid:n_x_noise:samples_per_fit=500,noise_std=0.06",50,0,0,0.0,0.0,0.0,1.0,3.0068119575840275e-09,3.0212341614708796e-09,1.2832586945756832e-10,2.8215222056985455e-09,3.2147313252503707e-09,9.902589652718705e-09,0.059710356236864257,0.00749000759993578
raw_atan2,"grid:n_x_noise:samples_per_fit=500,noise_std=0.06",50,0,0,0.0,0.0,0.0,,4.72633561690622e-09,4.733682786740787e-09,1.1225924346357191e-10,4.560220921112248e-09,4.88829056242189e-09,1.373303941595868e-08,0.0938572771964119,7.752020028419793e-06
taubin,"grid:n_x_noise:samples_per_fit=500,noise_std=0.06",50,0,0,0.0,0.0,0.0,,4.634776174948992e-09,4.6325556765887636e-09,1.1529203923906877e-10,4.475740587053149e-09,4.809108784852801e-09,1.3598234603877544e-08,0.09203905677783032,9.806737998587777e-05
fitzgibbon,"grid:n_x_noise:samples_per_fit=500,noise_std=0.08",50,0,0,0.0,0.0,0.0,,3.906109338295795e-09,3.92252010057174e-09,1.2609675524287923e-10,3.704710813293301e-09,4.103074052296719e-09,1.326551833719711e-08,0.07756892794758886,0.00011839449987746775
halir_flusser,"grid:n_x_noise:samples_per_fit=500,noise_std=0.08",50,0,0,0.0,0.0,0.0,,3.906109338295793e-09,3.922520100571758e-09,1.260967552428775e-10,3.704710813293327e-09,4.103074052296722e-09,1.3265518337197055e-08,0.07756892794758882,9.297013995819725e-05
heydemann,"grid:n_x_noise:samples_per_fit=500,noise_std=0.08",50,0,0,0.0,0.0,0.0,,3.876888064600668e-09,3.89018498646823e-09,1.1481157765731455e-10,3.6839761928559727e-09,4.077050057207371e-09,1.311269665769152e-08,0.07698864135612775,4.315095993661089e-05
kasa,"grid:n_x_noise:samples_per_fit=500,noise_std=0.08",50,0,0,0.0,0.0,0.0,,5.293911671637597e-09,5.289175918744358e-09,1.6462234687837665e-10,5.0503038227610605e-09,5.527080373975613e-09,1.6764489189717845e-08,0.10512840718312223,3.22033000884403e-05
koning_wimmer_witkovsky,"grid:n_x_noise:samples_per_fit=500,noise_std=0.08",50,0,0,0.0,0.0,0.0,1.0,4.127932285179311e-09,4.122624374586285e-09,1.8708743578486355e-10,3.861050714768211e-09,4.370798650775757e-09,1.3737950589832171e-08,0.08197396802550852,0.009100738740035013
raw_atan2,"grid:n_x_noise:samples_per_fit=500,noise_std=0.08",50,0,0,0.0,0.0,0.0,,5.373230382135465e-09,5.377679975826259e-09,1.6700287833770006e-10,5.128532984532908e-09,5.6196418415139955e-09,1.6703718578637334e-08,0.10670354674186001,7.797760026733158e-06
taubin,"grid:n_x_noise:samples_per_fit=500,noise_std=0.08",50,0,0,0.0,0.0,0.0,,5.29518846565186e-09,5.290100445931426e-09,1.6483411412475985e-10,5.051970152542975e-09,5.52813730873206e-09,1.677057779810379e-08,0.10515376221912325,9.414424001079169e-05
fitzgibbon,"grid:n_x_noise:samples_per_fit=500,noise_std=0.1",50,0,0,0.0,0.0,0.0,,4.86953964972989e-09,4.87500349070903e-09,1.428440588444223e-10,4.6748059897808336e-09,5.119569387516432e-09,1.6519888612242226e-08,0.09670107452563614,0.00012239146008141688
halir_flusser,"grid:n_x_noise:samples_per_fit=500,noise_std=0.1",50,0,0,0.0,0.0,0.0,,4.869539649729888e-09,4.875003490709035e-09,1.4284405884442702e-10,4.6748059897808336e-09,5.119569387516437e-09,1.6519888612242262e-08,0.09670107452563609,9.543644000586937e-05
heydemann,"grid:n_x_noise:samples_per_fit=500,noise_std=0.1",50,0,0,0.0,0.0,0.0,,4.831095763716214e-09,4.841322555202737e-09,1.38530350762716e-10,4.627483859427684e-09,5.058462758536732e-09,1.6352705848394354e-08,0.09593764197269047,4.244458003086038e-05
kasa,"grid:n_x_noise:samples_per_fit=500,noise_std=0.1",50,0,0,0.0,0.0,0.0,,6.0258185991194966e-09,6.014655194660465e-09,1.254217503303884e-10,5.83913699953992e-09,6.25824646029088e-09,1.9311174889994544e-08,0.11966287890555342,2.9857740046281833e-05
koning_wimmer_witkovsky,"grid:n_x_noise:samples_per_fit=500,noise_std=0.1",50,0,0,0.0,0.0,0.0,1.0,5.307053546481847e-09,5.3103455100888574e-09,2.2689985697543256e-10,4.9371148872420196e-09,5.6421879353794e-09,1.7189796314415124e-08,0.10538938327329347,0.010150742620007805
raw_atan2,"grid:n_x_noise:samples_per_fit=500,noise_std=0.1",50,0,0,0.0,0.0,0.0,,6.093526980372042e-09,6.0766062072435435e-09,1.3339168597976325e-10,5.893805715536562e-09,6.328327935607619e-09,1.9396424795550844e-08,0.12100745635896334,7.679860027565156e-06
taubin,"grid:n_x_noise:samples_per_fit=500,noise_std=0.1",50,0,0,0.0,0.0,0.0,,6.028712491478441e-09,6.019835484894451e-09,1.2554672620306295e-10,5.8397597858136664e-09,6.259596022211343e-09,1.9317713508022078e-08,0.1197203468636769,9.727176004162175e-05
fitzgibbon,"grid:n_x_noise:samples_per_fit=60,noise_std=0.0",50,0,0,0.0,0.0,0.0,,1.797914086641956e-11,1.7864529502750813e-11,2.0254593933603034e-12,1.4871348974659625e-11,2.1446335192036282e-11,4.8133259448650706e-11,0.00035703626336156593,0.00010204441998212132
halir_flusser,"grid:n_x_noise:samples_per_fit=60,noise_std=0.0",50,0,0,0.0,0.0,0.0,,1.7979140866409062e-11,1.7864529502801148e-11,2.025459393341903e-12,1.4871348974638383e-11,2.144633519195291e-11,4.8133259448650706e-11,0.0003570362633613575,7.22945199595415e-05
heydemann,"grid:n_x_noise:samples_per_fit=60,noise_std=0.0",50,0,0,0.0,0.0,0.0,,1.6735777986401342e-11,1.6704674251564764e-11,1.6049264118567048e-12,1.4102158058299082e-11,1.904277424290727e-11,4.474457844987445e-11,0.0003323451148810887,3.5918739922635726e-05
kasa,"grid:n_x_noise:samples_per_fit=60,noise_std=0.0",50,0,0,0.0,0.0,0.0,,3.6079479533607905e-09,3.607902681740176e-09,2.7061742587266173e-12,3.6033491770286626e-09,3.6126554582319935e-09,6.126145336827795e-09,0.0716479316359835,2.253953998661018e-05
koning_wimmer_witkovsky,"grid:n_x_noise:samples_per_fit=60,noise_std=0.0",50,0,0,0.0,0.0,0.0,1.0,1.796889382851321e-11,1.7860094399733354e-11,2.0124491550932296e-12,1.502158589930529e-11,2.1280137424729755e-11,4.804825781265603e-11,0.0003568327739873077,0.000162679940021917
raw_atan2,"grid:n_x_noise:samples_per_fit=60,noise_std=0.0",50,0,0,0.0,0.0,0.0,,3.728083847984523e-09,3.728102888082334e-09,2.5476634922883535e-12,3.7242098599113954e-09,3.732263727819599e-09,6.6598302653262905e-09,0.07403363355749018,3.133879927190719e-06
taubin,"grid:n_x_noise:samples_per_fit=60,noise_std=0.0",50,0,0,0.0,0.0,0.0,,3.607948108816653e-09,3.6079028217309276e-09,2.7061514325018764e-12,3.6033494447083724e-09,3.6126557525143343e-09,6.12618875993024e-09,0.07164793472308208,8.341216000189888e-05
fitzgibbon,"grid:n_x_noise:samples_per_fit=60,noise_std=0.005",50,0,0,0.0,0.0,0.0,,2.5392627078620234e-10,2.5177862513711946e-10,2.6499513809059857e-11,2.151762047031517e-10,2.9946385693265593e-10,6.636191696878024e-10,0.005042559461791314,0.0001091792599800101
halir_flusser,"grid:n_x_noise:samples_per_fit=60,noise_std=0.005",50,0,0,0.0,0.0,0.0,,2.539262707861997e-10,2.517786251370953e-10,2.649951380904313e-11,2.1517620470316624e-10,2.994638569326073e-10,6.636191696877893e-10,0.005042559461791261,7.305100001758546e-05
heydemann,"grid:n_x_noise:samples_per_fit=60,noise_std=0.005",50,0,0,0.0,0.0,0.0,,2.389118891186467e-10,2.383290344952397e-10,2.179682551181498e-11,2.0700967068606548e-10,2.755406633805612e-10,6.324950384246018e-10,0.004744398455817951,3.5007839996978874e-05
kasa,"grid:n_x_noise:samples_per_fit=60,noise_std=0.005",50,0,0,0.0,0.0,0.0,,3.614022423902105e-09,3.6146782889868864e-09,3.214515285618072e-11,3.562391001458616e-09,3.6660014390578845e-09,6.385654976676869e-09,0.0717685606627031,2.1450939930218737e-05
koning_wimmer_witkovsky,"grid:n_x_noise:samples_per_fit=60,noise_std=0.005",50,0,0,0.0,0.0,0.0,1.0,2.537442838917322e-10,2.5296305576702327e-10,2.602684415853638e-11,2.1536860990954918e-10,2.971895182792147e-10,6.628360097562343e-10,0.005038945500408778,0.00019433338000453658
raw_atan2,"grid:n_x_noise:samples_per_fit=60,noise_std=0.005",50,0,0,0.0,0.0,0.0,,3.731714967754132e-09,3.732838881950862e-09,3.186103342452803e-11,3.6822079209331293e-09,3.782062934600771e-09,6.766502956283077e-09,0.07410574164340994,3.390559959370876e-06
taubin,"grid:n_x_noise:samples_per_fit=60,noise_std=0.005",50,0,0,0.0,0.0,0.0,,3.614045681387001e-09,3.614702060817668e-09,3.214260685517699e-11,3.5624082067918362e-09,3.6660129526315704e-09,6.3860506194461225e-09,0.0717690225182258,8.80136600244441e-05
fitzgibbon,"grid:n_x_noise:samples_per_fit=60,noise_std=0.01",50,0,0,0.0,0.0,0.0,,5.054576068837922e-10,5.042461745378714e-10,4.933644777820812e-11,4.200972663036367e-10,5.894430492862862e-10,1.3413961368409889e-09,0.010037559446821737,0.00010407753996332758
halir_flusser,"grid:n_x_noise:samples_per_fit=60,noise_std=0.01",50,0,0,0.0,0.0,0.0,,5.05457606883786e-10,5.042461745376499e-10,4.933644777821043e-11,4.200972663036342e-10,5.894430492861741e-10,1.3413961368409589e-09,0.010037559446821616,7.291185993381077e-05
heydemann,"grid:n_x_noise:samples_per_fit=60,noise_std=0.01",50,0,0,0.0,0.0,0.0,,4.723830758662701e-10,4.721313324187086e-10,4.488969801207351e-11,4.0391086919225607e-10,5.534894893935668e-10,1.2635656999750004e-09,0.00938075348180546,3.458249995674123e-05
kasa,"grid:n_x_noise:samples_per_fit=60,noise_std=0.01",50,0,0,0.0,0.0,0.0,,3.631293871398166e-09,3.6386977195056657e-09,6.205250162117279e-11,3.543397419227556e-09,3.721456978583336e-09,6.7697451434265704e-09,0.072111543295892,2.840554003341822e-05
koning_wimmer_witkovsky,"grid:n_x_noise:samples_per_fit=60,noise_std=0.01",50,0,0,0.0,0.0,0.0,1.0,5.056848587202296e-10,5.008929950465919e-10,5.046820469267309e-11,4.190878037303058e-10,5.874962000955443e-10,1.3431672545693537e-09,0.010042072295746307,0.00019760287994358806
raw_atan2,"grid:n_x_noise:samples_per_fit=60,noise_std=0.01",50,0,0,0.0,0.0,0.0,,3.746046224591467e-09,3.751327713563725e-09,6.613714503512855e-11,3.6677685538673374e-09,3.829477362191077e-09,7.116397446242767e-09,0.07439033691014116,3.28191996231908e-06
taubin,"grid:n_x_noise:samples_per_fit=60,noise_std=0.01",50,0,0,0.0,0.0,0.0,,3.631396644331564e-09,3.638719802119318e-09,6.205186634615532e-11,3.5434918609749756e-09,3.7215292893829183e-09,6.771280453665704e-09,0.07211358419786769,8.477181998387096e-05
fitzgibbon,"grid:n_x_noise:samples_per_fit=60,noise_std=0.02",50,0,0,0.0,0.0,0.0,,9.92179056651467e-10,9.87412348502306e-10,7.770072861575727e-11,8.613868509257869e-10,1.1046189295839447e-09,2.515415218955819e-09,0.01970304952858344,0.00010568212001089705
halir_flusser,"grid:n_x_noise:samples_per_fit=60,noise_std=0.02",50,0,0,0.0,0.0,0.0,,9.921790566514585e-10,9.874123485023075e-10,7.770072861577603e-11,8.613868509257043e-10,1.1046189295839195e-09,2.515415218955912e-09,0.019703049528583264,7.517891999668791e-05
heydemann,"grid:n_x_noise:samples_per_fit=60,noise_std=0.02",50,0,0,0.0,0.0,0.0,,9.401104661869426e-10,9.505011973043581e-10,7.108600778820073e-11,8.077015034951112e-10,1.0518867708257236e-09,2.406035486487009e-09,0.018669052681009952,3.568078001990216e-05
kasa,"grid:n_x_noise:samples_per_fit=60,noise_std=0.02",50,0,0,0.0,0.0,0.0,,3.733487290874144e-09,3.729891871023802e-09,1.1710646151103882e-10,3.5484844949486598e-09,3.889187846546932e-09,7.600554870875996e-09,0.07414093707510157,2.1598180101136677e-05
koning_wimmer_witkovsky,"grid:n_x_noise:samples_per_fit=60,noise_std=0.02",50,0,0,0.0,0.0,0.0,1.0,9.948468373069238e-10,9.92219132902805e-10,8.047574338517419e-11,8.610996457884924e-10,1.1171403710043188e-09,2.5286850845974387e-09,0.019756027278953675,0.00021654444000887452
raw_atan2,"grid:n_x_noise:samples_per_fit=60,noise_std=0.02",50,0,0,0.0,0.0,0.0,,3.8417581895893915e-09,3.832064873761106e-09,1.2243304690134878e-10,3.6445849038513874e-09,4.03585847145687e-09,7.749484617803203e-09,0.0762910196288398,3.984259947173996e-06
taubin,"grid:n_x_noise:samples_per_fit=60,noise_std=0.02",50,0,0,0.0,0.0,0.0,,3.733956022127434e-09,3.7301726375938804e-09,1.1722763555354198e-10,3.54856025286068e-09,3.8901902502974656e-09,7.60502206156413e-09,0.07415024530937368,8.377780000955682e-05
fitzgibbon,"grid:n_x_noise:samples_per_fit=60,noise_std=0.03",50,0,0,0.0,0.0,0.0,,1.5307008537913509e-09,1.538281356009588e-09,1.4435283658434345e-10,1.242161571293981e-09,1.7588908128966746e-09,3.885872236607891e-09,0.030397209589851655,0.00010856916000193451
halir_flusser,"grid:n_x_noise:samples_per_fit=60,noise_std=0.03",50,0,0,0.0,0.0,0.0,,1.5307008537913314e-09,1.5382813560095294e-09,1.4435283658434523e-10,1.2421615712939652e-09,1.7588908128966994e-09,3.885872236607869e-09,0.03039720958985127,7.441886000378873e-05
heydemann,"grid:n_x_noise:samples_per_fit=60,noise_std=0.03",50,0,0,0.0,0.0,0.0,,1.4424387064059464e-09,1.4304814949225258e-09,1.4142862743471879e-10,1.1947001647079701e-09,1.662288595191834e-09,3.6924011895972854e-09,0.02864446803602077,4.0239899972220884e-05
kasa,"grid:n_x_noise:samples_per_fit=60,noise_std=0.03",50,0,0,0.0,0.0,0.0,,3.900836914888541e-09,3.90692004165892e-09,2.094934587342588e-10,3.5181720165650613e-09,4.218401127546491e-09,8.512915326248538e-09,0.07746422626210944,2.484029992046999e-05
koning_wimmer_witkovsky,"grid:n_x_noise:samples_per_fit=60,noise_std=0.03",50,0,0,0.0,0.0,0.0,1.0,1.547354629025086e-09,1.5373847789143376e-09,1.6029524886149465e-10,1.2495049274731666e-09,1.8032764444893855e-09,3.910006298725338e-09,0.030727926264496656,0.0002465074198698858
raw_atan2,"grid:n_x_noise:samples_per_fit=60,noise_std=0.03",50,0,0,0.0,0.0,0.0,,4.002145330918289e-09,3.9895389582843635e-09,2.1172705826748154e-10,3.671526320421215e-09,4.351059899597185e-09,8.65209900480226e-09,0.0794760453237142,3.33776006300468e-06
taubin,"grid:n_x_noise:samples_per_fit=60,noise_std=0.03",50,0,0,0.0,0.0,0.0,,3.901645530216471e-09,3.907754606121763e-09,2.0958001782636526e-10,3.5182983266643945e-09,4.2191208521683755e-09,8.517639103164472e-09,0.07748028403691226,9.253791999071837e-05
fitzgibbon,"grid:n_x_noise:samples_per_fit=60,noise_std=0.04",50,0,0,0.0,0.0,0.0,,2.015824591870344e-09,2.011327006635747e-09,2.0252161615008848e-10,1.7220358271901622e-09,2.3200964247143377e-09,5.1221257938206695e-09,0.04003097173669731,0.00011273511994659202
halir_flusser,"grid:n_x_noise:samples_per_fit=60,noise_std=0.04",50,0,0,0.0,0.0,0.0,,2.0158245918703564e-09,2.0113270066357262e-09,2.0252161615009667e-10,1.7220358271901564e-09,2.3200964247144212e-09,5.12212579382065e-09,0.04003097173669756,8.048676003454603e-05
heydemann,"grid:n_x_noise:samples_per_fit=60,noise_std=0.04",50,0,0,0.0,0.0,0.0,,1.9178657035002205e-09,1.936613424819069e-09,1.732787914823465e-10,1.6217914298551131e-09,2.155814779452629e-09,5.010143262291768e-09,0.03808566880333827,3.460932006419171e-05
kasa,"grid:n_x_noise:samples_per_fit=60,noise_std=0.04",50,0,0,0.0,0.0,0.0,,4.035554851031025e-09,4.0433998019991825e-09,1.9952329960988063e-10,3.6977107943577306e-09,4.36745166170793e-09,9.551503624347098e-09,0.08013950362299445,2.2549480090674477e-05
koning_wimmer_witkovsky,"grid:n_x_noise:samples_per_fit=60,noise_std=0.04",50,0,0,0.0,0.0,0.0,1.0,2.0444011612818126e-09,2.0231971352254112e-09,2.24137766201115e-10,1.7443902880535558e-09,2.4323908231505585e-09,5.207232625738643e-09,0.040598455557986,0.00026068400005897275
raw_atan2,"grid:n_x_noise:samples_per_fit=60,noise_std=0.04",50,0,0,0.0,0.0,0.0,,4.129579607029905e-09,4.143973493273169e-09,2.0737152107341409e-10,3.748767235231349e-09,4.462583414866228e-09,9.571704432334078e-09,0.08200668113691133,3.449599935265724e-06
taubin,"grid:n_x_noise:samples_per_fit=60,noise_std=0.04",50,0,0,0.0,0.0,0.0,,4.0372606138739815e-09,4.045027609833273e-09,1.995950518192038e-10,3.6988771412796104e-09,4.371167729187064e-09,9.559579349903096e-09,0.08017337727669986,8.00783199883881e-05
fitzgibbon,"grid:n_x_noise:samples_per_fit=60,noise_std=0.05",50,0,0,0.0,0.0,0.0,,2.550775721420857e-09,2.5469918922999116e-09,2.9336738669135566e-10,2.055941232177816e-09,3.0011581335132012e-09,6.552711826720831e-09,0.05065422419324253,0.00010753850003311527
halir_flusser,"grid:n_x_noise:samples_per_fit=60,noise_std=0.05",50,0,0,0.0,0.0,0.0,,2.5507757214208487e-09,2.546991892299897e-09,2.933673866913401e-10,2.0559412321778393e-09,3.001158133513191e-09,6.552711826720846e-09,0.05065422419324237,8.134909990985762e-05
heydemann,"grid:n_x_noise:samples_per_fit=60,noise_std=0.05",50,0,0,0.0,0.0,0.0,,2.410752105420562e-09,2.4306665433778133e-09,2.513111123655561e-10,1.9444166603397642e-09,2.816905653140081e-09,6.277904208287751e-09,0.04787358472828928,3.53478200668178e-05
kasa,"grid:n_x_noise:samples_per_fit=60,noise_std=0.05",50,0,0,0.0,0.0,0.0,,4.339656784176072e-09,4.3626573551744315e-09,2.922978659596914e-10,3.791958890188272e-09,4.787990206992736e-09,1.0250179998997843e-08,0.08617846948336698,2.4456999999529215e-05
koning_wimmer_witkovsky,"grid:n_x_noise:samples_per_fit=60,noise_std=0.05",50,0,0,0.0,0.0,0.0,1.0,2.5699508639334675e-09,2.606223339372736e-09,2.71531296965345e-10,2.063705122036622e-09,2.971130208415322e-09,6.610479266764646e-09,0.05103501108862277,0.000259265940021578
raw_atan2,"grid:n_x_noise:samples_per_fit=60,noise_std=0.05",50,0,0,0.0,0.0,0.0,,4.4230891458211295e-09,4.4320883760014155e-09,3.053286011127742e-10,3.8868955651452305e-09,4.929325738326189e-09,1.0389742467405176e-08,0.08783529941014172,3.3629799872869627e-06
taubin,"grid:n_x_noise:samples_per_fit=60,noise_std=0.05",50,0,0,0.0,0.0,0.0,,4.3434608697991115e-09,4.363592305327729e-09,2.931435061261279e-10,3.792235528574272e-09,4.789892262827706e-09,1.0256914778783394e-08,0.08625401238758296,8.330643997396692e-05
fitzgibbon,"grid:n_x_noise:samples_per_fit=60,noise_std=0.06",50,0,0,0.0,0.0,0.0,,2.9799238063801464e-09,2.9950210426766373e-09,2.8902647714471735e-10,2.484698201920601e-09,3.396660210489109e-09,7.588398271795111e-09,0.05917640163325663,0.00010367326000050525
halir_flusser,"grid:n_x_noise:samples_per_fit=60,noise_std=0.06",50,0,0,0.0,0.0,0.0,,2.979923806380157e-09,2.995021042676689e-09,2.890264771447683e-10,2.484698201920644e-09,3.3966602104890706e-09,7.588398271795159e-09,0.05917640163325684,8.075173995166552e-05
heydemann,"grid:n_x_noise:samples_per_fit=60,noise_std=0.06",50,0,0,0.0,0.0,0.0,,2.828341268729704e-09,2.8362425475039644e-09,2.384701302030838e-10,2.395229055665177e-09,3.1651118703640636e-09,7.234854924478657e-09,0.05616622093354029,3.434709999055485e-05
kasa,"grid:n_x_noise:samples_per_fit=60,noise_std=0.06",50,0,0,0.0,0.0,0.0,,4.586843745287889e-09,4.62292813995756e-09,2.891910997522671e-10,4.100034402028111e-09,5.0226772271719205e-09,1.0928591772737365e-08,0.09108719730316515,2.6601340032357257e-05
koning_wimmer_witkovsky,"grid:n_x_noise:samples_per_fit=60,noise_std=0.06",50,0,0,0.0,0.0,0.0,1.0,3.0786072154043756e-09,3.054989367778064e-09,3.0939535174943825e-10,2.655473365841594e-09,3.5815643601863135e-09,7.82736185321808e-09,0.06113609235905761,0.00029200890010542933
raw_atan2,"grid:n_x_noise:samples_per_fit=60,noise_std=0.06",50,0,0,0.0,0.0,0.0,,4.66550373492278e-09,4.6822709395740564e-09,2.959127996444184e-10,4.157756691431679e-09,5.113847016692391e-09,1.1172458382348895e-08,0.09264925574544339,3.327739977976307e-06
taubin,"grid:n_x_noise:samples_per_fit=60,noise_std=0.06",50,0,0,0.0,0.0,0.0,,4.591273290221498e-09,4.627840906452541e-09,2.893378385434644e-10,4.1026795721382094e-09,5.032933939037769e-09,1.0942322085960422e-08,0.09117516080393742,8.086276002359228e-05
fitzgibbon,"grid:n_x_noise:samples_per_fit=60,noise_std=0.08",50,0,0,0.0,0.0,0.0,,4.069084150960034e-09,4.058638793855647e-09,4.074649866332947e-10,3.447924819932927e-09,4.8086790779216384e-09,1.0808993563424011e-08,0.08080534055306389,0.00010347094003009261
halir_flusser,"grid:n_x_noise:samples_per_fit=60,noise_std=0.08",50,0,0,0.0,0.0,0.0,,4.0690841509600625e-09,4.0586387938558025e-09,4.0746498663329033e-10,3.4479248199329378e-09,4.80867907792172e-09,1.0808993563424058e-08,0.0808053405530644,7.797529997333186e-05
heydemann,"grid:n_x_noise:samples_per_fit=60,noise_std=0.08",50,0,0,0.0,0.0,0.0,,3.836704483805656e-09,3.805082125120752e-09,3.584712313637227e-10,3.3732282606887177e-09,4.373799389429467e-09,1.017196621881585e-08,0.07619066131680702,3.43427400184737e-05
kasa,"grid:n_x_noise:samples_per_fit=60,noise_std=0.08",50,0,0,0.0,0.0,0.0,,5.291895378809326e-09,5.339150794776132e-09,4.2178471411197604e-10,4.543040614610394e-09,6.02901468342295e-09,1.3594575358721594e-08,0.10508836691297824,2.57399000111036e-05
koning_wimmer_witkovsky,"grid:n_x_noise:samples_per_fit=60,noise_std=0.08",50,0,0,0.0,0.0,0.0,1.0,4.272731939840289e-09,4.3270297537535455e-09,4.5214078146616695e-10,3.560706193523155e-09,4.980253109391959e-09,1.1136429284283589e-08,0.08484945178862652,0.0003159499399589549
raw_atan2,"grid:n_x_noise:samples_per_fit=60,noise_std=0.08",50,0,0,0.0,0.0,0.0,,5.295383215816248e-09,5.261444745173097e-09,4.2363218635779974e-10,4.611118180995059e-09,6.023981097686112e-09,1.3577937032989752e-08,0.10515762963812275,4.330360061430838e-06
taubin,"grid:n_x_noise:samples_per_fit=60,noise_std=0.08",50,0,0,0.0,0.0,0.0,,5.306955054866066e-09,5.344161395406499e-09,4.250485931225214e-10,4.5488978617473945e-09,6.037804051462582e-09,1.3626151624979982e-08,0.1053874273912671,8.37632000548183e-05
fitzgibbon,"grid:n_x_noise:samples_per_fit=60,noise_std=0.1",50,0,0,0.0,0.0,0.0,,5.0262271173610746e-09,5.019778398898134e-09,5.423607973506326e-10,4.169222545116303e-09,5.91136135887077e-09,1.3291437542587156e-08,0.09981263076596307,0.0001028590999521839
halir_flusser,"grid:n_x_noise:samples_per_fit=60,noise_std=0.1",50,0,0,0.0,0.0,0.0,,5.026227117361082e-09,5.019778398898181e-09,5.423607973506336e-10,4.1692225451162965e-09,5.9113613588707736e-09,1.329143754258717e-08,0.09981263076596321,7.58008600678295e-05
heydemann,"grid:n_x_noise:samples_per_fit=60,noise_std=0.1",50,0,0,0.0,0.0,0.0,,4.803574768714769e-09,4.717110056337674e-09,4.942912958369467e-10,4.052543684760371e-09,5.7239047609969575e-09,1.2787423615269334e-08,0.09539112012872067,3.7134859976504234e-05
kasa,"grid:n_x_noise:samples_per_fit=60,noise_std=0.1",50,0,0,0.0,0.0,0.0,,6.0815226186921985e-09,6.060847996259702e-09,5.334937766966422e-10,5.377449825325555e-09,7.197847160005205e-09,1.567457856114445e-08,0.12076906941544613,2.139332000297145e-05
koning_wimmer_witkovsky,"grid:n_x_noise:samples_per_fit=60,noise_std=0.1",50,0,0,0.0,0.0,0.0,1.0,5.4206472545632215e-09,5.325883876632386e-09,7.471929310747988e-10,4.524304517219365e-09,6.439233824015725e-09,1.4043364227727527e-08,0.10764516809505373,0.00036055848002433774
raw_atan2,"grid:n_x_noise:samples_per_fit=60,noise_std=0.1",50,0,0,0.0,0.0,0.0,,6.146075437895908e-09,6.0885488613091505e-09,5.197193127660017e-10,5.440950914068151e-09,7.3157277547836194e-09,1.590222555756364e-08,0.12205098257966152,3.4227601281600073e-06
taubin,"grid:n_x_noise:samples_per_fit=60,noise_std=0.1",50,0,0,0.0,0.0,0.0,,6.104441787528573e-09,6.0671617842078906e-09,5.384784418982207e-10,5.3960301326118435e-09,7.228611431658969e-09,1.571285739694604e-08,0.12122420653581738,8.755899994866923e-05
